coef1_index,coef3_index,coef1,coef3,index,input_i,output_i,output_q,gain_linear,compression_db,saturated
0,0,0.4,-0.7,0,0,0,0,0.0,0.0,0
0,0,0.4,-0.7,1,236,94,0,0.3983050847457627,0.0,0
0,0,0.4,-0.7,2,472,189,0,0.4004237288135593,0.0,0
0,0,0.4,-0.7,3,709,283,0,0.3991537376586742,0.0,0
0,0,0.4,-0.7,4,945,377,0,0.39894179894179893,0.0,0
0,0,0.4,-0.7,5,1181,471,0,0.3988145639288738,0.0,0
0,0,0.4,-0.7,6,1417,565,0,0.3987297106563162,-0.0018482388680641309,0
0,0,0.4,-0.7,7,1654,659,0,0.3984280532043531,-0.008422002757986961,0
0,0,0.4,-0.7,8,1890,752,0,0.3978835978835979,-0.020299461939665215,0
0,0,0.4,-0.7,9,2126,844,0,0.3969896519285042,-0.039836461540085744,0
0,0,0.4,-0.7,10,2362,936,0,0.39627434377646065,-0.055501081095441815,0
0,0,0.4,-0.7,11,2598,1028,0,0.39568899153194764,-0.06834083186267058,0
0,0,0.4,-0.7,12,2835,1119,0,0.39470899470899473,-0.08987972431913376,0
0,0,0.4,-0.7,13,3071,1210,0,0.39400846629762293,-0.10530911284000352,0
0,0,0.4,-0.7,14,3307,1299,0,0.39280314484426976,-0.13192106712112558,0
0,0,0.4,-0.7,15,3543,1388,0,0.3917583968388371,-0.15505391459445067,0
0,0,0.4,-0.7,16,3780,1477,0,0.3907407407407407,-0.1776462808131443,0
0,0,0.4,-0.7,17,4016,1564,0,0.3894422310756972,-0.20655929857030228,0
0,0,0.4,-0.7,18,4252,1651,0,0.3882878645343368,-0.2323438420769371,0
0,0,0.4,-0.7,19,4488,1736,0,0.3868092691622103,-0.26548273846026593,0
0,0,0.4,-0.7,20,4724,1821,0,0.3854784081287045,-0.2954190532387704,0
0,0,0.4,-0.7,21,4961,1905,0,0.38399516226567226,-0.32890513079857653,0
0,0,0.4,-0.7,22,5197,1987,0,0.382335963055609,-0.3665171845685136,0
0,0,0.4,-0.7,23,5433,2069,0,0.3808209092582367,-0.4010044776673526,0
0,0,0.4,-0.7,24,5669,2149,0,0.3790792026812489,-0.44082102029816156,0
0,0,0.4,-0.7,25,5906,2228,0,0.3772434812055537,-0.48298531285499435,0
0,0,0.4,-0.7,26,6142,2306,0,0.37544773689352,-0.5244303732750252,0
0,0,0.4,-0.7,27,6378,2382,0,0.37347130761994357,-0.5702753455112604,0
0,0,0.4,-0.7,28,6614,2457,0,0.3714847293619595,-0.6166008722596897,0
0,0,0.4,-0.7,29,6850,2530,0,0.36934306569343067,-0.6668211966397802,0
0,0,0.4,-0.7,30,7087,2603,0,0.3672922252010724,-0.7151854833532432,0
0,0,0.4,-0.7,31,7323,2673,0,0.3650143383859074,-0.7692216979139032,0
0,0,0.4,-0.7,32,7559,2742,0,0.3627463950257971,-0.8233580880671282,0
0,0,0.4,-0.7,33,7795,2809,0,0.3603592046183451,-0.8807077967732755,0
0,0,0.4,-0.7,34,8031,2875,0,0.3579877972855186,-0.9380557279265431,0
0,0,0.4,-0.7,35,8268,2939,0,0.3554668601838413,-0.9994378279603886,0
0,0,0.4,-0.7,36,8504,3001,0,0.352892756349953,-1.0625653121153813,0
0,0,0.4,-0.7,37,8740,3061,0,0.35022883295194507,-1.1283822510489954,0
0,0,0.4,-0.7,38,8976,3119,0,0.34748217468805703,-1.1967695734064756,0
0,0,0.4,-0.7,39,9213,3175,0,0.34462173016389885,-1.2685670210023645,0
0,0,0.4,-0.7,40,9449,3230,0,0.3418351148269658,-1.3390867234749158,0
0,0,0.4,-0.7,41,9685,3282,0,0.33887454827052144,-1.4146411570687305,0
0,0,0.4,-0.7,42,9921,3332,0,0.3358532406007459,-1.4924293282799328,0
0,0,0.4,-0.7,43,10157,3380,0,0.3327754258147091,-1.572395233794386,0
0,0,0.4,-0.7,44,10394,3425,0,0.3295170290552242,-1.657862923475553,0
0,0,0.4,-0.7,45,10630,3469,0,0.32634054562558795,-1.7419994839323658,0
0,0,0.4,-0.7,46,10866,3510,0,0.32302595251242405,-1.8306718749451867,0
0,0,0.4,-0.7,47,11102,3549,0,0.319672131147541,-1.9213246632726075,0
0,0,0.4,-0.7,48,11339,3585,0,0.3161654466884205,-2.017132096127707,0
0,0,0.4,-0.7,49,11575,3619,0,0.3126565874730022,-2.1140685219434543,0
0,0,0.4,-0.7,50,11811,3650,0,0.30903395140123613,-2.215296291375973,0
0,0,0.4,-0.7,51,12047,3679,0,0.3053872333361003,-2.318402640521428,0
0,0,0.4,-0.7,52,12283,3705,0,0.30163640804363756,-2.425744980958101,0
0,0,0.4,-0.7,53,12520,3729,0,0.2978434504792332,-2.535659100569702,0
0,0,0.4,-0.7,54,12756,3749,0,0.29390090937597996,-2.651401593295044,0
0,0,0.4,-0.7,55,12992,3767,0,0.2899476600985222,-2.7690280241842755,0
0,0,0.4,-0.7,56,13228,3782,0,0.28590867856062896,-2.8908734249605135,0
0,0,0.4,-0.7,57,13465,3794,0,0.281767545488303,-3.0176008142053363,0
0,0,0.4,-0.7,58,13701,3804,0,0.2776439675936063,-3.145655351533361,0
0,0,0.4,-0.7,59,13937,3810,0,0.27337303580397504,-3.2803066776285688,0
0,0,0.4,-0.7,60,14173,3813,0,0.26903266774853596,-3.419319827320839,0
0,0,0.4,-0.7,61,14409,3813,0,0.2646262752446388,-3.5627609120067074,0
0,0,0.4,-0.7,62,14646,3810,0,0.2601392871773863,-3.7113012728118857,0
0,0,0.4,-0.7,63,14882,3804,0,0.25561080499932803,-3.8638360290307965,0
0,0,0.4,-0.7,64,15118,3795,0,0.2510252678925784,-4.021071405786646,0
0,0,0.4,-0.7,65,15354,3782,0,0.24632017715253354,-4.185420425543791,0
0,0,0.4,-0.7,66,15591,3766,0,0.24154961195561542,-4.355293307545146,0
0,0,0.4,-0.7,67,15827,3746,0,0.23668414734314777,-4.532036776715588,0
0,0,0.4,-0.7,68,16063,3723,0,0.2317748863848596,-4.714092653126615,0
0,0,0.4,-0.7,69,16299,3697,0,0.226823731517271,-4.9016503739131565,0
0,0,0.4,-0.7,70,16535,3667,0,0.2217719987904445,-5.0972859760900056,0
0,0,0.4,-0.7,71,16772,3633,0,0.2166110183639399,-5.301809307683945,0
0,0,0.4,-0.7,72,17008,3596,0,0.2114299153339605,-5.512091472668236,0
0,0,0.4,-0.7,73,17244,3555,0,0.20615866388308976,-5.7313883726289365,0
0,0,0.4,-0.7,74,17480,3510,0,0.20080091533180777,-5.960106426958831,0
0,0,0.4,-0.7,75,17717,3461,0,0.19534909973471806,-6.199191907875294,0
0,0,0.4,-0.7,76,17953,3409,0,0.18988469893611096,-6.445620783439164,0
0,0,0.4,-0.7,77,18189,3353,0,0.1843421848369894,-6.702925580823803,0
0,0,0.4,-0.7,78,18425,3292,0,0.17867028493894166,-6.974373590124764,0
0,0,0.4,-0.7,79,18661,3228,0,0.17298108354321848,-7.255447926804134,0
0,0,0.4,-0.7,80,18898,3159,0,0.1671605460895333,-7.552744565273618,0
0,0,0.4,-0.7,81,19134,3087,0,0.16133584195672623,-7.860802993197776,0
0,0,0.4,-0.7,82,19370,3010,0,0.15539494062983997,-8.186682692812976,0
0,0,0.4,-0.7,83,19606,2929,0,0.14939304294603692,-8.528812722714283,0
0,0,0.4,-0.7,84,19843,2844,0,0.14332510205110113,-8.888974996797849,0
0,0,0.4,-0.7,85,20079,2754,0,0.13715822501120573,-9.270983066352782,0
0,0,0.4,-0.7,86,20315,2660,0,0.1309377307408319,-9.674123990934895,0
0,0,0.4,-0.7,87,20551,2562,0,0.12466546640066177,-10.10049686712102,0
0,0,0.4,-0.7,88,20787,2459,0,0.11829508827632655,-10.556085936594714,0
0,0,0.4,-0.7,89,21024,2351,0,0.11182458143074582,-11.044674565402575,0
0,0,0.4,-0.7,90,21260,2240,0,0.10536218250235184,-11.56172502736993,0
0,0,0.4,-0.7,91,21496,2123,0,0.0987625604763677,-12.123573375489894,0
0,0,0.4,-0.7,92,21732,2002,0,0.0921222160868765,-12.728132654675296,0
0,0,0.4,-0.7,93,21969,1875,0,0.08534753516318448,-13.391600526163144,0
0,0,0.4,-0.7,94,22205,1744,0,0.07854086917360954,-14.113506128570554,0
0,0,0.4,-0.7,95,22441,1609,0,0.07169912214250702,-14.905143423115925,0
0,0,0.4,-0.7,96,22677,1468,0,0.06473519424968029,-15.79261107992922,0
0,0,0.4,-0.7,97,22913,1323,0,0.05774014751451141,-16.785862408677026,0
0,0,0.4,-0.7,98,23150,1172,0,0.05062634989200864,-17.927887863745628,0
0,0,0.4,-0.7,99,23386,1016,0,0.043444796031813906,-19.25666493825968,0
0,0,0.4,-0.7,100,23622,856,0,0.03623740580814495,-20.832278200242026,0
0,0,0.4,-0.7,101,23858,690,0,0.028921116606588984,-22.79111906051436,0
0,0,0.4,-0.7,102,24094,519,0,0.02154063252261974,-25.350251153454437,0
0,0,0.4,-0.7,103,24331,342,0,0.014056142369816284,-29.058097243738054,0
0,0,0.4,-0.7,104,24567,161,0,0.006553506736679285,-35.6859451863351,0
0,0,0.4,-0.7,105,24803,-27,0,-0.0010885779945974277,0.0,0
0,0,0.4,-0.7,106,25039,-219,0,-0.008746355685131196,0.0,0
0,0,0.4,-0.7,107,25276,-418,0,-0.016537426808039248,0.0,0
0,0,0.4,-0.7,108,25512,-621,0,-0.0243414863593603,0.0,0
0,0,0.4,-0.7,109,25748,-830,0,-0.03223551343793693,0.0,0
0,0,0.4,-0.7,110,25984,-1044,0,-0.04017857142857143,0.0,0
0,0,0.4,-0.7,111,26220,-1264,0,-0.04820747520976354,0.0,0
0,0,0.4,-0.7,112,26457,-1491,0,-0.05635559587254791,0.0,0
0,0,0.4,-0.7,113,26693,-1723,0,-0.06454875810137489,0.0,0
0,0,0.4,-0.7,114,26929,-1960,0,-0.072783987522745,0.0,0
0,0,0.4,-0.7,115,27165,-2203,0,-0.08109699981593962,0.0,0
0,0,0.4,-0.7,116,27402,-2454,0,-0.08955550689730676,0.0,0
0,0,0.4,-0.7,117,27638,-2709,0,-0.0980172226644475,0.0,0
0,0,0.4,-0.7,118,27874,-2970,0,-0.10655090765588003,0.0,0
0,0,0.4,-0.7,119,28110,-3237,0,-0.11515474919957311,0.0,0
0,0,0.4,-0.7,120,28346,-3511,0,-0.12386227333662597,0.0,0
0,0,0.4,-0.7,121,28583,-3791,0,-0.13263128432984642,0.0,0
0,0,0.4,-0.7,122,28819,-4077,0,-0.14146916964502584,0.0,0
0,0,0.4,-0.7,123,29055,-4369,0,-0.15036998795388057,0.0,0
0,0,0.4,-0.7,124,29291,-4668,0,-0.15936635826704448,0.0,0
0,0,0.4,-0.7,125,29528,-4974,0,-0.16845028447575183,0.0,0
0,0,0.4,-0.7,126,29764,-5285,0,-0.1775634995296331,0.0,0
0,0,0.4,-0.7,127,30000,-5603,0,-0.18676666666666666,0.0,0
0,1,0.4,-0.35,0,0,0,0,0.0,0.0,0
0,1,0.4,-0.35,1,236,94,0,0.3983050847457627,0.0,0
0,1,0.4,-0.35,2,472,189,0,0.4004237288135593,0.0,0
0,1,0.4,-0.35,3,709,283,0,0.3991537376586742,0.0,0
0,1,0.4,-0.35,4,945,378,0,0.4,0.0,0
0,1,0.4,-0.35,5,1181,472,0,0.39966130397967825,0.0,0
0,1,0.4,-0.35,6,1417,566,0,0.39943542695836276,-0.004910401595238411,0
0,1,0.4,-0.35,7,1654,660,0,0.39903264812575573,-0.013673413904643876,0
0,1,0.4,-0.35,8,1890,754,0,0.39894179894179893,-0.015651186480861563,0
0,1,0.4,-0.35,9,2126,847,0,0.39840075258701785,-0.027439017542880792,0
0,1,0.4,-0.35,10,2362,940,0,0.39796782387806945,-0.036882813967406135,0
0,1,0.4,-0.35,11,2598,1033,0,0.3976135488837567,-0.044618524759230525,0
0,1,0.4,-0.35,12,2835,1127,0,0.39753086419753086,-0.04642496406783708,0
0,1,0.4,-0.35,13,3071,1219,0,0.39693910778248126,-0.059364236905199264,0
0,1,0.4,-0.35,14,3307,1311,0,0.3964318113093438,-0.0704720848838314,0
0,1,0.4,-0.35,15,3543,1403,0,0.39599209709285915,-0.08011164650780611,0
0,1,0.4,-0.35,16,3780,1494,0,0.3952380952380952,-0.09666606756836761,0
0,1,0.4,-0.35,17,4016,1585,0,0.39467131474103584,-0.10913077207531247,0
0,1,0.4,-0.35,18,4252,1676,0,0.39416745061147695,-0.12022685155148877,0
0,1,0.4,-0.35,19,4488,1766,0,0.39349376114081996,-0.13508500054256364,0
0,1,0.4,-0.35,20,4724,1855,0,0.3926756985605419,-0.15316152021971052,0
0,1,0.4,-0.35,21,4961,1945,0,0.39205805281193307,-0.16683444790064123,0
0,1,0.4,-0.35,22,5197,2033,0,0.3911872233981143,-0.18614878410787764,0
0,1,0.4,-0.35,23,5433,2121,0,0.39039204859193816,-0.20382275075463985,0
0,1,0.4,-0.35,24,5669,2208,0,0.3894866819544893,-0.22398977908763523,0
0,1,0.4,-0.35,25,5906,2295,0,0.3885878767355232,-0.2440570755270521,0
0,1,0.4,-0.35,26,6142,2381,0,0.3876587430804298,-0.26485035445486527,0
0,1,0.4,-0.35,27,6378,2467,0,0.3867983693947946,-0.28414932875554666,0
0,1,0.4,-0.35,28,6614,2551,0,0.3856970063501663,-0.3089166597693406,0
0,1,0.4,-0.35,29,6850,2635,0,0.38467153284671535,-0.3320410592886627,0
0,1,0.4,-0.35,30,7087,2719,0,0.3836602229434175,-0.35490652389178967,0
0,1,0.4,-0.35,31,7323,2801,0,0.3824935135873276,-0.3813605266771169,0
0,1,0.4,-0.35,32,7559,2883,0,0.3813996560391586,-0.4062360794766828,0
0,1,0.4,-0.35,33,7795,2964,0,0.3802437459910199,-0.43260042476285837,0
0,1,0.4,-0.35,34,8031,3044,0,0.3790312538911717,-0.4603415765726574,0
0,1,0.4,-0.35,35,8268,3123,0,0.3777213352685051,-0.4904116949125006,0
0,1,0.4,-0.35,36,8504,3201,0,0.37641110065851363,-0.5205935678336202,0
0,1,0.4,-0.35,37,8740,3278,0,0.3750572082379863,-0.5518916884099149,0
0,1,0.4,-0.35,38,8976,3355,0,0.3737745098039216,-0.5816484085529654,0
0,1,0.4,-0.35,39,9213,3430,0,0.3723000108542277,-0.6159810428106768,0
0,1,0.4,-0.35,40,9449,3505,0,0.3709387236744629,-0.6477985541472571,0
0,1,0.4,-0.35,41,9685,3578,0,0.36943727413526073,-0.683027796886968,0
0,1,0.4,-0.35,42,9921,3650,0,0.3679064610422336,-0.7190937239492724,0
0,1,0.4,-0.35,43,10157,3721,0,0.36634833120015753,-0.7559576690206321,0
0,1,0.4,-0.35,44,10394,3792,0,0.36482586107369636,-0.7921296968277014,0
0,1,0.4,-0.35,45,10630,3860,0,0.36312323612417685,-0.832761217442296,0
0,1,0.4,-0.35,46,10866,3928,0,0.36149457021903186,-0.8718064520672592,0
0,1,0.4,-0.35,47,11102,3995,0,0.35984507295982704,-0.9115308073280928,0
0,1,0.4,-0.35,48,11339,4060,0,0.35805626598465473,-0.9548164547640356,0
0,1,0.4,-0.35,49,11575,4124,0,0.3562850971922246,-0.9978888819816958,0
0,1,0.4,-0.35,50,11811,4187,0,0.354500042333418,-1.0415161927846903,0
0,1,0.4,-0.35,51,12047,4249,0,0.3527019174898315,-1.0856856054575135,0
0,1,0.4,-0.35,52,12283,4309,0,0.35081006268826836,-1.132401175601518,0
0,1,0.4,-0.35,53,12520,4368,0,0.3488817891373802,-1.1802760039660605,0
0,1,0.4,-0.35,54,12756,4426,0,0.34697397303229854,-1.2279040400051082,0
0,1,0.4,-0.35,55,12992,4482,0,0.3449815270935961,-1.2779252143726125,0
0,1,0.4,-0.35,56,13228,4537,0,0.3429845781675234,-1.3283501599244316,0
0,1,0.4,-0.35,57,13465,4590,0,0.3408837727441515,-1.3817154646168195,0
0,1,0.4,-0.35,58,13701,4642,0,0.3388073863221663,-1.4347846245467415,0
0,1,0.4,-0.35,59,13937,4692,0,0.33665781732080075,-1.4900679523749552,0
0,1,0.4,-0.35,60,14173,4741,0,0.33450927820503773,-1.5456786565189522,0
0,1,0.4,-0.35,61,14409,4788,0,0.33229231730168646,-1.6034360128964906,0
0,1,0.4,-0.35,62,14646,4834,0,0.33005598798306707,-1.662089694995473,0
0,1,0.4,-0.35,63,14882,4878,0,0.3277785243918828,-1.7222321048879194,0
0,1,0.4,-0.35,64,15118,4921,0,0.32550601931472417,-1.7826615398388466,0
0,1,0.4,-0.35,65,15354,4962,0,0.32317311449785074,-1.8451375471042355,0
0,1,0.4,-0.35,66,15591,5001,0,0.32076197806426787,-1.9101843603085424,0
0,1,0.4,-0.35,67,15827,5038,0,0.31831680040437227,-1.9766508043619067,0
0,1,0.4,-0.35,68,16063,5074,0,0.31588121770528543,-2.0433659498840537,0
0,1,0.4,-0.35,69,16299,5108,0,0.3133934597214553,-2.112043443651571,0
0,1,0.4,-0.35,70,16535,5140,0,0.3108557605080133,-2.182663625500379,0
0,1,0.4,-0.35,71,16772,5171,0,0.3083114715001192,-2.2540483396006774,0
0,1,0.4,-0.35,72,17008,5199,0,0.3056796801505174,-2.3285106153243023,0
0,1,0.4,-0.35,73,17244,5226,0,0.30306193458594294,-2.403214196222333,0
0,1,0.4,-0.35,74,17480,5251,0,0.3004004576659039,-2.479830220638005,0
0,1,0.4,-0.35,75,17717,5274,0,0.2976801941637975,-2.5588432147133706,0
0,1,0.4,-0.35,76,17953,5295,0,0.2949367793683507,-2.639263349250744,0
0,1,0.4,-0.35,77,18189,5314,0,0.2921545989334213,-2.721587478018864,0
0,1,0.4,-0.35,78,18425,5331,0,0.28933514246947084,-2.8058183005339616,0
0,1,0.4,-0.35,79,18661,5346,0,0.28647982423235624,-2.891961189498255,0
0,1,0.4,-0.35,80,18898,5359,0,0.28357498147952165,-2.9804837726081934,0
0,1,0.4,-0.35,81,19134,5370,0,0.28065224208215744,-3.070471698952404,0
0,1,0.4,-0.35,82,19370,5379,0,0.27769747031492,-3.1624035491567697,0
0,1,0.4,-0.35,83,19606,5386,0,0.27471182291135365,-3.256295004940257,0
0,1,0.4,-0.35,84,19843,5390,0,0.27163231366224866,-3.354213364321481,0
0,1,0.4,-0.35,85,20079,5393,0,0.268589073161014,-3.452075209111464,0
0,1,0.4,-0.35,86,20315,5393,0,0.265468865370416,-3.55357014789682,0
0,1,0.4,-0.35,87,20551,5391,0,0.2623230013138047,-3.6571145688254774,0
0,1,0.4,-0.35,88,20787,5387,0,0.2591523548371578,-3.7627388305537908,0
0,1,0.4,-0.35,89,21024,5380,0,0.2558980213089802,-3.872503464677412,0
0,1,0.4,-0.35,90,21260,5372,0,0.25268109125117594,-3.9823871442234635,0
0,1,0.4,-0.35,91,21496,5360,0,0.2493487160401935,-4.097699295058302,0
0,1,0.4,-0.35,92,21732,5347,0,0.24604270200625805,-4.213632265638312,0
0,1,0.4,-0.35,93,21969,5331,0,0.24266011197596613,-4.33387414704245,0
0,1,0.4,-0.35,94,22205,5313,0,0.23927043458680478,-4.456061252410611,0
0,1,0.4,-0.35,95,22441,5292,0,0.23581836816541152,-4.5822894248910835,0
0,1,0.4,-0.35,96,22677,5269,0,0.23234995810733342,-4.710990050178322,0
0,1,0.4,-0.35,97,22913,5244,0,0.2288657094225985,-4.842227462169945,0
0,1,0.4,-0.35,98,23150,5216,0,0.2253131749460043,-4.978110273013623,0
0,1,0.4,-0.35,99,23386,5185,0,0.22171384589070384,-5.1179857128203246,0
0,1,0.4,-0.35,100,23622,5152,0,0.2181017695368724,-5.260658236853811,0
0,1,0.4,-0.35,101,23858,5116,0,0.2144354095062453,-5.407911989230973,0
0,1,0.4,-0.35,102,24094,5078,0,0.21075786502863783,-5.558166209773358,0
0,1,0.4,-0.35,103,24331,5037,0,0.20701985121861,-5.713602177810362,0
0,1,0.4,-0.35,104,24567,4993,0,0.2032401188586315,-5.873653215973725,0
0,1,0.4,-0.35,105,24803,4947,0,0.19945167923235094,-6.037088078562346,0
0,1,0.4,-0.35,106,25039,4898,0,0.19561484084827668,-6.205806007902082,0
0,1,0.4,-0.35,107,25276,4846,0,0.19172337395157463,-6.38034075822072,0
0,1,0.4,-0.35,108,25512,4792,0,0.1878331765443713,-6.558395957484416,0
0,1,0.4,-0.35,109,25748,4735,0,0.18389777846823055,-6.742312362764248,0
0,1,0.4,-0.35,110,25984,4675,0,0.17991841133004927,-6.932329867462354,0
0,1,0.4,-0.35,111,26220,4612,0,0.17589626239511824,-7.12870979503954,0
0,1,0.4,-0.35,112,26457,4546,0,0.1718259817817591,-7.332065339086932,0
0,1,0.4,-0.35,113,26693,4477,0,0.16772187464878432,-7.542047861941999,0
0,1,0.4,-0.35,114,26929,4406,0,0.1636154331761298,-7.7573566905379305,0
0,1,0.4,-0.35,115,27165,4331,0,0.15943309405484998,-7.982272533209407,0
0,1,0.4,-0.35,116,27402,4254,0,0.15524414276330195,-8.213537548890141,0
0,1,0.4,-0.35,117,27638,4173,0,0.15098777046095954,-8.455006576059578,0
0,1,0.4,-0.35,118,27874,4090,0,0.14673172131735668,-8.703361774377576,0
0,1,0.4,-0.35,119,28110,4003,0,0.1424048381358947,-8.963347130458171,0
0,1,0.4,-0.35,120,28346,3914,0,0.13807944683553236,-9.231261249738061,0
0,1,0.4,-0.35,121,28583,3821,0,0.13368085925200293,-9.51245745278194,0
0,1,0.4,-0.35,122,28819,3725,0,0.1292550053783962,-9.804894618960084,0
0,1,0.4,-0.35,123,29055,3626,0,0.12479779728101875,-10.109703620717506,0
0,1,0.4,-0.35,124,29291,3524,0,0.12030999283056229,-10.427808002137303,0
0,1,0.4,-0.35,125,29528,3419,0,0.11578840422649689,-10.760540648231583,0
0,1,0.4,-0.35,126,29764,3310,0,0.11120817094476548,-11.111108062207403,0
0,1,0.4,-0.35,127,30000,3199,0,0.10663333333333333,-11.475982313122568,0
0,2,0.4,0.0,0,0,0,0,0.0,0.0,0
0,2,0.4,0.0,1,236,94,0,0.3983050847457627,0.0,0
0,2,0.4,0.0,2,472,189,0,0.4004237288135593,0.0,0
0,2,0.4,0.0,3,709,284,0,0.4005641748942172,0.0,0
0,2,0.4,0.0,4,945,378,0,0.4,0.0,0
0,2,0.4,0.0,5,1181,472,0,0.39966130397967825,0.0,0
0,2,0.4,0.0,6,1417,567,0,0.40014114326040934,0.0104221524974638,0
0,2,0.4,0.0,7,1654,662,0,0.40024183796856105,0.012607664051980955,0
0,2,0.4,0.0,8,1890,756,0,0.4,0.007357806147788638,0
0,2,0.4,0.0,9,2126,850,0,0.39981185324553153,0.0032712901288359025,0
0,2,0.4,0.0,10,2362,945,0,0.40008467400508047,0.009196284223879983,0
0,2,0.4,0.0,11,2598,1039,0,0.39992301770592764,0.005685995991906315,0
0,2,0.4,0.0,12,2835,1134,0,0.4,0.007357806147788638,0
0,2,0.4,0.0,13,3071,1228,0,0.39986974926733965,0.004528986830140829,0
0,2,0.4,0.0,14,3307,1323,0,0.4000604777744179,0.008670965064503128,0
0,2,0.4,0.0,15,3543,1417,0,0.3999435506632797,0.006131937874204129,0
0,2,0.4,0.0,16,3780,1512,0,0.4,0.007357806147788638,0
0,2,0.4,0.0,17,4016,1606,0,0.3999003984063745,0.0051947157025240874,0
0,2,0.4,0.0,18,4252,1701,0,0.40004703668861713,0.008379134814737881,0
0,2,0.4,0.0,19,4488,1795,0,0.3999554367201426,0.006390072913200035,0
0,2,0.4,0.0,20,4724,1890,0,0.40008467400508047,0.009196284223879983,0
0,2,0.4,0.0,21,4961,1984,0,0.3999193710945374,0.005606795228025248,0
0,2,0.4,0.0,22,5197,2079,0,0.40003848374061957,0.008193429760733123,0
0,2,0.4,0.0,23,5433,2173,0,0.3999631879256396,0.006558405324614383,0
0,2,0.4,0.0,24,5669,2268,0,0.4000705591815135,0.00888984418651947,0
0,2,0.4,0.0,25,5906,2362,0,0.3999322722654927,0.00588699255726664,0
0,2,0.4,0.0,26,6142,2457,0,0.4000325626831651,0.008064867049157503,0
0,2,0.4,0.0,27,6378,2551,0,0.3999686422075886,0.0066768536455332145,0
0,2,0.4,0.0,28,6614,2646,0,0.4000604777744179,0.008670965064503128,0
0,2,0.4,0.0,29,6850,2740,0,0.4,0.007357806147788638,0
0,2,0.4,0.0,30,7087,2835,0,0.40002822068576266,0.007970588936716056,0
0,2,0.4,0.0,31,7323,2929,0,0.39997268878874775,0.006764730483491758,0
0,2,0.4,0.0,32,7559,3024,0,0.40005291705252016,0.008506809342539749,0
0,2,0.4,0.0,33,7795,3118,0,0.4,0.007357806147788638,0
0,2,0.4,0.0,34,8031,3212,0,0.3999501930021168,0.006276193589506629,0
0,2,0.4,0.0,35,8268,3307,0,0.39997581035316887,0.006832518757584383,0
0,2,0.4,0.0,36,8504,3402,0,0.40004703668861713,0.008379134814737881,0
0,2,0.4,0.0,37,8740,3496,0,0.4,0.007357806147788638,0
0,2,0.4,0.0,38,8976,3590,0,0.3999554367201426,0.006390072913200035,0
0,2,0.4,0.0,39,9213,3685,0,0.3999782915445566,0.006886400235318786,0
0,2,0.4,0.0,40,9449,3780,0,0.40004233252196,0.008276996543699105,0
0,2,0.4,0.0,41,9685,3874,0,0.4,0.007357806147788638,0
0,2,0.4,0.0,42,9921,3968,0,0.3999596814837214,0.006482256564054803,0
0,2,0.4,0.0,43,10157,4063,0,0.4000196908535985,0.007785377076917571,0
0,2,0.4,0.0,44,10394,4158,0,0.40003848374061957,0.008193429760733123,0
0,2,0.4,0.0,45,10630,4252,0,0.4,0.007357806147788638,0
0,2,0.4,0.0,46,10866,4346,0,0.3999631879256396,0.006558405324614383,0
0,2,0.4,0.0,47,11102,4441,0,0.40001801477211313,0.007748983145221982,0
0,2,0.4,0.0,48,11339,4536,0,0.40003527647940734,0.008123791389086159,0
0,2,0.4,0.0,49,11575,4630,0,0.4,0.007357806147788638,0
0,2,0.4,0.0,50,11811,4724,0,0.3999661332655999,0.006622368220243695,0
0,2,0.4,0.0,51,12047,4819,0,0.40001660164356273,0.007718298776368363,0
0,2,0.4,0.0,52,12283,4913,0,0.3999837173328991,0.0070042253275614825,0
0,2,0.4,0.0,53,12520,5008,0,0.4,0.007357806147788638,0
0,2,0.4,0.0,54,12756,5102,0,0.3999686422075886,0.0066768536455332145,0
0,2,0.4,0.0,55,12992,5197,0,0.40001539408866993,0.007692078103728193,0
0,2,0.4,0.0,56,13228,5291,0,0.39998488055639553,0.007029485396371211,0
0,2,0.4,0.0,57,13465,5386,0,0.4,0.007357806147788638,0
0,2,0.4,0.0,58,13701,5480,0,0.39997080505072624,0.0067238227426629615,0
0,2,0.4,0.0,59,13937,5575,0,0.4000143502905934,0.007669413159179303,0
0,2,0.4,0.0,60,14173,5669,0,0.39998588866153956,0.007051376921316561,0
0,2,0.4,0.0,61,14409,5764,0,0.4000277604275106,0.007960595255083042,0
0,2,0.4,0.0,62,14646,5858,0,0.39997268878874775,0.006764730483491758,0
0,2,0.4,0.0,63,14882,5953,0,0.4000134390538906,0.007649626592911061,0
0,2,0.4,0.0,64,15118,6047,0,0.39998677073686995,0.007070531598371402,0
0,2,0.4,0.0,65,15354,6142,0,0.4000260518431679,0.007923496312959645,0
0,2,0.4,0.0,66,15591,6236,0,0.39997434417292027,0.006800679074182265,0
0,2,0.4,0.0,67,15827,6331,0,0.4000126366336008,0.007632202825631167,0
0,2,0.4,0.0,68,16063,6425,0,0.39998754902571126,0.007087432468350842,0
0,2,0.4,0.0,69,16299,6520,0,0.40002454138290694,0.007890699159278093,0
0,2,0.4,0.0,70,16535,6614,0,0.4,0.007357806147788638,0
0,2,0.4,0.0,71,16772,6709,0,0.4000119246362986,0.007616742475314667,0
0,2,0.4,0.0,72,17008,6803,0,0.39998824082784573,0.007102455215458632,0
0,2,0.4,0.0,73,17244,6897,0,0.3999652052887961,0.0066022157303606,0
0,2,0.4,0.0,74,17480,6992,0,0.4,0.007357806147788638,0
0,2,0.4,0.0,75,17717,7087,0,0.4000112885928769,0.007602931368649183,0
0,2,0.4,0.0,76,17953,7181,0,0.39998885980059046,0.007115896422574965,0
0,2,0.4,0.0,77,18189,7275,0,0.3999670130298532,0.006641473654861881,0
0,2,0.4,0.0,78,18425,7370,0,0.4,0.007357806147788638,0
0,2,0.4,0.0,79,18661,7464,0,0.39997856492149403,0.0068923368602484825,0
0,2,0.4,0.0,80,18898,7559,0,0.39998941686951,0.007127993348948657,0
0,2,0.4,0.0,81,19134,7653,0,0.3999686422075886,0.0066768536455332145,0
0,2,0.4,0.0,82,19370,7748,0,0.4,0.007357806147788638,0
0,2,0.4,0.0,83,19606,7842,0,0.3999795980822197,0.006914772833668839,0
0,2,0.4,0.0,84,19843,7937,0,0.39998992087889934,0.007138938056457305,0
0,2,0.4,0.0,85,20079,8031,0,0.39997011803376664,0.006708903257190788,0
0,2,0.4,0.0,86,20315,8126,0,0.4,0.007357806147788638,0
0,2,0.4,0.0,87,20551,8220,0,0.39998053622694757,0.00693514540280373,0
0,2,0.4,0.0,88,20787,8315,0,0.4000096213979891,0.007566729637871394,0
0,2,0.4,0.0,89,21024,8409,0,0.3999714611872146,0.006738071593776826,0
0,2,0.4,0.0,90,21260,8504,0,0.4,0.007357806147788638,0
0,2,0.4,0.0,91,21496,8598,0,0.39998139188686266,0.0069537267060606955,0
0,2,0.4,0.0,92,21732,8693,0,0.4000092030185901,0.007557644858424468,0
0,2,0.4,0.0,93,21969,8787,0,0.39997268878874775,0.006764730483491758,0
0,2,0.4,0.0,94,22205,8882,0,0.4,0.007357806147788638,0
0,2,0.4,0.0,95,22441,8976,0,0.399982175482376,0.006970743041373162,0
0,2,0.4,0.0,96,22677,9071,0,0.4000088195087534,0.007549317235738162,0
0,2,0.4,0.0,97,22913,9165,0,0.3999912713306856,0.007168263433830877,0
0,2,0.4,0.0,98,23150,9260,0,0.4,0.007357806147788638,0
0,2,0.4,0.0,99,23386,9354,0,0.3999828957495938,0.006986384128186135,0
0,2,0.4,0.0,100,23622,9449,0,0.4000084666836,0.007541655900423048,0
0,2,0.4,0.0,101,23858,9543,0,0.39999161706765024,0.007175771177215259,0
0,2,0.4,0.0,102,24094,9637,0,0.39997509753465593,0.006817039150338752,0
0,2,0.4,0.0,103,24331,9732,0,0.3999835600674037,0.007000810211029438,0
0,2,0.4,0.0,104,24567,9827,0,0.40000814100215737,0.007534583964563421,0
0,2,0.4,0.0,105,24803,9921,0,0.39999193645929926,0.007182706821335505,0
0,2,0.4,0.0,106,25039,10015,0,0.3999760373816846,0.0068374489159125085,0
0,2,0.4,0.0,107,25276,10110,0,0.39998417471118847,0.007014157569551966,0
0,2,0.4,0.0,108,25512,10205,0,0.40000783944810286,0.007528035932271068,0
0,2,0.4,0.0,109,25748,10299,0,0.39999223240640047,0.0071891333581585145,0
0,2,0.4,0.0,110,25984,10393,0,0.39997690886699505,0.0068563740921094,0
0,2,0.4,0.0,111,26220,10488,0,0.4,0.007357806147788638,0
0,2,0.4,0.0,112,26457,10583,0,0.4000075594360661,0.007521955665185728,0
0,2,0.4,0.0,113,26693,10677,0,0.39999250739894354,0.007195104859266624,0
0,2,0.4,0.0,114,26929,10771,0,0.39997771918749303,0.006873970976158015,0
0,2,0.4,0.0,115,27165,10866,0,0.4,0.007357806147788638,0
0,2,0.4,0.0,116,27402,10961,0,0.40000729873731844,0.007516294768947651,0
0,2,0.4,0.0,117,27638,11055,0,0.3999927635863666,0.007200668000899164,0
0,2,0.4,0.0,118,27874,11149,0,0.3999784745641099,0.006890374669211127,0
0,2,0.4,0.0,119,28110,11244,0,0.4,0.007357806147788638,0
0,2,0.4,0.0,120,28346,11338,0,0.39998588866153956,0.007051376921316561,0
0,2,0.4,0.0,121,28583,11433,0,0.3999930028338523,0.00720586328647715,0
0,2,0.4,0.0,122,28819,11527,0,0.39997918040181824,0.006905702551627279,0
0,2,0.4,0.0,123,29055,11622,0,0.4,0.007357806147788638,0
0,2,0.4,0.0,124,29291,11716,0,0.39998634392816906,0.007061263253712839,0
0,2,0.4,0.0,125,29528,11811,0,0.3999932267678136,0.007210726034364644,0
0,2,0.4,0.0,126,29764,11905,0,0.3999798414191641,0.006920057096194507,0
0,2,0.4,0.0,127,30000,12000,0,0.4,0.007357806147788638,0
0,3,0.4,0.35,0,0,0,0,0.0,0.0,0
0,3,0.4,0.35,1,236,94,0,0.3983050847457627,0.0,0
0,3,0.4,0.35,2,472,189,0,0.4004237288135593,0.0,0
0,3,0.4,0.35,3,709,284,0,0.4005641748942172,0.0,0
0,3,0.4,0.35,4,945,378,0,0.4,0.0,0
0,3,0.4,0.35,5,1181,473,0,0.4005080440304826,0.0,0
0,3,0.4,0.35,6,1417,568,0,0.4008468595624559,0.007344846785234866,0
0,3,0.4,0.35,7,1654,663,0,0.40084643288996374,0.007335601278971268,0
0,3,0.4,0.35,8,1890,758,0,0.40105820105820106,0.011923166690253824,0
0,3,0.4,0.35,9,2126,854,0,0.40169332079021636,0.025667347548606327,0
0,3,0.4,0.35,10,2362,949,0,0.40177815410668927,0.02750152050999943,0
0,3,0.4,0.35,11,2598,1045,0,0.40223248652809857,0.03731801171534076,0
0,3,0.4,0.35,12,2835,1141,0,0.4024691358024691,0.042426761299849305,0
0,3,0.4,0.35,13,3071,1238,0,0.4031260175838489,0.05659170233467154,0
0,3,0.4,0.35,14,3307,1335,0,0.403689144239492,0.06871655325188895,0
0,3,0.4,0.35,15,3543,1432,0,0.4041772509173017,0.07921245028725463,0
0,3,0.4,0.35,16,3780,1530,0,0.40476190476190477,0.09176775712153365,0
0,3,0.4,0.35,17,4016,1627,0,0.4051294820717131,0.09965211351198122,0
0,3,0.4,0.35,18,4252,1726,0,0.4059266227657573,0.11672584807269805,0
0,3,0.4,0.35,19,4488,1825,0,0.4066399286987522,0.13197554840183534,0
0,3,0.4,0.35,20,4724,1924,0,0.4072819644369179,0.1456787127204056,0
0,3,0.4,0.35,21,4961,2024,0,0.4079822616407982,0.16060076014558375,0
0,3,0.4,0.35,22,5197,2125,0,0.4088897440831249,0.17989948878348175,0
0,3,0.4,0.35,23,5433,2225,0,0.4095343272593411,0.19358134317865663,0
0,3,0.4,0.35,24,5669,2327,0,0.41047803845475395,0.21357366342926382,0
0,3,0.4,0.35,25,5906,2430,0,0.4114459871317304,0.2340317568991157,0
0,3,0.4,0.35,26,6142,2532,0,0.4122435688700749,0.2508529222794139,0
0,3,0.4,0.35,27,6378,2636,0,0.41329570398243964,0.27299295781470273,0
0,3,0.4,0.35,28,6614,2740,0,0.41427275476262476,0.29350258236814364,0
0,3,0.4,0.35,29,6850,2845,0,0.4153284671532847,0.31560912228735316,0
0,3,0.4,0.35,30,7087,2951,0,0.4163962184281078,0.33791067228292415,0
0,3,0.4,0.35,31,7323,3057,0,0.417451863990168,0.3599032292988207,0
0,3,0.4,0.35,32,7559,3164,0,0.4185738854345813,0.383217727197466,0
0,3,0.4,0.35,33,7795,3272,0,0.4197562540089801,0.4077186470025628,0
0,3,0.4,0.35,34,8031,3381,0,0.4209936496077699,0.43328603469754395,0
0,3,0.4,0.35,35,8268,3491,0,0.4222302854378326,0.4587627546926282,0
0,3,0.4,0.35,36,8504,3602,0,0.4235653809971778,0.4861842768795482,0
0,3,0.4,0.35,37,8740,3714,0,0.4249427917620137,0.5143844729012356,0
0,3,0.4,0.35,38,8976,3826,0,0.42624777183600715,0.541017573097882,0
0,3,0.4,0.35,39,9213,3940,0,0.4276565722348855,0.5696781507709208,0
0,3,0.4,0.35,40,9449,4055,0,0.4291459413694571,0.5998753286682156,0
0,3,0.4,0.35,41,9685,4170,0,0.4305627258647393,0.6285037358866234,0
0,3,0.4,0.35,42,9921,4287,0,0.4321136982159057,0.6597358150594124,0
0,3,0.4,0.35,43,10157,4404,0,0.43359259623904695,0.6894122944684946,0
0,3,0.4,0.35,44,10394,4524,0,0.43525110640754283,0.7225728128456043,0
0,3,0.4,0.35,45,10630,4643,0,0.4367826904985889,0.7530835203716114,0
0,3,0.4,0.35,46,10866,4765,0,0.43852383581814836,0.7876392230469285,0
0,3,0.4,0.35,47,11102,4887,0,0.4401909565843992,0.820597458160665,0
0,3,0.4,0.35,48,11339,5011,0,0.44192609577564157,0.8547680864671399,0
0,3,0.4,0.35,49,11575,5135,0,0.44362850971922246,0.8881641023801911,0
0,3,0.4,0.35,50,11811,5261,0,0.4454322241977817,0.9234077832594073,0
0,3,0.4,0.35,51,12047,5389,0,0.4473312857972939,0.960360602598232,0
0,3,0.4,0.35,52,12283,5517,0,0.4491573719775299,0.9957457797114501,0
0,3,0.4,0.35,53,12520,5648,0,0.45111821086261983,1.0335823209007957,0
0,3,0.4,0.35,54,12756,5779,0,0.4530417058639072,1.070538815423295,0
0,3,0.4,0.35,55,12992,5912,0,0.45504926108374383,1.1089434073074491,0
0,3,0.4,0.35,56,13228,6046,0,0.45706078016329,1.1472542695167254,0
0,3,0.4,0.35,57,13465,6182,0,0.4591162272558485,1.1862279971092022,0
0,3,0.4,0.35,58,13701,6319,0,0.4612072111524706,1.2256969182605657,0
0,3,0.4,0.35,59,13937,6457,0,0.4632991318074191,1.2650048647975276,0
0,3,0.4,0.35,60,14173,6597,0,0.46546249911804133,1.3054690766364963,0
0,3,0.4,0.35,61,14409,6739,0,0.4676938024845583,1.3470074377756203,0
0,3,0.4,0.35,62,14646,6882,0,0.4698893895944285,1.3876879071956463,0
0,3,0.4,0.35,63,14882,7027,0,0.47218115844644537,1.4299482042277445,0
0,3,0.4,0.35,64,15118,7173,0,0.4744675221590157,1.471904934113807,0
0,3,0.4,0.35,65,15354,7321,0,0.4768138595805653,1.5147525491660885,0
0,3,0.4,0.35,66,15591,7472,0,0.479250849849272,1.5590329711043656,0
0,3,0.4,0.35,67,15827,7623,0,0.4816452896948253,1.6023214857223702,0
0,3,0.4,0.35,68,16063,7776,0,0.4840938803461371,1.6463669886915964,0
0,3,0.4,0.35,69,16299,7931,0,0.48659426958709123,1.6911149399994818,0
0,3,0.4,0.35,70,16535,8088,0,0.4891442394919867,1.7365140041785245,0
0,3,0.4,0.35,71,16772,8247,0,0.49171237777247795,1.7819979541460709,0
0,3,0.4,0.35,72,17008,8407,0,0.494296801505174,1.8275311422728915,0
0,3,0.4,0.35,73,17244,8569,0,0.4969264671769891,1.8736177104928444,0
0,3,0.4,0.35,74,17480,8733,0,0.4995995423340961,1.9202157747158446,0
0,3,0.4,0.35,75,17717,8899,0,0.5022859400575719,1.9667955694737913,0
0,3,0.4,0.35,76,17953,9067,0,0.5050409402328302,2.0143068344033304,0
0,3,0.4,0.35,77,18189,9237,0,0.5078344054098631,2.0622175508786995,0
0,3,0.4,0.35,78,18425,9409,0,0.5106648575305291,2.1104945775420765,0
0,3,0.4,0.35,79,18661,9583,0,0.5135308933068967,2.1591066429818384,0
0,3,0.4,0.35,80,18898,9759,0,0.5164038522594984,2.207564604475415,0
0,3,0.4,0.35,81,19134,9937,0,0.5193373053203721,2.2567655413840733,0
0,3,0.4,0.35,82,19370,10117,0,0.5223025296850801,2.306217723011768,0
0,3,0.4,0.35,83,19606,10299,0,0.5252983780475364,2.3558963343836874,0
0,3,0.4,0.35,84,19843,10484,0,0.5283475280955501,2.406168735360527,0
0,3,0.4,0.35,85,20079,10670,0,0.5314009661835749,2.4562219315402114,0
0,3,0.4,0.35,86,20315,10859,0,0.534531134629584,2.5072352668205955,0
0,3,0.4,0.35,87,20551,11050,0,0.5376867305727215,2.558361512949912,0
0,3,0.4,0.35,88,20787,11243,0,0.5408668879588204,2.609583029733225,0
0,3,0.4,0.35,89,21024,11439,0,0.5440924657534246,2.66122937978699,0
0,3,0.4,0.35,90,21260,11636,0,0.547318908748824,2.7125841852689376,0
0,3,0.4,0.35,91,21496,11836,0,0.5506140677335318,2.7647211987837323,0
0,3,0.4,0.35,92,21732,12038,0,0.5539296889379717,2.8168679900558224,0
0,3,0.4,0.35,93,21969,12244,0,0.5573307842869498,2.8700357788897364,0
0,3,0.4,0.35,94,22205,12451,0,0.5607295654131952,2.9228442497565448,0
0,3,0.4,0.35,95,22441,12660,0,0.5641459827993405,2.9756051363519003,0
0,3,0.4,0.35,96,22677,12872,0,0.5676235833664065,3.028983758110901,0
0,3,0.4,0.35,97,22913,13086,0,0.5711168332387727,3.082274354641524,0
0,3,0.4,0.35,98,23150,13304,0,0.5746868250539957,3.136399954663883,0
0,3,0.4,0.35,99,23386,13523,0,0.5782519456084837,3.1901171912909208,0
0,3,0.4,0.35,100,23622,13745,0,0.5818728304123275,3.2443367176263473,0
0,3,0.4,0.35,101,23858,13970,0,0.5855478246290552,3.299022574845862,0
0,3,0.4,0.35,102,24094,14197,0,0.5892338341495809,3.3535286640822854,0
0,3,0.4,0.35,103,24331,14427,0,0.5929472689161974,3.408096598830332,0
0,3,0.4,0.35,104,24567,14660,0,0.5967354581348964,3.4634120269517874,0
0,3,0.4,0.35,105,24803,14895,0,0.6005321936862477,3.5185010231008027,0
0,3,0.4,0.35,106,25039,15133,0,0.6043771716122849,3.573936175736274,0
0,3,0.4,0.35,107,25276,15374,0,0.6082449754708024,3.629345738340028,0
0,3,0.4,0.35,108,25512,15617,0,0.6121433051113202,3.6848372187779015,0
0,3,0.4,0.35,109,25748,15863,0,0.6160866863445704,3.74061161302317,0
0,3,0.4,0.35,110,25984,16112,0,0.6200738916256158,3.7966440504832955,0
0,3,0.4,0.35,111,26220,16364,0,0.6241037376048818,3.8529108069594797,0
0,3,0.4,0.35,112,26457,16619,0,0.6281513399100427,3.909060947593183,0
0,3,0.4,0.35,113,26693,16877,0,0.6322631401491028,3.9657324161488354,0
0,3,0.4,0.35,114,26929,17137,0,0.6363771398863679,4.02206654570631,0
0,3,0.4,0.35,115,27165,17400,0,0.6405300938707896,4.078565915771266,0
0,3,0.4,0.35,116,27402,17668,0,0.644770454711335,4.135877709428251,0
0,3,0.4,0.35,117,27638,17937,0,0.6489977567117736,4.192639050428019,0
0,3,0.4,0.35,118,27874,18209,0,0.6532611035373467,4.249511141598301,0
0,3,0.4,0.35,119,28110,18484,0,0.6575595873354678,4.306477422298599,0
0,3,0.4,0.35,120,28346,18762,0,0.6618923304875467,4.363522114279352,0
0,3,0.4,0.35,121,28583,19045,0,0.6663051464157016,4.421238491314709,0
0,3,0.4,0.35,122,28819,19330,0,0.6707380547555433,4.478834077850268,0
0,3,0.4,0.35,123,29055,19617,0,0.6751677852348993,4.536009383666756,0
0,3,0.4,0.35,124,29291,19908,0,0.6796626950257758,4.593643802427726,0
0,3,0.4,0.35,125,29528,20203,0,0.6841980493091303,4.65141177052276,0
0,3,0.4,0.35,126,29764,20500,0,0.6887515118935627,4.709026441318831,0
0,3,0.4,0.35,127,30000,20801,0,0.6933666666666667,4.767034323186112,0
0,4,0.4,0.7,0,0,0,0,0.0,0.0,0
0,4,0.4,0.7,1,236,94,0,0.3983050847457627,0.0,0
0,4,0.4,0.7,2,472,189,0,0.4004237288135593,0.0,0
0,4,0.4,0.7,3,709,284,0,0.4005641748942172,0.0,0
0,4,0.4,0.7,4,945,379,0,0.40105820105820106,0.0,0
0,4,0.4,0.7,5,1181,473,0,0.4005080440304826,0.0,0
0,4,0.4,0.7,6,1417,569,0,0.4015525758645025,0.022623460466281393,0
0,4,0.4,0.7,7,1654,665,0,0.40205562273276907,0.03349793924559944,0
0,4,0.4,0.7,8,1890,760,0,0.4021164021164021,0.034810899665008846,0
0,4,0.4,0.7,9,2126,857,0,0.40310442144873,0.056126372232468136,0
0,4,0.4,0.7,10,2362,953,0,0.40347163420829807,0.0640352847306746,0
0,4,0.4,0.7,11,2598,1051,0,0.40454195535026943,0.0870465233387269,0
0,4,0.4,0.7,12,2835,1149,0,0.4052910052910053,0.10311444670126053,0
0,4,0.4,0.7,13,3071,1247,0,0.40605665906870725,0.11950787822353875,0
0,4,0.4,0.7,14,3307,1346,0,0.4070154218324766,0.1399924369991694,0
0,4,0.4,0.7,15,3543,1446,0,0.40812870448772226,0.16371795002076017,0
0,4,0.4,0.7,16,3780,1547,0,0.40925925925925927,0.18774541475690992,0
0,4,0.4,0.7,17,4016,1649,0,0.41060756972111556,0.21631416766518227,0
0,4,0.4,0.7,18,4252,1751,0,0.4118062088428975,0.241632942157806,0
0,4,0.4,0.7,19,4488,1854,0,0.41310160427807485,0.2689127687215299,0
0,4,0.4,0.7,20,4724,1958,0,0.4144792548687553,0.2978311080269018,0
0,4,0.4,0.7,21,4961,2064,0,0.41604515218705906,0.33058445589382895,0
0,4,0.4,0.7,22,5197,2170,0,0.41754858572253223,0.36191547802746554,0
0,4,0.4,0.7,23,5433,2278,0,0.41928952696484445,0.3980554317012797,0
0,4,0.4,0.7,24,5669,2386,0,0.4208855177279944,0.4310547843811251,0
0,4,0.4,0.7,25,5906,2497,0,0.4227903826617,0.47027713195982834,0
0,4,0.4,0.7,26,6142,2608,0,0.42461738847281016,0.5077306365707149,0
0,4,0.4,0.7,27,6378,2720,0,0.4264659767952336,0.5454629200592318,0
0,4,0.4,0.7,28,6614,2834,0,0.4284850317508316,0.5864882441892161,0
0,4,0.4,0.7,29,6850,2950,0,0.4306569343065693,0.6304040272288134,0
0,4,0.4,0.7,30,7087,3067,0,0.43276421617045296,0.6728020019334433,0
0,4,0.4,0.7,31,7323,3185,0,0.43493103919158815,0.7161831882044281,0
0,4,0.4,0.7,32,7559,3305,0,0.43722714644794286,0.7619175071178679,0
0,4,0.4,0.7,33,7795,3427,0,0.4396407953816549,0.8097348356141938,0
0,4,0.4,0.7,34,8031,3550,0,0.44203710621342296,0.8569496804840451,0
0,4,0.4,0.7,35,8268,3676,0,0.4446057087566522,0.9072758326905249,0
0,4,0.4,0.7,36,8504,3802,0,0.4470837253057385,0.9555523577977448,0
0,4,0.4,0.7,37,8740,3931,0,0.4497711670480549,1.0076073612277883,0
0,4,0.4,0.7,38,8976,4062,0,0.45254010695187163,1.0609166406480992,0
0,4,0.4,0.7,39,9213,4195,0,0.45533485292521436,1.1143930175538204,0
0,4,0.4,0.7,40,9449,4330,0,0.4582495502169542,1.1698160847920267,0
0,4,0.4,0.7,41,9685,4466,0,0.46112545172947855,1.224157011119856,0
0,4,0.4,0.7,42,9921,4605,0,0.4641669186573934,1.281258835504113,0
0,4,0.4,0.7,43,10157,4746,0,0.4672639558924879,1.3390207661006142,0
0,4,0.4,0.7,44,10394,4890,0,0.47046372907446604,1.3982980702496552,0
0,4,0.4,0.7,45,10630,5035,0,0.47365945437441204,1.4570993448408662,0
0,4,0.4,0.7,46,10866,5183,0,0.4769924535247561,1.5180053003506486,0
0,4,0.4,0.7,47,11102,5333,0,0.4803638983966853,1.5791823512547618,0
0,4,0.4,0.7,48,11339,5486,0,0.48381691507187585,1.6413960969878194,0
0,4,0.4,0.7,49,11575,5641,0,0.48734341252699787,1.7044771382221247,0
0,4,0.4,0.7,50,11811,5798,0,0.49089831512996357,1.7676059676957983,0
0,4,0.4,0.7,51,12047,5959,0,0.49464596995102517,1.8336646391734583,0
0,4,0.4,0.7,52,12283,6121,0,0.4983310266221607,1.8981336905403992,0
0,4,0.4,0.7,53,12520,6287,0,0.5021565495207668,1.9645577670295973,0
0,4,0.4,0.7,54,12756,6455,0,0.5060363750391973,2.031409858144417,0
0,4,0.4,0.7,55,12992,6626,0,0.510006157635468,2.0992835304908866,0
0,4,0.4,0.7,56,13228,6800,0,0.5140610825521621,2.1680696668054864,0
0,4,0.4,0.7,57,13465,6977,0,0.5181581878945414,2.237022442146355,0
0,4,0.4,0.7,58,13701,7157,0,0.5223706298810306,2.3073501552596483,0
0,4,0.4,0.7,59,13937,7340,0,0.5266556647772117,2.3783103350021473,0
0,4,0.4,0.7,60,14173,7525,0,0.5309391095745432,2.44866948034506,0
0,4,0.4,0.7,61,14409,7714,0,0.5353598445416059,2.5206910009420342,0
0,4,0.4,0.7,62,14646,7906,0,0.5398060904001093,2.592530741636457,0
0,4,0.4,0.7,63,14882,8101,0,0.5443488778390001,2.665321776922557,0
0,4,0.4,0.7,64,15118,8300,0,0.5490144198968118,2.739450164926542,0
0,4,0.4,0.7,65,15354,8501,0,0.5536667969258825,2.8127447356472732,0
0,4,0.4,0.7,66,15591,8707,0,0.5584632159579245,2.887666595853821,0
0,4,0.4,0.7,67,15827,8915,0,0.5632779427560498,2.962230040549202,0
0,4,0.4,0.7,68,16063,9127,0,0.5682002116665629,3.0378029609300943,0
0,4,0.4,0.7,69,16299,9342,0,0.5731639977912756,3.113353201481679,0
0,4,0.4,0.7,70,16535,9561,0,0.5782280012095555,3.1897575163875347,0
0,4,0.4,0.7,71,16772,9785,0,0.5834128309086573,3.2672946627638515,0
0,4,0.4,0.7,72,17008,10011,0,0.5886053621825024,3.3442594214187387,0
0,4,0.4,0.7,73,17244,10240,0,0.5938297378798423,3.4210139866732945,0
0,4,0.4,0.7,74,17480,10474,0,0.5991990846681923,3.499197962855723,0
0,4,0.4,0.7,75,17717,10712,0,0.6046170344866513,3.5773827141428955,0
0,4,0.4,0.7,76,17953,10953,0,0.6100930206650699,3.655696273192501,0
0,4,0.4,0.7,77,18189,11199,0,0.615701797789873,3.7351835713408277,0
0,4,0.4,0.7,78,18425,11448,0,0.6213297150610584,3.8142176219266832,0
0,4,0.4,0.7,79,18661,11701,0,0.6270296339960345,3.893536466945891,0
0,4,0.4,0.7,80,18898,11959,0,0.6328182876494867,3.973355562176816,0
0,4,0.4,0.7,81,19134,12220,0,0.6386537054458032,4.053083863112716,0
0,4,0.4,0.7,82,19370,12486,0,0.64460505937016,4.13364933503726,0
0,4,0.4,0.7,83,19606,12756,0,0.6506171580128532,4.214285382893868,0
0,4,0.4,0.7,84,19843,13031,0,0.6567051353122008,4.295183385575422,0
0,4,0.4,0.7,85,20079,13309,0,0.6628318143333831,4.375842044283889,0
0,4,0.4,0.7,86,20315,13592,0,0.6690622692591681,4.45710592148524,0
0,4,0.4,0.7,87,20551,13879,0,0.6753442654858645,4.538279467804233,0
0,4,0.4,0.7,88,20787,14170,0,0.6816760475297061,4.619335821401844,0
0,4,0.4,0.7,89,21024,14468,0,0.688165905631659,4.701638181711973,0
0,4,0.4,0.7,90,21260,14769,0,0.6946848541862652,4.783531743616867,0
0,4,0.4,0.7,91,21496,15074,0,0.701246743580201,4.865192287727243,0
0,4,0.4,0.7,92,21732,15384,0,0.7078961899503037,4.947166634888869,0
0,4,0.4,0.7,93,21969,15700,0,0.7146433610997315,5.02956240856847,0
0,4,0.4,0.7,94,22205,16020,0,0.7214591308263905,5.112009822284547,0
0,4,0.4,0.7,95,22441,16344,0,0.7283097901163049,5.194098095212998,0
0,4,0.4,0.7,96,22677,16673,0,0.7352383472240597,5.276338139718623,0
0,4,0.4,0.7,97,22913,17008,0,0.7422860384934317,5.359200978979077,0
0,4,0.4,0.7,98,23150,17348,0,0.7493736501079914,5.441743499969113,0
0,4,0.4,0.7,99,23386,17692,0,0.7565209954673736,5.524194844555329,0
0,4,0.4,0.7,100,23622,18042,0,0.7637795275590551,5.607135403719824,0
0,4,0.4,0.7,101,23858,18396,0,0.7710621175287116,5.689562470602224,0
0,4,0.4,0.7,102,24094,18756,0,0.7784510666555989,5.772401498734334,0
0,4,0.4,0.7,103,24331,19123,0,0.7859520775964819,5.855696463648277,0
0,4,0.4,0.7,104,24567,19493,0,0.7934627752676354,5.938306276657931,0
0,4,0.4,0.7,105,24803,19869,0,0.801072450913196,6.021211067410565,0
0,4,0.4,0.7,106,25039,20250,0,0.8087383681456927,6.103936085263284,0
0,4,0.4,0.7,107,25276,20638,0,0.8165057762304162,6.186960366025309,0
0,4,0.4,0.7,108,25512,21030,0,0.8243179680150517,6.269670466542432,0
0,4,0.4,0.7,109,25748,21428,0,0.8322199782507379,6.352537882391868,0
0,4,0.4,0.7,110,25984,21831,0,0.8401708743842364,6.435127579114722,0
0,4,0.4,0.7,111,26220,22240,0,0.8482074752097636,6.5178170486331535,0
0,4,0.4,0.7,112,26457,22656,0,0.8563329175643497,6.600627911253052,0
0,4,0.4,0.7,113,26693,23076,0,0.8644963098939797,6.68303801403672,0
0,4,0.4,0.7,114,26929,23503,0,0.8727765605852427,6.765836622731611,0
0,4,0.4,0.7,115,27165,23935,0,0.8810969998159396,6.8482495864786195,0
0,4,0.4,0.7,116,27402,24374,0,0.8894971169987592,6.930666033612566,0
0,4,0.4,0.7,117,27638,24818,0,0.8979665677690136,7.01297849215818,0
0,4,0.4,0.7,118,27874,25268,0,0.9065078567840998,7.09520658784772,0
0,4,0.4,0.7,119,28110,25724,0,0.9151191746709356,7.177328243579854,0
0,4,0.4,0.7,120,28346,26187,0,0.923834050659705,7.259654445997052,0
0,4,0.4,0.7,121,28583,26657,0,0.932617289997551,7.341844390999186,0
0,4,0.4,0.7,122,28819,27132,0,0.9414622297789653,7.4238331651389,0
0,4,0.4,0.7,123,29055,27613,0,0.9503699879538806,7.505629400024495,0
0,4,0.4,0.7,124,29291,28100,0,0.9593390461233826,7.5872175590896145,0
0,4,0.4,0.7,125,29528,28595,0,0.968402871850447,7.6688965114158725,0
0,4,0.4,0.7,126,29764,29096,0,0.9775567800026879,7.750614981136856,0
0,4,0.4,0.7,127,30000,29602,0,0.9867333333333334,7.83177112890831,0
1,0,0.55,-0.7,0,0,0,0,0.0,0.0,0
1,0,0.55,-0.7,1,236,130,0,0.5508474576271186,0.0,0
1,0,0.55,-0.7,2,472,260,0,0.5508474576271186,0.0,0
1,0,0.55,-0.7,3,709,390,0,0.5500705218617772,0.0,0
1,0,0.55,-0.7,4,945,519,0,0.5492063492063493,0.0,0
1,0,0.55,-0.7,5,1181,648,0,0.5486875529212532,0.0,0
1,0,0.55,-0.7,6,1417,777,0,0.5483415666901905,-0.005478794072493845,0
1,0,0.55,-0.7,7,1654,907,0,0.5483675937122128,-0.005066528270223301,0
1,0,0.55,-0.7,8,1890,1035,0,0.5476190476190477,-0.01693125274772163,0
1,0,0.55,-0.7,9,2126,1163,0,0.5470366886171214,-0.026173074318159923,0
1,0,0.55,-0.7,10,2362,1290,0,0.54614733276884,-0.04030582470651054,0
1,0,0.55,-0.7,11,2598,1417,0,0.5454195535026943,-0.05188809493254466,0
1,0,0.55,-0.7,12,2835,1544,0,0.544620811287478,-0.06461750972573134,0
1,0,0.55,-0.7,13,3071,1670,0,0.5437968088570498,-0.07776907105128233,0
1,0,0.55,-0.7,14,3307,1795,0,0.5427880254006653,-0.09389700512886823,0
1,0,0.55,-0.7,15,3543,1920,0,0.541913632514818,-0.10790063773412278,0
1,0,0.55,-0.7,16,3780,2044,0,0.5407407407407407,-0.12672033263257454,0
1,0,0.55,-0.7,17,4016,2167,0,0.5395916334661355,-0.14519802148446906,0
1,0,0.55,-0.7,18,4252,2288,0,0.5380997177798683,-0.1692468797470208,0
1,0,0.55,-0.7,19,4488,2409,0,0.5367647058823529,-0.19082313013680255,0
1,0,0.55,-0.7,20,4724,2529,0,0.5353513971210838,-0.21372335708301937,0
1,0,0.55,-0.7,21,4961,2649,0,0.5339649264261238,-0.23624753992066042,0
1,0,0.55,-0.7,22,5197,2767,0,0.5324225514720031,-0.26137331877972053,0
1,0,0.55,-0.7,23,5433,2884,0,0.5308301122768267,-0.28739114486815964,0
1,0,0.55,-0.7,24,5669,2999,0,0.5290174633974246,-0.3171019897704277,0
1,0,0.55,-0.7,25,5906,3114,0,0.5272604131391805,-0.34599885308073314,0
1,0,0.55,-0.7,26,6142,3227,0,0.5253988928687724,-0.3767190992044729,0
1,0,0.55,-0.7,27,6378,3339,0,0.5235183443085607,-0.4078640821929632,0
1,0,0.55,-0.7,28,6614,3449,0,0.521469609918355,-0.4419220893474365,0
1,0,0.55,-0.7,29,6850,3558,0,0.5194160583941606,-0.47619472003195634,0
1,0,0.55,-0.7,30,7087,3666,0,0.5172851700296317,-0.5119016078479446,0
1,0,0.55,-0.7,31,7323,3772,0,0.515089444216851,-0.5488491665727766,0
1,0,0.55,-0.7,32,7559,3876,0,0.5127662389204921,-0.588113704396394,0
1,0,0.55,-0.7,33,7795,3978,0,0.5103271327774215,-0.6295289798704434,0
1,0,0.55,-0.7,34,8031,4079,0,0.5079068609139584,-0.6708205769315799,0
1,0,0.55,-0.7,35,8268,4179,0,0.5054426705370102,-0.713064101374064,0
1,0,0.55,-0.7,36,8504,4276,0,0.5028222013170273,-0.7582132647115694,0
1,0,0.55,-0.7,37,8740,4372,0,0.5002288329519451,-0.8031277522763269,0
1,0,0.55,-0.7,38,8976,4465,0,0.49743761140819964,-0.8517297788919891,0
1,0,0.55,-0.7,39,9213,4557,0,0.4946271572777597,-0.9009430167472212,0
1,0,0.55,-0.7,40,9449,4647,0,0.4917980738702508,-0.9507656953535483,0
1,0,0.55,-0.7,41,9685,4734,0,0.4887971089313371,-1.0039295943828845,0
1,0,0.55,-0.7,42,9921,4820,0,0.4858381211571414,-1.0566703930318846,0
1,0,0.55,-0.7,43,10157,4903,0,0.4827212759673132,-1.1125733492578596,0
1,0,0.55,-0.7,44,10394,4985,0,0.4796036174716182,-1.1688531619248947,0
1,0,0.55,-0.7,45,10630,5063,0,0.4762935089369708,-1.229008907870687,0
1,0,0.55,-0.7,46,10866,5140,0,0.47303515553101416,-1.2886337991900971,0
1,0,0.55,-0.7,47,11102,5214,0,0.4696451089893713,-1.351106088412205,0
1,0,0.55,-0.7,48,11339,5286,0,0.46617867536819824,-1.4154540951241978,0
1,0,0.55,-0.7,49,11575,5355,0,0.46263498920086393,-1.481732655583897,0
1,0,0.55,-0.7,50,11811,5422,0,0.45906358479383624,-1.5490452904500747,0
1,0,0.55,-0.7,51,12047,5486,0,0.45538308292520957,-1.6189643066077006,0
1,0,0.55,-0.7,52,12283,5547,0,0.4515997720426606,-1.6914278845222745,0
1,0,0.55,-0.7,53,12520,5606,0,0.4477635782747604,-1.7655268741444416,0
1,0,0.55,-0.7,54,12756,5663,0,0.44394794606459703,-1.8398611440294197,0
1,0,0.55,-0.7,55,12992,5716,0,0.4399630541871921,-1.9181780007049198,0
1,0,0.55,-0.7,56,13228,5766,0,0.4358935591170245,-1.998893128931095,0
1,0,0.55,-0.7,57,13465,5814,0,0.4317861121425919,-2.081128771403977,0
1,0,0.55,-0.7,58,13701,5859,0,0.42763301948762866,-2.165077531524494,0
1,0,0.55,-0.7,59,13937,5900,0,0.4233335725048432,-2.252847933132014,0
1,0,0.55,-0.7,60,14173,5939,0,0.4190361955831511,-2.341471402087763,0
1,0,0.55,-0.7,61,14409,5975,0,0.41467138593934344,-2.4324207999105574,0
1,0,0.55,-0.7,62,14646,6007,0,0.41014611498019937,-2.527730122211111,0
1,0,0.55,-0.7,63,14882,6036,0,0.40559064641849213,-2.6247435471012217,0
1,0,0.55,-0.7,64,15118,6062,0,0.4009789654716232,-2.7240703446185033,0
1,0,0.55,-0.7,65,15354,6085,0,0.3963136641917416,-2.8257212392364757,0
1,0,0.55,-0.7,66,15591,6104,0,0.3915079212366109,-2.9316910970555283,0
1,0,0.55,-0.7,67,15827,6120,0,0.3866809881847476,-3.0394457694226773,0
1,0,0.55,-0.7,68,16063,6133,0,0.38180912656415367,-3.1495760585785426,0
1,0,0.55,-0.7,69,16299,6142,0,0.3768329345358611,-3.2635251180682348,0
1,0,0.55,-0.7,70,16535,6147,0,0.37175687934684004,-3.3813218877188547,0
1,0,0.55,-0.7,71,16772,6149,0,0.3666229430002385,-3.5021093788792146,0
1,0,0.55,-0.7,72,17008,6147,0,0.3614181561618062,-3.6263028463088522,0
1,0,0.55,-0.7,73,17244,6141,0,0.3561238691718859,-3.754480501135218,0
1,0,0.55,-0.7,74,17480,6132,0,0.3508009153318078,-3.8852878074625035,0
1,0,0.55,-0.7,75,17717,6119,0,0.3453744990686911,-4.020696804658816,0
1,0,0.55,-0.7,76,17953,6102,0,0.33988748398596336,-4.1597987167231665,0
1,0,0.55,-0.7,77,18189,6081,0,0.3343229424377371,-4.3031785559807245,0
1,0,0.55,-0.7,78,18425,6056,0,0.32868385345997286,-4.450934765923026,0
1,0,0.55,-0.7,79,18661,6027,0,0.32297304538877875,-4.603176593280501,0
1,0,0.55,-0.7,80,18898,5994,0,0.3171764207852683,-4.760484286018022,0
1,0,0.55,-0.7,81,19134,5957,0,0.31133061565799103,-4.922065555696732,0
1,0,0.55,-0.7,82,19370,5915,0,0.3053691275167785,-5.089999600244802,0
1,0,0.55,-0.7,83,19606,5870,0,0.299398143425482,-5.261520106227911,0
1,0,0.55,-0.7,84,19843,5820,0,0.2933024240286247,-5.440189119788595,0
1,0,0.55,-0.7,85,20079,5766,0,0.2871656955027641,-5.623850998561042,0
1,0,0.55,-0.7,86,20315,5707,0,0.2809254245631307,-5.814681247411016,0
1,0,0.55,-0.7,87,20551,5645,0,0.2746824972020826,-6.009882424908581,0
1,0,0.55,-0.7,88,20787,5577,0,0.2682926829268293,-6.214325596371779,0
1,0,0.55,-0.7,89,21024,5505,0,0.2618436073059361,-6.4256626565798936,0
1,0,0.55,-0.7,90,21260,5428,0,0.2553151458137347,-6.64497058913314,0
1,0,0.55,-0.7,91,21496,5347,0,0.24874395236323038,-6.871451551636999,0
1,0,0.55,-0.7,92,21732,5261,0,0.2420854040125161,-7.1071300564320525,0
1,0,0.55,-0.7,93,21969,5170,0,0.23533160362328737,-7.35289708039299,0
1,0,0.55,-0.7,94,22205,5075,0,0.22855212789912183,-7.606796783630454,0
1,0,0.55,-0.7,95,22441,4975,0,0.22169243794839802,-7.871484578295576,0
1,0,0.55,-0.7,96,22677,4870,0,0.21475503814437535,-8.14763494207151,0
1,0,0.55,-0.7,97,22913,4760,0,0.20774232968184,-8.436002212851125,0
1,0,0.55,-0.7,98,23150,4644,0,0.2006047516198704,-8.739677850890285,0
1,0,0.55,-0.7,99,23386,4524,0,0.19344907209441548,-9.055169146983276,0
1,0,0.55,-0.7,100,23622,4399,0,0.1862247057827449,-9.385756229081775,0
1,0,0.55,-0.7,101,23858,4269,0,0.17893369100511358,-9.732659754014477,0
1,0,0.55,-0.7,102,24094,4133,0,0.17153648211172906,-10.099372179623371,0
1,0,0.55,-0.7,103,24331,3992,0,0.16407052731083802,-10.485890687388029,0
1,0,0.55,-0.7,104,24567,3846,0,0.15655147148613993,-10.89335908375681,0
1,0,0.55,-0.7,105,24803,3694,0,0.14893359674232956,-11.32664860849163,0
1,0,0.55,-0.7,106,25039,3537,0,0.14125963496944766,-11.786140572111067,0
1,0,0.55,-0.7,107,25276,3374,0,0.13348631112517803,-12.277767533918452,0
1,0,0.55,-0.7,108,25512,3206,0,0.12566635308874255,-12.802121929477106,0
1,0,0.55,-0.7,109,25748,3033,0,0.11779555693646108,-13.363923968066933,0
1,0,0.55,-0.7,110,25984,2854,0,0.10983682266009852,-13.971542940790634,0
1,0,0.55,-0.7,111,26220,2669,0,0.10179252479023645,-14.632184436472727,0
1,0,0.55,-0.7,112,26457,2478,0,0.09366141285860075,-15.35528807079519,0
1,0,0.55,-0.7,113,26693,2282,0,0.08549057805417151,-16.14813709269709,0
1,0,0.55,-0.7,114,26929,2080,0,0.07724015002413755,-17.029639992307786,0
1,0,0.55,-0.7,115,27165,1872,0,0.06891220320265047,-18.020579464494634,0
1,0,0.55,-0.7,116,27402,1658,0,0.06050653236990001,-19.15045688066936,0
1,0,0.55,-0.7,117,27638,1438,0,0.05202981402416962,-20.46145669408659,0
1,0,0.55,-0.7,118,27874,1212,0,0.04348138049795509,-22.020435682649172,0
1,0,0.55,-0.7,119,28110,980,0,0.034863038064745645,-23.939197563440487,0
1,0,0.55,-0.7,120,28346,742,0,0.026176532844140267,-26.42825971532728,0
1,0,0.55,-0.7,121,28583,497,0,0.017387957877059792,-29.981530576613583,0
1,0,0.55,-0.7,122,28819,247,0,0.008570734584822513,-36.12614124018312,0
1,0,0.55,-0.7,123,29055,-11,0,-0.0003785923249010497,0.0,0
1,0,0.55,-0.7,124,29291,-274,0,-0.009354409204192414,0.0,0
1,0,0.55,-0.7,125,29528,-545,0,-0.018457057707938228,0.0,0
1,0,0.55,-0.7,126,29764,-821,0,-0.027583658110469023,0.0,0
1,0,0.55,-0.7,127,30000,-1103,0,-0.03676666666666667,0.0,0
1,1,0.55,-0.35,0,0,0,0,0.0,0.0,0
1,1,0.55,-0.35,1,236,130,0,0.5508474576271186,0.0,0
1,1,0.55,-0.35,2,472,260,0,0.5508474576271186,0.0,0
1,1,0.55,-0.35,3,709,390,0,0.5500705218617772,0.0,0
1,1,0.55,-0.35,4,945,519,0,0.5492063492063493,0.0,0
1,1,0.55,-0.35,5,1181,649,0,0.5495342929720576,0.0,0
1,1,0.55,-0.35,6,1417,778,0,0.5490472829922372,-0.007701048892517446,0
1,1,0.55,-0.35,7,1654,908,0,0.5489721886336155,-0.008889117645942898,0
1,1,0.55,-0.35,8,1890,1037,0,0.5486772486772487,-0.013556939421152665,0
1,1,0.55,-0.35,9,2126,1166,0,0.548447789275635,-0.017190179022742093,0
1,1,0.55,-0.35,10,2362,1295,0,0.548264182895851,-0.020098480941595387,0
1,1,0.55,-0.35,11,2598,1423,0,0.5477290223248653,-0.028580916791583054,0
1,1,0.55,-0.35,12,2835,1552,0,0.5474426807760141,-0.03312290987220342,0
1,1,0.55,-0.35,13,3071,1680,0,0.5470530771735591,-0.03930667808120978,0
1,1,0.55,-0.35,14,3307,1807,0,0.5464166918657394,-0.049416830792507686,0
1,1,0.55,-0.35,15,3543,1934,0,0.5458650860852385,-0.0581896354609751,0
1,1,0.55,-0.35,16,3780,2061,0,0.5452380952380952,-0.06817214489733876,0
1,1,0.55,-0.35,17,4016,2188,0,0.5448207171314741,-0.07482371324848425,0
1,1,0.55,-0.35,18,4252,2313,0,0.5439793038570084,-0.0882484453498835,0
1,1,0.55,-0.35,19,4488,2439,0,0.5434491978609626,-0.0967169424245763,0
1,1,0.55,-0.35,20,4724,2564,0,0.5427603725656224,-0.1077333456310358,0
1,1,0.55,-0.35,21,4961,2689,0,0.5420278169723846,-0.11946447999476842,0
1,1,0.55,-0.35,22,5197,2813,0,0.5412738118145084,-0.13155567689025927,0
1,1,0.55,-0.35,23,5433,2936,0,0.5404012516105282,-0.14556905953084798,0
1,1,0.55,-0.35,24,5669,3058,0,0.539424942670665,-0.16127550203046373,0
1,1,0.55,-0.35,25,5906,3181,0,0.5386048086691501,-0.17449145417101353,0
1,1,0.55,-0.35,26,6142,3302,0,0.5376098990556822,-0.19055084734259298,0
1,1,0.55,-0.35,27,6378,3423,0,0.5366886171213546,-0.20544829911835533,0
1,1,0.55,-0.35,28,6614,3543,0,0.5356818869065618,-0.2217567486272248,0
1,1,0.55,-0.35,29,6850,3663,0,0.5347445255474452,-0.2369690402947025,0
1,1,0.55,-0.35,30,7087,3782,0,0.5336531677719769,-0.2547141487870007,0
1,1,0.55,-0.35,31,7323,3900,0,0.5325686194182712,-0.2723845259441265,0
1,1,0.55,-0.35,32,7559,4017,0,0.5314194999338537,-0.29114625593303767,0
1,1,0.55,-0.35,33,7795,4133,0,0.5302116741500962,-0.31091026860013476,0
1,1,0.55,-0.35,34,8031,4248,0,0.5289503175196115,-0.3315983404007369,0
1,1,0.55,-0.35,35,8268,4363,0,0.5276971456216739,-0.3522010831056992,0
1,1,0.55,-0.35,36,8504,4477,0,0.5264581373471308,-0.37261912637299444,0
1,1,0.55,-0.35,37,8740,4589,0,0.5250572082379863,-0.3957634825319625,0
1,1,0.55,-0.35,38,8976,4701,0,0.5237299465240641,-0.4177478382137617,0
1,1,0.55,-0.35,39,9213,4812,0,0.5223054379680886,-0.4414050336355729,0
1,1,0.55,-0.35,40,9449,4922,0,0.520901682717748,-0.46478077619076097,0
1,1,0.55,-0.35,41,9685,5031,0,0.5194630872483221,-0.48880213832471753,0
1,1,0.55,-0.35,42,9921,5138,0,0.5178913415986292,-0.5151229777978473,0
1,1,0.55,-0.35,43,10157,5245,0,0.5163926356207542,-0.5402951821854086,0
1,1,0.55,-0.35,44,10394,5351,0,0.5148162401385414,-0.566851213988807,0
1,1,0.55,-0.35,45,10630,5455,0,0.5131702728127939,-0.5946661757158114,0
1,1,0.55,-0.35,46,10866,5558,0,0.511503773237622,-0.6229191488640672,0
1,1,0.55,-0.35,47,11102,5660,0,0.5098180508016573,-0.6515918198884968,0
1,1,0.55,-0.35,48,11339,5761,0,0.5080694946644325,-0.6814335851030123,0
1,1,0.55,-0.35,49,11575,5861,0,0.5063498920086393,-0.7108815499045258,0
1,1,0.55,-0.35,50,11811,5959,0,0.5045296757260181,-0.7421616654391926,0
1,1,0.55,-0.35,51,12047,6056,0,0.5026977670789408,-0.7737568607331042,0
1,1,0.55,-0.35,52,12283,6151,0,0.5007734266872914,-0.8070704802195471,0
1,1,0.55,-0.35,53,12520,6246,0,0.4988817891373802,-0.8399429633417109,0
1,1,0.55,-0.35,54,12756,6339,0,0.4969426152398871,-0.8737711597160049,0
1,1,0.55,-0.35,55,12992,6431,0,0.494996921182266,-0.9078460300237343,0
1,1,0.55,-0.35,56,13228,6521,0,0.49296945872391895,-0.9434957044212027,0
1,1,0.55,-0.35,57,13465,6610,0,0.4909023393984404,-0.9799939489748684,0
1,1,0.55,-0.35,58,13701,6697,0,0.4887964382161886,-1.0173353315467595,0
1,1,0.55,-0.35,59,13937,6783,0,0.48669010547463587,-1.054845643269973,0
1,1,0.55,-0.35,60,14173,6867,0,0.48451280603965285,-1.0937907783396068,0
1,1,0.55,-0.35,61,14409,6950,0,0.4823374279963911,-1.132876719107304,0
1,1,0.55,-0.35,62,14646,7031,0,0.4800628157858801,-1.1739346210466488,0
1,1,0.55,-0.35,63,14882,7111,0,0.47782556108049995,-1.2145084149624337,0
1,1,0.55,-0.35,64,15118,7188,0,0.47545971689376904,-1.2576214351073658,0
1,1,0.55,-0.35,65,15354,7265,0,0.47316660153705875,-1.2996143364728634,0
1,1,0.55,-0.35,66,15591,7339,0,0.4707202873452633,-1.344637660594955,0
1,1,0.55,-0.35,67,15827,7412,0,0.4683136412459721,-1.3891598179922207,0
1,1,0.55,-0.35,68,16063,7483,0,0.46585320301313576,-1.4349142664632244,0
1,1,0.55,-0.35,69,16299,7553,0,0.4634026627400454,-1.4807254848614047,0
1,1,0.55,-0.35,70,16535,7620,0,0.4608406410644088,-1.5288805419395124,0
1,1,0.55,-0.35,71,16772,7686,0,0.4582637729549249,-1.5775854558011015,0
1,1,0.55,-0.35,72,17008,7750,0,0.4556679209783631,-1.6269268771953138,0
1,1,0.55,-0.35,73,17244,7813,0,0.45308513106007886,-1.6762997811825726,0
1,1,0.55,-0.35,74,17480,7873,0,0.45040045766590386,-1.7279195208643825,0
1,1,0.55,-0.35,75,17717,7931,0,0.447649150533386,-1.781140689634229,0
1,1,0.55,-0.35,76,17953,7988,0,0.4449395644182031,-1.8338754774731505,0
1,1,0.55,-0.35,77,18189,8042,0,0.442135356534169,-1.8887910674918198,0
1,1,0.55,-0.35,78,18425,8095,0,0.43934871099050204,-1.9437088525710196,0
1,1,0.55,-0.35,79,18661,8145,0,0.43647178607791653,-2.0007724683436874,0
1,1,0.55,-0.35,80,18898,8194,0,0.43359085617525667,-2.058293684463589,0
1,1,0.55,-0.35,81,19134,8240,0,0.4306470157834222,-2.117467142326829,0
1,1,0.55,-0.35,82,19370,8284,0,0.42767165720185857,-2.1776865936910053,0
1,1,0.55,-0.35,83,19606,8326,0,0.42466591859634806,-2.2389478187605456,0
1,1,0.55,-0.35,84,19843,8367,0,0.4216600312452754,-2.300647251667638,0
1,1,0.55,-0.35,85,20079,8404,0,0.4185467403755167,-2.3650167035220417,0
1,1,0.55,-0.35,86,20315,8440,0,0.41545655919271474,-2.429383584472596,0
1,1,0.55,-0.35,87,20551,8474,0,0.4123400321152255,-2.4947859754244157,0
1,1,0.55,-0.35,88,20787,8505,0,0.40914994948766054,-2.562245945826762,0
1,1,0.55,-0.35,89,21024,8534,0,0.4059170471841705,-2.631150170864958,0
1,1,0.55,-0.35,90,21260,8560,0,0.4026340545625588,-2.701685893939583,0
1,1,0.55,-0.35,91,21496,8585,0,0.3993766282098995,-2.772243062300624,0
1,1,0.55,-0.35,92,21732,8607,0,0.39605190502484816,-2.8448538516575357,0
1,1,0.55,-0.35,93,21969,8626,0,0.392644180436069,-2.9199126846687005,0
1,1,0.55,-0.35,94,22205,8644,0,0.38928169331231705,-2.9946163697069093,0
1,1,0.55,-0.35,95,22441,8658,0,0.3858116839713025,-3.072388468983224,0
1,1,0.55,-0.35,96,22677,8671,0,0.38236980200202847,-3.150224260492002,0
1,1,0.55,-0.35,97,22913,8681,0,0.3788678915899271,-3.2301399614352837,0
1,1,0.55,-0.35,98,23150,8688,0,0.3752915766738661,-3.3125196459210926,0
1,1,0.55,-0.35,99,23386,8693,0,0.3717181219533054,-3.3956212981436007,0
1,1,0.55,-0.35,100,23622,8695,0,0.36808906951147236,-3.4808375604399275,0
1,1,0.55,-0.35,101,23858,8695,0,0.3644479839047699,-3.5671849419143036,0
1,1,0.55,-0.35,102,24094,8692,0,0.36075371461774713,-3.6556797508833156,0
1,1,0.55,-0.35,103,24331,8687,0,0.35703423615963176,-3.745698728030482,0
1,1,0.55,-0.35,104,24567,8678,0,0.35323808360809217,-3.8385455845376857,0
1,1,0.55,-0.35,105,24803,8668,0,0.34947385396927794,-3.9316021962159917,0
1,1,0.55,-0.35,106,25039,8654,0,0.34562083150285555,-4.027897769747508,0
1,1,0.55,-0.35,107,25276,8638,0,0.3417471118847919,-4.125798923346504,0
1,1,0.55,-0.35,108,25512,8619,0,0.3378410159924741,-4.225648494202947,0
1,1,0.55,-0.35,109,25748,8597,0,0.33389001087463105,-4.327827458110609,0
1,1,0.55,-0.35,110,25984,8572,0,0.3298953201970443,-4.432372887562893,0
1,1,0.55,-0.35,111,26220,8545,0,0.3258962623951182,-4.538308389683285,0
1,1,0.55,-0.35,112,26457,8514,0,0.3218051933325774,-4.648035013369247,0
1,1,0.55,-0.35,113,26693,8481,0,0.31772374779904844,-4.758902448752888,0
1,1,0.55,-0.35,114,26929,8445,0,0.31360243603550075,-4.872307432017985,0
1,1,0.55,-0.35,115,27165,8406,0,0.30944229707344006,-4.988302457743518,0
1,1,0.55,-0.35,116,27402,8364,0,0.3052331946573243,-5.1072607406372885,0
1,1,0.55,-0.35,117,27638,8319,0,0.3009986250814097,-5.228605747668901,0
1,1,0.55,-0.35,118,27874,8271,0,0.29672813374470836,-5.352721481341317,0
1,1,0.55,-0.35,119,28110,8220,0,0.29242262540021347,-5.479676545084894,0
1,1,0.55,-0.35,120,28346,8166,0,0.2880829746701475,-5.609544127763772,0
1,1,0.55,-0.35,121,28583,8108,0,0.2836651156281706,-5.743777369456322,0
1,1,0.55,-0.35,122,28819,8048,0,0.2792602102779416,-5.879714769734904,0
1,1,0.55,-0.35,123,29055,7985,0,0.2748236103940802,-6.0188151697428935,0
1,1,0.55,-0.35,124,29291,7918,0,0.27032194189341435,-6.1622700119394205,0
1,1,0.55,-0.35,125,29528,7848,0,0.26578163099431046,-6.3093967400512625,0
1,1,0.55,-0.35,126,29764,7775,0,0.26122160999865607,-6.459713947069908,0
1,1,0.55,-0.35,127,30000,7698,0,0.2566,-6.614762942958895,0
1,2,0.55,0.0,0,0,0,0,0.0,0.0,0
1,2,0.55,0.0,1,236,130,0,0.5508474576271186,0.0,0
1,2,0.55,0.0,2,472,260,0,0.5508474576271186,0.0,0
1,2,0.55,0.0,3,709,390,0,0.5500705218617772,0.0,0
1,2,0.55,0.0,4,945,520,0,0.5502645502645502,0.0,0
1,2,0.55,0.0,5,1181,650,0,0.550381033022862,0.0,0
1,2,0.55,0.0,6,1417,779,0,0.5497529992942837,-0.009917032084735242,0
1,2,0.55,0.0,7,1654,910,0,0.5501813784764208,-0.003151438495501843,0
1,2,0.55,0.0,8,1890,1039,0,0.5497354497354497,-0.010194312908150427,0
1,2,0.55,0.0,9,2126,1169,0,0.5498588899341487,-0.008244161095572562,0
1,2,0.55,0.0,10,2362,1299,0,0.5499576629974597,-0.0066840246761785335,0
1,2,0.55,0.0,11,2598,1429,0,0.5500384911470362,-0.005407539507593346,0
1,2,0.55,0.0,12,2835,1559,0,0.5499118165784832,-0.007408141388490455,0
1,2,0.55,0.0,13,3071,1689,0,0.5499837186584174,-0.006272518028020941,0
1,2,0.55,0.0,14,3307,1819,0,0.5500453583308135,-0.005299097591201213,0
1,2,0.55,0.0,15,3543,1949,0,0.5500987863392605,-0.004455444897932664,0
1,2,0.55,0.0,16,3780,2079,0,0.55,-0.006015390701938296,0
1,2,0.55,0.0,17,4016,2209,0,0.5500498007968128,-0.00522894589737526,0
1,2,0.55,0.0,18,4252,2339,0,0.5500940733772343,-0.0045298614289375145,0
1,2,0.55,0.0,19,4488,2468,0,0.5499108734402852,-0.007423038324834342,0
1,2,0.55,0.0,20,4724,2598,0,0.5499576629974597,-0.0066840246761785335,0
1,2,0.55,0.0,21,4961,2728,0,0.549889135254989,-0.007766401621700512,0
1,2,0.55,0.0,22,5197,2858,0,0.5499326534539157,-0.007079027944977136,0
1,2,0.55,0.0,23,5433,2988,0,0.5499723909442297,-0.006451418394009573,0
1,2,0.55,0.0,24,5669,3118,0,0.5500088198976892,-0.005876103349758661,0
1,2,0.55,0.0,25,5906,3248,0,0.5499492041991195,-0.006817621785254593,0
1,2,0.55,0.0,26,6142,3378,0,0.5499837186584174,-0.006272518028020941,0
1,2,0.55,0.0,27,6378,3508,0,0.5500156788962057,-0.005767784845564871,0
1,2,0.55,0.0,28,6614,3638,0,0.5500453583308135,-0.005299097591201213,0
1,2,0.55,0.0,29,6850,3767,0,0.54992700729927,-0.007168206369975245,0
1,2,0.55,0.0,30,7087,3898,0,0.550021165514322,-0.005681140185094538,0
1,2,0.55,0.0,31,7323,4028,0,0.5500477946196913,-0.005260625692229576,0
1,2,0.55,0.0,32,7559,4157,0,0.5499404683159148,-0.006955597291898791,0
1,2,0.55,0.0,33,7795,4287,0,0.5499679281590764,-0.0065219008713719205,0
1,2,0.55,0.0,34,8031,4417,0,0.5499937741252646,-0.0061137135508946465,0
1,2,0.55,0.0,35,8268,4547,0,0.5499516207063377,-0.006779455589664003,0
1,2,0.55,0.0,36,8504,4677,0,0.5499764816556915,-0.006386812721540107,0
1,2,0.55,0.0,37,8740,4807,0,0.55,-0.006015390701938296,0
1,2,0.55,0.0,38,8976,4937,0,0.5500222816399287,-0.005663514437917,0
1,2,0.55,0.0,39,9213,5067,0,0.5499837186584174,-0.006272518028020941,0
1,2,0.55,0.0,40,9449,5197,0,0.550005291565245,-0.005931823918972328,0
1,2,0.55,0.0,41,9685,5327,0,0.5500258131130614,-0.0056077459928150445,0
1,2,0.55,0.0,42,9921,5456,0,0.5499445620401169,-0.006890940285672095,0
1,2,0.55,0.0,43,10157,5586,0,0.5499655410062027,-0.006559602326944767,0
1,2,0.55,0.0,44,10394,5717,0,0.5500288628054647,-0.005559586038179072,0
1,2,0.55,0.0,45,10630,5846,0,0.5499529633113829,-0.006758250624398764,0
1,2,0.55,0.0,46,10866,5976,0,0.5499723909442297,-0.006451418394009573,0
1,2,0.55,0.0,47,11102,6106,0,0.5499909926139435,-0.0061576412507922985,0
1,2,0.55,0.0,48,11339,6236,0,0.5499603139606667,-0.006642156147192894,0
1,2,0.55,0.0,49,11575,6366,0,0.5499784017278617,-0.006356488686946006,0
1,2,0.55,0.0,50,11811,6496,0,0.5499957666581999,-0.006082246122278441,0
1,2,0.55,0.0,51,12047,6626,0,0.5500124512326721,-0.005818756504333296,0
1,2,0.55,0.0,52,12283,6756,0,0.5500284946674265,-0.005565399564809023,0
1,2,0.55,0.0,53,12520,6886,0,0.55,-0.006015390701938296,0
1,2,0.55,0.0,54,12756,7016,0,0.5500156788962057,-0.005767784845564871,0
1,2,0.55,0.0,55,12992,7145,0,0.5499538177339901,-0.006744755989037565,0
1,2,0.55,0.0,56,13228,7275,0,0.5499697611127911,-0.006492952261222775,0
1,2,0.55,0.0,57,13465,7406,0,0.5500185666542889,-0.005722181268924352,0
1,2,0.55,0.0,58,13701,7535,0,0.5499598569447486,-0.006649374107063761,0
1,2,0.55,0.0,59,13937,7665,0,0.5499748869914616,-0.006411997612264308,0
1,2,0.55,0.0,60,14173,7795,0,0.5499894164961546,-0.006182532576231776,0
1,2,0.55,0.0,61,14409,7925,0,0.5500034700534389,-0.005960589963525175,0
1,2,0.55,0.0,62,14646,8055,0,0.5499795165915609,-0.006338881498723826,0
1,2,0.55,0.0,63,14882,8185,0,0.5499932804730547,-0.006121509658305683,0
1,2,0.55,0.0,64,15118,8315,0,0.550006614631565,-0.0059109295850576305,0
1,2,0.55,0.0,65,15354,8445,0,0.550019538882376,-0.005706827862847845,0
1,2,0.55,0.0,66,15591,8575,0,0.5499967930216151,-0.006066037141092164,0
1,2,0.55,0.0,67,15827,8705,0,0.5500094774752006,-0.00586571871214781,0
1,2,0.55,0.0,68,16063,8834,0,0.5499595343335616,-0.006654469326201765,0
1,2,0.55,0.0,69,16299,8964,0,0.5499723909442297,-0.006451418394009573,0
1,2,0.55,0.0,70,16535,9094,0,0.5499848805563955,-0.0062541681994612176,0
1,2,0.55,0.0,71,16772,9224,0,0.5499642260911042,-0.006580369484576838,0
1,2,0.55,0.0,72,17008,9354,0,0.5499764816556915,-0.006386812721540107,0
1,2,0.55,0.0,73,17244,9484,0,0.5499884017629321,-0.006198558100814264,0
1,2,0.55,0.0,74,17480,9614,0,0.55,-0.006015390701938296,0
1,2,0.55,0.0,75,17717,9744,0,0.5499802449624654,-0.006327378261034473,0
1,2,0.55,0.0,76,17953,9874,0,0.5499916448504428,-0.00614734062592985,0
1,2,0.55,0.0,77,18189,10004,0,0.5500027489141789,-0.005971978510095337,0
1,2,0.55,0.0,78,18425,10134,0,0.5500135685210312,-0.005801112115551574,0
1,2,0.55,0.0,79,18661,10263,0,0.5499705267670543,-0.0064808599894790745,0
1,2,0.55,0.0,80,18898,10394,0,0.550005291565245,-0.005931823918972328,0
1,2,0.55,0.0,81,19134,10523,0,0.5499634159088533,-0.006593165151034808,0
1,2,0.55,0.0,82,19370,10653,0,0.5499741868869386,-0.00642305454347421,0
1,2,0.55,0.0,83,19606,10783,0,0.5499846985616648,-0.006257042435578087,0
1,2,0.55,0.0,84,19843,10913,0,0.549967242856423,-0.006532724169641002,0
1,2,0.55,0.0,85,20079,11043,0,0.549977588525325,-0.006369331723485581,0
1,2,0.55,0.0,86,20315,11173,0,0.5499876938222988,-0.006209738515070638,0
1,2,0.55,0.0,87,20551,11303,0,0.5499975670283684,-0.006053813556166764,0
1,2,0.55,0.0,88,20787,11433,0,0.5500072160484919,-0.005901431811652203,0
1,2,0.55,0.0,89,21024,11563,0,0.5499904870624048,-0.006165625321346365,0
1,2,0.55,0.0,90,21260,11693,0,0.55,-0.006015390701938296,0
1,2,0.55,0.0,91,21496,11823,0,0.5500093040565687,-0.00586845738374673,0
1,2,0.55,0.0,92,21732,11952,0,0.5499723909442297,-0.006451418394009573,0
1,2,0.55,0.0,93,21969,12083,0,0.550002275934271,-0.005979448023757792,0
1,2,0.55,0.0,94,22205,12212,0,0.5499662238234632,-0.0065488182482268,0
1,2,0.55,0.0,95,22441,12342,0,0.5499754912882671,-0.006402453808352654,0
1,2,0.55,0.0,96,22677,12472,0,0.5499845658596816,-0.006259138193738172,0
1,2,0.55,0.0,97,22913,12602,0,0.5499934534980142,-0.00611877712407412,0
1,2,0.55,0.0,98,23150,12732,0,0.5499784017278617,-0.006356488686946006,0
1,2,0.55,0.0,99,23386,12862,0,0.5499871718121954,-0.006217982561895051,0
1,2,0.55,0.0,100,23622,12992,0,0.5499957666581999,-0.006082246122278441,0
1,2,0.55,0.0,101,23858,13122,0,0.5500041914661749,-0.0059491971130439135,0
1,2,0.55,0.0,102,24094,13251,0,0.5499709471237653,-0.006474221141709792,0
1,2,0.55,0.0,103,24331,13382,0,0.5499979450084255,-0.006047844271702067,0
1,2,0.55,0.0,104,24567,13512,0,0.550006105751618,-0.005918965992231501,0
1,2,0.55,0.0,105,24803,13641,0,0.5499737934927227,-0.00642926752591364,0
1,2,0.55,0.0,106,25039,13771,0,0.5499820280362634,-0.006299218054805968,0
1,2,0.55,0.0,107,25276,13901,0,0.5499683494223769,-0.006515247674069359,0
1,2,0.55,0.0,108,25512,14031,0,0.5499764816556915,-0.006386812721540107,0
1,2,0.55,0.0,109,25748,14161,0,0.5499844648128009,-0.006260734024218438,0
1,2,0.55,0.0,110,25984,14291,0,0.549992302955665,-0.006136947330025098,0
1,2,0.55,0.0,111,26220,14421,0,0.55,-0.006015390701938296,0
1,2,0.55,0.0,112,26457,14551,0,0.5499867709868844,-0.0062243127562381815,0
1,2,0.55,0.0,113,26693,14681,0,0.5499943805492077,-0.0061041364815031425,0
1,2,0.55,0.0,114,26929,14811,0,0.5500018567343756,-0.00598606822438982,0
1,2,0.55,0.0,115,27165,14940,0,0.5499723909442297,-0.006451418394009573,0
1,2,0.55,0.0,116,27402,15071,0,0.5499963506313408,-0.006073023644820373,0
1,2,0.55,0.0,117,27638,15201,0,0.5500036182068166,-0.005958250262440459,0
1,2,0.55,0.0,118,27874,15330,0,0.5499748869914616,-0.006411997612264308,0
1,2,0.55,0.0,119,28110,15460,0,0.5499822127356813,-0.0062963010895075765,0
1,2,0.55,0.0,120,28346,15590,0,0.5499894164961546,-0.006182532576231776,0
1,2,0.55,0.0,121,28583,15720,0,0.5499772592100199,-0.00637453265769042,0
1,2,0.55,0.0,122,28819,15850,0,0.5499843853013637,-0.006261989746266343,0
1,2,0.55,0.0,123,29055,15980,0,0.5499913956289795,-0.006151276523205797,0
1,2,0.55,0.0,124,29291,16110,0,0.5499982929910211,-0.006042348728504277,0
1,2,0.55,0.0,125,29528,16240,0,0.5499864535356273,-0.006229326235700521,0
1,2,0.55,0.0,126,29764,16370,0,0.5499932804730547,-0.006121509658305683,0
1,2,0.55,0.0,127,30000,16500,0,0.55,-0.006015390701938296,0
1,3,0.55,0.35,0,0,0,0,0.0,0.0,0
1,3,0.55,0.35,1,236,130,0,0.5508474576271186,0.0,0
1,3,0.55,0.35,2,472,260,0,0.5508474576271186,0.0,0
1,3,0.55,0.35,3,709,390,0,0.5500705218617772,0.0,0
1,3,0.55,0.35,4,945,520,0,0.5502645502645502,0.0,0
1,3,0.55,0.35,5,1181,650,0,0.550381033022862,0.0,0
1,3,0.55,0.35,6,1417,780,0,0.5504587155963303,0.001225868273583966,0
1,3,0.55,0.35,7,1654,911,0,0.5507859733978234,0.00638825454259187,0
1,3,0.55,0.35,8,1890,1042,0,0.5513227513227513,0.01484911521841455,0
1,3,0.55,0.35,9,2126,1172,0,0.5512699905926622,0.014017849309060661,0
1,3,0.55,0.35,10,2362,1303,0,0.5516511430990686,0.020021268114958742,0
1,3,0.55,0.35,11,2598,1435,0,0.552347959969207,0.030985906073224503,0
1,3,0.55,0.35,12,2835,1567,0,0.5527336860670194,0.037049484206480285,0
1,3,0.55,0.35,13,3071,1698,0,0.5529143601432758,0.039888208710483805,0
1,3,0.55,0.35,14,3307,1831,0,0.5536740247958876,0.05181380717305762,0
1,3,0.55,0.35,15,3543,1963,0,0.554050239909681,0.05771376474976331,0
1,3,0.55,0.35,16,3780,2097,0,0.5547619047619048,0.06886343197555543,0
1,3,0.55,0.35,17,4016,2230,0,0.5552788844621513,0.07695399763713819,0
1,3,0.55,0.35,18,4252,2364,0,0.5559736594543744,0.08781514657235573,0
1,3,0.55,0.35,19,4488,2498,0,0.5565953654188949,0.09752253521341876,0
1,3,0.55,0.35,20,4724,2633,0,0.5573666384419983,0.10955022270500273,0
1,3,0.55,0.35,21,4961,2768,0,0.5579520258012497,0.11866799438387493,0
1,3,0.55,0.35,22,5197,2904,0,0.558783913796421,0.13160872351711633,0
1,3,0.55,0.35,23,5433,3040,0,0.5595435302779311,0.1434083909138414,0
1,3,0.55,0.35,24,5669,3177,0,0.5604162991709296,0.1569459761367312,0
1,3,0.55,0.35,25,5906,3315,0,0.5612935997290891,0.1705326216478299,0
1,3,0.55,0.35,26,6142,3454,0,0.5623575382611528,0.18698124190098267,0
1,3,0.55,0.35,27,6378,3592,0,0.5631859517089997,0.19976708117971168,0
1,3,0.55,0.35,28,6614,3732,0,0.5642576353190203,0.2162797093487501,0
1,3,0.55,0.35,29,6850,3872,0,0.5652554744525548,0.2316263622917936,0
1,3,0.55,0.35,30,7087,4014,0,0.5663891632566671,0.24902952721218696,0
1,3,0.55,0.35,31,7323,4156,0,0.5675269698211116,0.2664609143789599,0
1,3,0.55,0.35,32,7559,4298,0,0.5685937293292763,0.28277213569229626,0
1,3,0.55,0.35,33,7795,4442,0,0.5698524695317512,0.3019795131650788,0
1,3,0.55,0.35,34,8031,4586,0,0.5710372307309177,0.3200193091596847,0
1,3,0.55,0.35,35,8268,4732,0,0.5723270440251572,0.33961617942602546,0
1,3,0.55,0.35,36,8504,4878,0,0.573612417685795,0.35910170866261465,0
1,3,0.55,0.35,37,8740,5025,0,0.5749427917620137,0.3792234885756515,0
1,3,0.55,0.35,38,8976,5172,0,0.5762032085561497,0.39824426533858787,0
1,3,0.55,0.35,39,9213,5322,0,0.5776619993487463,0.42020680046595715,0
1,3,0.55,0.35,40,9449,5472,0,0.5791089004127421,0.4419356138650332,0
1,3,0.55,0.35,41,9685,5623,0,0.5805885389778007,0.46409998849864886,0
1,3,0.55,0.35,42,9921,5775,0,0.5820985787723012,0.4866615980295177,0
1,3,0.55,0.35,43,10157,5928,0,0.5836369006596436,0.5095856697987645,0
1,3,0.55,0.35,44,10394,6083,0,0.585241485472388,0.5334328989348367,0
1,3,0.55,0.35,45,10630,6238,0,0.586829727187206,0.5569729373697481,0
1,3,0.55,0.35,46,10866,6394,0,0.5884410086508375,0.5807894441725263,0
1,3,0.55,0.35,47,11102,6552,0,0.5901639344262295,0.6061841345435885,0
1,3,0.55,0.35,48,11339,6712,0,0.5919393244554193,0.6322746699296021,0
1,3,0.55,0.35,49,11575,6872,0,0.5936933045356372,0.6579738420770874,0
1,3,0.55,0.35,50,11811,7033,0,0.5954618575903818,0.6838097774834693,0
1,3,0.55,0.35,51,12047,7196,0,0.5973271353864033,0.7109757060471171,0
1,3,0.55,0.35,52,12283,7360,0,0.5992021493120573,0.7381980692057459,0
1,3,0.55,0.35,53,12520,7526,0,0.6011182108626199,0.7659285216018773,0
1,3,0.55,0.35,54,12756,7692,0,0.6030103480714958,0.793226119323597,0
1,3,0.55,0.35,55,12992,7860,0,0.6049876847290641,0.8216615022593401,0
1,3,0.55,0.35,56,13228,8030,0,0.6070456607196855,0.8511580001534971,0
1,3,0.55,0.35,57,13465,8201,0,0.6090605272929818,0.8799399023873838,0
1,3,0.55,0.35,58,13701,8374,0,0.611196263046493,0.9103446239841573,0
1,3,0.55,0.35,59,13937,8548,0,0.6133314199612542,0.9406350884204913,0
1,3,0.55,0.35,60,14173,8723,0,0.6154660269526565,0.9708125264431361,0
1,3,0.55,0.35,61,14409,8900,0,0.6176695121104865,1.0018541251389466,0
1,3,0.55,0.35,62,14646,9079,0,0.6198962173972415,1.0331105453632774,0
1,3,0.55,0.35,63,14882,9259,0,0.6221609998656095,1.064786497328696,0
1,3,0.55,0.35,64,15118,9441,0,0.6244873660537108,1.0972039519618357,0
1,3,0.55,0.35,65,15354,9624,0,0.6268073466197733,1.129412380632369,0
1,3,0.55,0.35,66,15591,9810,0,0.6292091591302674,1.1626315361617154,0
1,3,0.55,0.35,67,15827,9997,0,0.6316421305364252,1.1961526143862107,0
1,3,0.55,0.35,68,16063,10185,0,0.6340658656539874,1.2294182989500089,0
1,3,0.55,0.35,69,16299,10376,0,0.6366034726056813,1.264110885865992,0
1,3,0.55,0.35,70,16535,10568,0,0.6391291200483822,1.2985029265481662,0
1,3,0.55,0.35,71,16772,10762,0,0.6416646792272835,1.3328934989920727,0
1,3,0.55,0.35,72,17008,10958,0,0.6442850423330198,1.3682917978025724,0
1,3,0.55,0.35,73,17244,11155,0,0.6468916724657852,1.4033620281733041,0
1,3,0.55,0.35,74,17480,11355,0,0.6495995423340961,1.4396450245605796,0
1,3,0.55,0.35,75,17717,11557,0,0.6523113393915448,1.4758293815039716,0
1,3,0.55,0.35,76,17953,11760,0,0.6550437252826825,1.5121366365062157,0
1,3,0.55,0.35,77,18189,11965,0,0.6578151630106108,1.5488084193097298,0
1,3,0.55,0.35,78,18425,12172,0,0.6606241519674355,1.5858197625139914,0
1,3,0.55,0.35,79,18661,12382,0,0.663522855152457,1.6238485554537445,0
1,3,0.55,0.35,80,18898,12594,0,0.6664197269552333,1.6616877056650947,0
1,3,0.55,0.35,81,19134,12807,0,0.6693320790216368,1.6995636173533113,0
1,3,0.55,0.35,82,19370,13022,0,0.6722767165720186,1.737692225248525,0
1,3,0.55,0.35,83,19606,13240,0,0.6753034785269816,1.7767105554481777,0
1,3,0.55,0.35,84,19843,13460,0,0.6783248500730736,1.81548536952755,0
1,3,0.55,0.35,85,20079,13682,0,0.6814084366751332,1.8548809467205472,0
1,3,0.55,0.35,86,20315,13906,0,0.6845188284518828,1.8944387871565136,0
1,3,0.55,0.35,87,20551,14132,0,0.6876551019415114,1.9341442096825983,0
1,3,0.55,0.35,88,20787,14360,0,0.6908163756193775,1.9739832964773854,0
1,3,0.55,0.35,89,21024,14592,0,0.6940639269406392,2.014720281506267,0
1,3,0.55,0.35,90,21260,14825,0,0.6973189087488241,2.05535965639363,0
1,3,0.55,0.35,91,21496,15060,0,0.7005954596203945,2.0960771882045783,0
1,3,0.55,0.35,92,21732,15298,0,0.7039388919565618,2.137430023904993,0
1,3,0.55,0.35,93,21969,15539,0,0.7073148527470526,2.1789863760390706,0
1,3,0.55,0.35,94,22205,15781,0,0.7106957892366584,2.220405665852806,0
1,3,0.55,0.35,95,22441,16026,0,0.7141392986052315,2.262389472724623,0
1,3,0.55,0.35,96,22677,16273,0,0.7175993297173348,2.3043713069733958,0
1,3,0.55,0.35,97,22913,16523,0,0.7211190154061013,2.346869774510665,0
1,3,0.55,0.35,98,23150,16776,0,0.7246652267818574,2.3894792614794937,0
1,3,0.55,0.35,99,23386,17031,0,0.7282562216710853,2.43241489140463,0
1,3,0.55,0.35,100,23622,17288,0,0.7318601303869274,2.4752925934394194,0
1,3,0.55,0.35,101,23858,17548,0,0.7355184843658311,2.5186026491194937,0
1,3,0.55,0.35,102,24094,17811,0,0.7392296837386901,2.5623187722116407,0
1,3,0.55,0.35,103,24331,18077,0,0.7429616538572192,2.6060588053119087,0
1,3,0.55,0.35,104,24567,18345,0,0.7467334228843571,2.650042624588058,0
1,3,0.55,0.35,105,24803,18615,0,0.750514050719671,2.6939073650668948,0
1,3,0.55,0.35,106,25039,18888,0,0.7543432245696713,2.738110697562068,0
1,3,0.55,0.35,107,25276,19165,0,0.7582291501819908,2.7827403573815923,0
1,3,0.55,0.35,108,25512,19444,0,0.762151144559423,2.8275529427652195,0
1,3,0.55,0.35,109,25748,19725,0,0.7660789187509709,2.87220104790371,0
1,3,0.55,0.35,110,25984,20010,0,0.7700892857142857,2.9175524409157862,0
1,3,0.55,0.35,111,26220,20297,0,0.7741037376048817,2.9627141067268017,0
1,3,0.55,0.35,112,26457,20588,0,0.7781683486411913,3.0082020645213103,0
1,3,0.55,0.35,113,26693,20880,0,0.7822275502940846,3.053392976818236,0
1,3,0.55,0.35,114,26929,21176,0,0.7863641427457388,3.0992048588575742,0
1,3,0.55,0.35,115,27165,21475,0,0.7905392968893797,3.14520008208399,0
1,3,0.55,0.35,116,27402,21778,0,0.7947595066053573,3.191445449018044,0
1,3,0.55,0.35,117,27638,22082,0,0.7989724292640568,3.237366680409544,0
1,3,0.55,0.35,118,27874,22390,0,0.8032575159646983,3.2838267768808382,0
1,3,0.55,0.35,119,28110,22700,0,0.8075418000711491,3.3300310511268245,0
1,3,0.55,0.35,120,28346,23014,0,0.8118958583221618,3.3767373388032085,0
1,3,0.55,0.35,121,28583,23332,0,0.8162894027918693,3.423613988434085,0
1,3,0.55,0.35,122,28819,23652,0,0.8207085603247858,3.4705100857196887,0
1,3,0.55,0.35,123,29055,23975,0,0.8251591808638788,3.5174855407713674,0
1,3,0.55,0.35,124,29291,24301,0,0.8296405039090505,3.5645297515167935,0
1,3,0.55,0.35,125,29528,24632,0,0.8341912760769439,3.6120436935640026,0
1,3,0.55,0.35,126,29764,24965,0,0.8387649509474533,3.659536309925435,0
1,3,0.55,0.35,127,30000,25301,0,0.8433666666666667,3.707059457547546,0
1,4,0.55,0.7,0,0,0,0,0.0,0.0,0
1,4,0.55,0.7,1,236,130,0,0.5508474576271186,0.0,0
1,4,0.55,0.7,2,472,260,0,0.5508474576271186,0.0,0
1,4,0.55,0.7,3,709,390,0,0.5500705218617772,0.0,0
1,4,0.55,0.7,4,945,520,0,0.5502645502645502,0.0,0
1,4,0.55,0.7,5,1181,651,0,0.5512277730736664,0.0,0
1,4,0.55,0.7,6,1417,781,0,0.5511644318983768,-0.000998146496745646,0
1,4,0.55,0.7,7,1654,913,0,0.5519951632406288,0.012083627261877542,0
1,4,0.55,0.7,8,1890,1044,0,0.5523809523809524,0.018152070766441125,0
1,4,0.55,0.7,9,2126,1176,0,0.5531514581373471,0.030259411963291082,0
1,4,0.55,0.7,10,2362,1308,0,0.5537679932260796,0.03993519512150527,0
1,4,0.55,0.7,11,2598,1440,0,0.5542725173210161,0.047845088071266556,0
1,4,0.55,0.7,12,2835,1574,0,0.5552028218694885,0.06241147678886315,0
1,4,0.55,0.7,13,3071,1708,0,0.556170628459785,0.07753917910480183,0
1,4,0.55,0.7,14,3307,1842,0,0.5570003023888721,0.09048679984900247,0
1,4,0.55,0.7,15,3543,1978,0,0.5582839401637031,0.1104808794661233,0
1,4,0.55,0.7,16,3780,2114,0,0.5592592592592592,0.12564184359009864,0
1,4,0.55,0.7,17,4016,2251,0,0.56050796812749,0.14501399817759691,0
1,4,0.55,0.7,18,4252,2389,0,0.5618532455315146,0.16583605887883182,0
1,4,0.55,0.7,19,4488,2527,0,0.5630570409982175,0.18442605434265308,0
1,4,0.55,0.7,20,4724,2667,0,0.5645639288738358,0.20764071587443572,0
1,4,0.55,0.7,21,4961,2808,0,0.5660149163475106,0.22993570933809715,0
1,4,0.55,0.7,22,5197,2950,0,0.5676351741389263,0.2547641640125262,0
1,4,0.55,0.7,23,5433,3093,0,0.5692987299834346,0.2801824802956184,0
1,4,0.55,0.7,24,5669,3237,0,0.5710001763979538,0.3061030291385169,0
1,4,0.55,0.7,25,5906,3383,0,0.5728073145953267,0.3335492840848741,0
1,4,0.55,0.7,26,6142,3529,0,0.5745685444480625,0.36021510596483797,0
1,4,0.55,0.7,27,6378,3677,0,0.5765130134838508,0.3895604801448972,0
1,4,0.55,0.7,28,6614,3826,0,0.5784699123072271,0.4189936831783167,0
1,4,0.55,0.7,29,6850,3977,0,0.5805839416058394,0.4506785707775515,0
1,4,0.55,0.7,30,7087,4130,0,0.5827571609990123,0.4831305588041458,0
1,4,0.55,0.7,31,7323,4284,0,0.5850061450225318,0.5165867413657955,0
1,4,0.55,0.7,32,7559,4439,0,0.5872469903426379,0.5497941745844114,0
1,4,0.55,0.7,33,7795,4596,0,0.5896087235407312,0.584656190734197,0
1,4,0.55,0.7,34,8031,4755,0,0.5920806873365708,0.6209960882432093,0
1,4,0.55,0.7,35,8268,4916,0,0.594581519109821,0.6576063060897737,0
1,4,0.55,0.7,36,8504,5078,0,0.5971307619943556,0.694767081355717,0
1,4,0.55,0.7,37,8740,5242,0,0.5997711670480549,0.7330898604300278,0
1,4,0.55,0.7,38,8976,5408,0,0.6024955436720143,0.772454961336323,0
1,4,0.55,0.7,39,9213,5577,0,0.6053402800390753,0.8133696474830493,0
1,4,0.55,0.7,40,9449,5747,0,0.6082125092602392,0.8544851437910616,0
1,4,0.55,0.7,41,9685,5919,0,0.61115126484254,0.8963524792409362,0
1,4,0.55,0.7,42,9921,6093,0,0.6141517992137889,0.938892750728535,0
1,4,0.55,0.7,43,10157,6269,0,0.617209806045092,0.9820345286457783,0
1,4,0.55,0.7,44,10394,6449,0,0.6204541081393111,1.0275714699164777,0
1,4,0.55,0.7,45,10630,6629,0,0.6236124176857949,1.0716732707911252,0
1,4,0.55,0.7,46,10866,6813,0,0.6270016565433462,1.1187519457403678,0
1,4,0.55,0.7,47,11102,6998,0,0.6303368762385155,1.1648324839273712,0
1,4,0.55,0.7,48,11339,7187,0,0.6338301437516536,1.212835972144955,0
1,4,0.55,0.7,49,11575,7377,0,0.6373218142548596,1.2605538562742324,0
1,4,0.55,0.7,50,11811,7570,0,0.6409279485225637,1.3095623807100725,0
1,4,0.55,0.7,51,12047,7766,0,0.6446418195401344,1.3597476982706902,0
1,4,0.55,0.7,52,12283,7964,0,0.6483758039566881,1.4099141710564813,0
1,4,0.55,0.7,53,12520,8165,0,0.6521565495207667,1.4604153848719772,0
1,4,0.55,0.7,54,12756,8369,0,0.6560834117278144,1.5125593266591089,0
1,4,0.55,0.7,55,12992,8575,0,0.6600215517241379,1.5645405172606162,0
1,4,0.55,0.7,56,13228,8784,0,0.6640459631085576,1.6173409981934852,0
1,4,0.55,0.7,57,13465,8997,0,0.6681767545488303,1.6712054355396624,0
1,4,0.55,0.7,58,13701,9212,0,0.6723596817750529,1.7254114402170653,0
1,4,0.55,0.7,59,13937,9430,0,0.6766162014780799,1.7802260348196952,0
1,4,0.55,0.7,60,14173,9651,0,0.6809426374091583,1.8355887508524762,0
1,4,0.55,0.7,61,14409,9875,0,0.6853355541675342,1.8914434397039206,0
1,4,0.55,0.7,62,14646,10103,0,0.6898129182029223,1.9480046446742998,0
1,4,0.55,0.7,63,14882,10334,0,0.6943959145276173,2.0055213210686187,0
1,4,0.55,0.7,64,15118,10567,0,0.6989681174758566,2.062525509265214,0
1,4,0.55,0.7,65,15354,10804,0,0.7036602839650905,2.1206389657981393,0
1,4,0.55,0.7,66,15591,11046,0,0.7084856648066192,2.179999527809184,0
1,4,0.55,0.7,67,15827,11289,0,0.7132747835976496,2.23851559450466,0
1,4,0.55,0.7,68,16063,11536,0,0.7181721969744133,2.2979499412267006,0
1,4,0.55,0.7,69,16299,11787,0,0.7231732008098657,2.358224656468163,0
1,4,0.55,0.7,70,16535,12041,0,0.728212881765951,2.4185453237956733,0
1,4,0.55,0.7,71,16772,12300,0,0.7333651323634629,2.4797833350638028,0
1,4,0.55,0.7,72,17008,12562,0,0.738593603010348,2.5414890186831105,0
1,4,0.55,0.7,73,17244,12827,0,0.7438529343539781,2.603119792041435,0
1,4,0.55,0.7,74,17480,13096,0,0.7491990846681922,2.6653229430164718,0
1,4,0.55,0.7,75,17717,13370,0,0.7546424338206242,2.728202622695922,0
1,4,0.55,0.7,76,17953,13646,0,0.7600958057149223,2.7907449020748434,0
1,4,0.55,0.7,77,18189,13927,0,0.7656825553906207,2.854353233693016,0
1,4,0.55,0.7,78,18425,14211,0,0.7712890094979648,2.9177210392370565,0
1,4,0.55,0.7,79,18661,14500,0,0.7770215958415948,2.9820399681087917,0
1,4,0.55,0.7,80,18898,14794,0,0.7828341623452217,3.046773575155268,0
1,4,0.55,0.7,81,19134,15090,0,0.788648479147068,3.1110475838861964,0
1,4,0.55,0.7,82,19370,15391,0,0.7945792462570986,3.176122530110127,0
1,4,0.55,0.7,83,19606,15696,0,0.8005712536978477,3.241378015585294,0
1,4,0.55,0.7,84,19843,16007,0,0.8066824572897243,3.307430432072401,0
1,4,0.55,0.7,85,20079,16321,0,0.8128392848249415,3.37347188212463,0
1,4,0.55,0.7,86,20315,16639,0,0.8190499630814669,3.43958608250659,0
1,4,0.55,0.7,87,20551,16961,0,0.8253126368546543,3.5057480789549738,0
1,4,0.55,0.7,88,20787,17288,0,0.8316736421802088,3.5724369373487255,0
1,4,0.55,0.7,89,21024,17621,0,0.8381373668188736,3.639682247124407,0
1,4,0.55,0.7,90,21260,17957,0,0.8446378174976482,3.7067886301638238,0
1,4,0.55,0.7,91,21496,18298,0,0.8512281354670637,3.774297577579863,0
1,4,0.55,0.7,92,21732,18644,0,0.8579053929688938,3.8421661388837514,0
1,4,0.55,0.7,93,21969,18995,0,0.8646274295598343,3.9099583615909688,0
1,4,0.55,0.7,94,22205,19350,0,0.8714253546498536,3.9779820178111653,0
1,4,0.55,0.7,95,22441,19710,0,0.878303105922196,4.046266551706429,0
1,4,0.55,0.7,96,22677,20075,0,0.8852581911187547,4.1147772586982,0
1,4,0.55,0.7,97,22913,20444,0,0.8922445773141885,4.1830565244510245,0
1,4,0.55,0.7,98,23150,20821,0,0.8993952483801296,4.252389957002758,0
1,4,0.55,0.7,99,23386,21200,0,0.9065252715299752,4.3209764925714245,0
1,4,0.55,0.7,100,23622,21585,0,0.913766827533655,4.390085937274721,0
1,4,0.55,0.7,101,23858,21975,0,0.9210746919272361,4.4592751708708045,0
1,4,0.55,0.7,102,24094,22370,0,0.9284469162447082,4.528519742723084,0
1,4,0.55,0.7,103,24331,22772,0,0.9359253627060129,4.598202509143529,0
1,4,0.55,0.7,104,24567,23178,0,0.9434607400170961,4.667854834811276,0
1,4,0.55,0.7,105,24803,23589,0,0.9510543079466194,4.737484523190453,0
1,4,0.55,0.7,106,25039,24005,0,0.9587044211030792,4.807072783745619,0
1,4,0.55,0.7,107,25276,24429,0,0.9664899509416047,4.877325037317439,0
1,4,0.55,0.7,108,25512,24857,0,0.9743258074631546,4.947462302525847,0
1,4,0.55,0.7,109,25748,25290,0,0.9822122106571384,5.017484758655918,0
1,4,0.55,0.7,110,25984,25728,0,0.9901477832512315,5.087378571051976,0
1,4,0.55,0.7,111,26220,26172,0,0.9981693363844394,5.157462666351648,0
1,4,0.55,0.7,112,26457,26624,0,1.006312129115168,5.228032326664542,0
1,4,0.55,0.7,113,26693,27080,0,1.0144981830442439,5.298403651969151,0
1,4,0.55,0.7,114,26929,27542,0,1.0227635634446137,5.368883133561173,0
1,4,0.55,0.7,115,27165,28009,0,1.0310693907601693,5.4391360648530185,0
1,4,0.55,0.7,116,27402,28485,0,1.0395226625793739,5.510057416947548,0
1,4,0.55,0.7,117,27638,28964,0,1.0479774223894638,5.580416707194723,0
1,4,0.55,0.7,118,27874,29449,0,1.0565042692114515,5.650803307418567,0
1,4,0.55,0.7,119,28110,29941,0,1.0651369619352544,5.721487293927918,0
1,4,0.55,0.7,120,28346,30438,0,1.0738023001481691,5.791864779161164,0
1,4,0.55,0.7,121,28583,30944,0,1.0826015463737186,5.862751042825952,0
1,4,0.55,0.7,122,28819,31454,0,1.0914327353482078,5.933317689692975,0
1,4,0.55,0.7,123,29055,31971,0,1.10036138358286,6.004084995354743,0
1,4,0.55,0.7,124,29291,32493,0,1.1093168550066574,6.074490415458471,0
1,4,0.55,0.7,125,29528,32767,0,1.1096924952587375,6.077431159988419,1
1,4,0.55,0.7,126,29764,32767,0,1.1008936970837253,6.008285886430116,1
1,4,0.55,0.7,127,30000,32767,0,1.0922333333333334,5.939686709347187,1
2,0,0.7,-0.7,0,0,0,0,0.0,0.0,0
2,0,0.7,-0.7,1,236,165,0,0.6991525423728814,0.0,0
2,0,0.7,-0.7,2,472,330,0,0.6991525423728814,0.0,0
2,0,0.7,-0.7,3,709,496,0,0.6995768688293371,0.0,0
2,0,0.7,-0.7,4,945,661,0,0.6994708994708995,0.0,0
2,0,0.7,-0.7,5,1181,826,0,0.6994072819644369,0.0,0
2,0,0.7,-0.7,6,1417,990,0,0.6986591390261115,-0.009296107135557303,0
2,0,0.7,-0.7,7,1654,1155,0,0.6983071342200725,-0.013673413904643876,0
2,0,0.7,-0.7,8,1890,1319,0,0.6978835978835979,-0.018943166674925144,0
2,0,0.7,-0.7,9,2126,1482,0,0.6970837253057385,-0.028904125016720357,0
2,0,0.7,-0.7,10,2362,1645,0,0.6964436917866215,-0.0368828139674071,0
2,0,0.7,-0.7,11,2598,1807,0,0.6955350269438029,-0.04822287765889331,0
2,0,0.7,-0.7,12,2835,1970,0,0.6948853615520282,-0.05633973548399812,0
2,0,0.7,-0.7,13,3071,2131,0,0.6939107782481276,-0.06853032871468737,0
2,0,0.7,-0.7,14,3307,2291,0,0.6927729059570608,-0.08278510862345559,0
2,0,0.7,-0.7,15,3543,2451,0,0.6917866215071973,-0.09515981575933459,0
2,0,0.7,-0.7,16,3780,2611,0,0.6907407407407408,-0.10830155442296599,0
2,0,0.7,-0.7,17,4016,2769,0,0.68949203187251,-0.12401796196511701,0
2,0,0.7,-0.7,18,4252,2926,0,0.6881467544684854,-0.14098167537669087,0
2,0,0.7,-0.7,19,4488,3083,0,0.6869429590017825,-0.156189464569284,0
2,0,0.7,-0.7,20,4724,3238,0,0.6854360711261642,-0.17526388461979386,0
2,0,0.7,-0.7,21,4961,3393,0,0.6839346905865753,-0.19431034195870545,0
2,0,0.7,-0.7,22,5197,3546,0,0.6823167211852992,-0.21488270529655934,0
2,0,0.7,-0.7,23,5433,3699,0,0.6808393152954169,-0.23371046850388427,0
2,0,0.7,-0.7,24,5669,3850,0,0.679132122067384,-0.2555175437867349,0
2,0,0.7,-0.7,25,5906,4000,0,0.6772773450728073,-0.279272020159293,0
2,0,0.7,-0.7,26,6142,4148,0,0.6753500488440247,-0.30402428193828374,0
2,0,0.7,-0.7,27,6378,4296,0,0.6735653809971778,-0.32700783844617254,0
2,0,0.7,-0.7,28,6614,4441,0,0.6714544904747505,-0.35427134221751144,0
2,0,0.7,-0.7,29,6850,4586,0,0.6694890510948905,-0.37973341610745837,0
2,0,0.7,-0.7,30,7087,4729,0,0.6672781148581911,-0.40846536905915365,0
2,0,0.7,-0.7,31,7323,4870,0,0.6650279939915336,-0.43780445258168244,0
2,0,0.7,-0.7,32,7559,5010,0,0.6627860828151871,-0.46713538362181334,0
2,0,0.7,-0.7,33,7795,5148,0,0.6604233483001924,-0.4981546199875758,0
2,0,0.7,-0.7,34,8031,5284,0,0.6579504420371062,-0.530739333419458,0
2,0,0.7,-0.7,35,8268,5419,0,0.655418480890179,-0.5642293329945435,0
2,0,0.7,-0.7,36,8504,5552,0,0.6528692380056444,-0.5980788755061849,0
2,0,0.7,-0.7,37,8740,5683,0,0.6502288329519451,-0.6332785259308011,0
2,0,0.7,-0.7,38,8976,5812,0,0.6475044563279857,-0.6697477598593946,0
2,0,0.7,-0.7,39,9213,5939,0,0.6446325843916205,-0.7083579118515431,0
2,0,0.7,-0.7,40,9449,6064,0,0.6417610329135358,-0.747136121446753,0
2,0,0.7,-0.7,41,9685,6187,0,0.6388229220443985,-0.786993174839924,0
2,0,0.7,-0.7,42,9921,6308,0,0.6358230017135369,-0.8278782936673499,0
2,0,0.7,-0.7,43,10157,6427,0,0.6327655803879099,-0.8697460449692014,0
2,0,0.7,-0.7,44,10394,6544,0,0.6295939965364633,-0.913391430608831,0
2,0,0.7,-0.7,45,10630,6658,0,0.6263405456255879,-0.9583924681903123,0
2,0,0.7,-0.7,46,10866,6770,0,0.6230443585496043,-1.0042236343885025,0
2,0,0.7,-0.7,47,11102,6879,0,0.6196180868312016,-1.0521212650621588,0
2,0,0.7,-0.7,48,11339,6987,0,0.616191904047976,-1.1002832349469442,0
2,0,0.7,-0.7,49,11575,7092,0,0.6126997840172786,-1.149648449359559,0
2,0,0.7,-0.7,50,11811,7194,0,0.6090932181864364,-1.2009277146853423,0
2,0,0.7,-0.7,51,12047,7293,0,0.605378932514319,-1.2540569297137258,0
2,0,0.7,-0.7,52,12283,7390,0,0.601644549377188,-1.3078032631982464,0
2,0,0.7,-0.7,53,12520,7485,0,0.5978434504792333,-1.3628534780441417,0
2,0,0.7,-0.7,54,12756,7576,0,0.5939165882721856,-1.4200938856514393,0
2,0,0.7,-0.7,55,12992,7665,0,0.5899784482758621,-1.4778800482714702,0
2,0,0.7,-0.7,56,13228,7751,0,0.5859540368914424,-1.5373319811920227,0
2,0,0.7,-0.7,57,13465,7834,0,0.5818046787968808,-1.5990588048509915,0
2,0,0.7,-0.7,58,13701,7914,0,0.577622071381651,-1.66172740207043,0
2,0,0.7,-0.7,59,13937,7991,0,0.5733658606586783,-1.7259663816400503,0
2,0,0.7,-0.7,60,14173,8065,0,0.5690397234177662,-1.7917513021243667,0
2,0,0.7,-0.7,61,14409,8136,0,0.5646470955652717,-1.8590610230160765,0
2,0,0.7,-0.7,62,14646,8204,0,0.5601529427830124,-1.9284705562274196,0
2,0,0.7,-0.7,63,14882,8269,0,0.5556376831071093,-1.9987691595747739,0
2,0,0.7,-0.7,64,15118,8330,0,0.5509988093663183,-2.0715897861105987,0
2,0,0.7,-0.7,65,15354,8388,0,0.5463071512309496,-2.145865283687805,0
2,0,0.7,-0.7,66,15591,8443,0,0.5415303700853056,-2.222146639523381,0
2,0,0.7,-0.7,67,15827,8495,0,0.5367410121943514,-2.2993073772283905,0
2,0,0.7,-0.7,68,16063,8542,0,0.5317811118720039,-2.3799448395080764,0
2,0,0.7,-0.7,69,16299,8587,0,0.5268421375544512,-2.4609929312305887,0
2,0,0.7,-0.7,70,16535,8628,0,0.5218022376776534,-2.544484250521633,0
2,0,0.7,-0.7,71,16772,8665,0,0.5166348676365371,-2.6309287277692444,0
2,0,0.7,-0.7,72,17008,8698,0,0.511406396989652,-2.719279871135435,0
2,0,0.7,-0.7,73,17244,8728,0,0.5061470656460219,-2.809068526168647,0
2,0,0.7,-0.7,74,17480,8754,0,0.5008009153318078,-2.901300714563127,0
2,0,0.7,-0.7,75,17717,8777,0,0.49539989840266413,-2.995484730455755,0
2,0,0.7,-0.7,76,17953,8795,0,0.48989026903581573,-3.0926267359771087,0
2,0,0.7,-0.7,77,18189,8810,0,0.4843586783220628,-3.1912612849889666,0
2,0,0.7,-0.7,78,18425,8820,0,0.47869742198100407,-3.293381222122735,0
2,0,0.7,-0.7,79,18661,8827,0,0.47301859493060394,-3.3970387198877425,0
2,0,0.7,-0.7,80,18898,8829,0,0.4671922954810033,-3.504689550820852,0
2,0,0.7,-0.7,81,19134,8827,0,0.46132538935925577,-3.6144558549226358,0
2,0,0.7,-0.7,82,19370,8821,0,0.45539494062984,-3.7268389669627715,0
2,0,0.7,-0.7,83,19606,8811,0,0.4494032439049271,-3.841878935326723,0
2,0,0.7,-0.7,84,19843,8797,0,0.44333014161165146,-3.960057802366502,0
2,0,0.7,-0.7,85,20079,8778,0,0.43717316599432243,-4.081533058421511,0
2,0,0.7,-0.7,86,20315,8755,0,0.4309623430962343,-4.205816518996658,0
2,0,0.7,-0.7,87,20551,8728,0,0.42469952800350347,-4.332967427518383,0
2,0,0.7,-0.7,88,20787,8696,0,0.4183383845672776,-4.464048693634016,0
2,0,0.7,-0.7,89,21024,8659,0,0.4118626331811263,-4.599555158863534,0
2,0,0.7,-0.7,90,21260,8618,0,0.40536218250235184,-4.7377384028359275,0
2,0,0.7,-0.7,91,21496,8572,0,0.39877186453293634,-4.880112815243768,0
2,0,0.7,-0.7,92,21732,8522,0,0.3921406221240567,-5.0257663240823245,0
2,0,0.7,-0.7,93,21969,8466,0,0.3853611907688106,-5.177243488507789,0
2,0,0.7,-0.7,94,22205,8406,0,0.37856338662463407,-5.331830830942879,0
2,0,0.7,-0.7,95,22441,8342,0,0.371730315048349,-5.490043398729988,0
2,0,0.7,-0.7,96,22677,8272,0,0.36477488203907044,-5.65410448036263,0
2,0,0.7,-0.7,97,22913,8197,0,0.3577445118491686,-5.823143394524366,0
2,0,0.7,-0.7,98,23150,8117,0,0.35062634989200864,-5.9977119818746765,0
2,0,0.7,-0.7,99,23386,8033,0,0.3434961087830326,-6.176166561779315,0
2,0,0.7,-0.7,100,23622,7943,0,0.33625433917534503,-6.361245046626992,0
2,0,0.7,-0.7,101,23858,7848,0,0.3289462654036382,-6.552103791651348,0
2,0,0.7,-0.7,102,24094,7748,0,0.3215738358097452,-6.74898887331185,0
2,0,0.7,-0.7,103,24331,7642,0,0.31408491225185975,-6.953661501642675,0
2,0,0.7,-0.7,104,24567,7531,0,0.3065494362356006,-7.164592558774939,0
2,0,0.7,-0.7,105,24803,7415,0,0.29895577147925656,-7.382464152283842,0
2,0,0.7,-0.7,106,25039,7294,0,0.2913055633212189,-7.6076274178466265,0
2,0,0.7,-0.7,107,25276,7166,0,0.28351004905839533,-7.843233851374522,0
2,0,0.7,-0.7,108,25512,7034,0,0.27571338977735965,-8.085445839216929,0
2,0,0.7,-0.7,109,25748,6896,0,0.2678266273108591,-8.337527946942853,0
2,0,0.7,-0.7,110,25984,6752,0,0.25985221674876846,-8.600074473007002,0
2,0,0.7,-0.7,111,26220,6603,0,0.25183066361556067,-8.872430795758447,0
2,0,0.7,-0.7,112,26457,6447,0,0.2436784215897494,-9.158261536369746,0
2,0,0.7,-0.7,113,26693,6287,0,0.23552991420971792,-9.453681516333038,0
2,0,0.7,-0.7,114,26929,6120,0,0.2272642875710201,-9.763979077647571,0
2,0,0.7,-0.7,115,27165,5948,0,0.21895821829560097,-10.087377984533807,0
2,0,0.7,-0.7,116,27402,5768,0,0.21049558426392234,-10.42974319972278,0
2,0,0.7,-0.7,117,27638,5584,0,0.20204066864461973,-10.785827051717549,0
2,0,0.7,-0.7,118,27874,5394,0,0.1935136686517902,-11.160370065912852,0
2,0,0.7,-0.7,119,28110,5197,0,0.18488082532906439,-11.556765569828972,0
2,0,0.7,-0.7,120,28346,4995,0,0.17621533902490652,-11.973728798663574,0
2,0,0.7,-0.7,121,28583,4785,0,0.167407200083966,-12.419120338018757,0
2,0,0.7,-0.7,122,28819,4570,0,0.15857593948436796,-12.8898571329752,0
2,0,0.7,-0.7,123,29055,4349,0,0.1496816382722423,-13.39123243632647,0
2,0,0.7,-0.7,124,29291,4121,0,0.140691680038237,-13.929234680171628,0
2,0,0.7,-0.7,125,29528,3886,0,0.13160390138173936,-14.50922771261409,0
2,0,0.7,-0.7,126,29764,3646,0,0.12249697621287461,-15.132095625068517,0
2,0,0.7,-0.7,127,30000,3399,0,0.1133,-15.810004796869404,0
2,1,0.7,-0.35,0,0,0,0,0.0,0.0,0
2,1,0.7,-0.35,1,236,165,0,0.6991525423728814,0.0,0
2,1,0.7,-0.35,2,472,330,0,0.6991525423728814,0.0,0
2,1,0.7,-0.35,3,709,496,0,0.6995768688293371,0.0,0
2,1,0.7,-0.35,4,945,661,0,0.6994708994708995,0.0,0
2,1,0.7,-0.35,5,1181,826,0,0.6994072819644369,0.0,0
2,1,0.7,-0.35,6,1417,991,0,0.6993648553281581,-0.0005269093810504497,0
2,1,0.7,-0.35,7,1654,1156,0,0.6989117291414753,-0.006156416777700203,0
2,1,0.7,-0.35,8,1890,1321,0,0.698941798941799,-0.0057827253116863875,0
2,1,0.7,-0.35,9,2126,1485,0,0.6984948259642522,-0.011339124818283215,0
2,1,0.7,-0.35,10,2362,1649,0,0.6981371718882303,-0.015787746796892304,0
2,1,0.7,-0.35,11,2598,1813,0,0.6978444957659738,-0.01942984696735621,0
2,1,0.7,-0.35,12,2835,1977,0,0.6973544973544974,-0.025530872442409282,0
2,1,0.7,-0.35,13,3071,2140,0,0.696841419732986,-0.03192385601490993,0
2,1,0.7,-0.35,14,3307,2303,0,0.6964015724221349,-0.03740813312678315,0
2,1,0.7,-0.35,15,3543,2466,0,0.6960203217612193,-0.042164595606635775,0
2,1,0.7,-0.35,16,3780,2628,0,0.6952380952380952,-0.05193177312699221,0
2,1,0.7,-0.35,17,4016,2790,0,0.6947211155378487,-0.0583930114046552,0
2,1,0.7,-0.35,18,4252,2951,0,0.6940263405456256,-0.06708392116334091,0
2,1,0.7,-0.35,19,4488,3112,0,0.6934046345811051,-0.07486819274642251,0
2,1,0.7,-0.35,20,4724,3272,0,0.6926333615580017,-0.08453487298118427,0
2,1,0.7,-0.35,21,4961,3433,0,0.6919975811328362,-0.09251146634605653,0
2,1,0.7,-0.35,22,5197,3592,0,0.6911679815278045,-0.10293077068920345,0
2,1,0.7,-0.35,23,5433,3751,0,0.6904104546291183,-0.11245581179730992,0
2,1,0.7,-0.35,24,5669,3909,0,0.6895396013406244,-0.12341872531180684,0
2,1,0.7,-0.35,25,5906,4067,0,0.6886217406027768,-0.1349883986267905,0
2,1,0.7,-0.35,26,6142,4224,0,0.68772386844676,-0.14632104576323257,0
2,1,0.7,-0.35,27,6378,4380,0,0.6867356538099718,-0.15881108219416493,0
2,1,0.7,-0.35,28,6614,4536,0,0.6858179618990021,-0.1704258879940257,0
2,1,0.7,-0.35,29,6850,4690,0,0.6846715328467153,-0.18495756968419433,0
2,1,0.7,-0.35,30,7087,4845,0,0.6836461126005362,-0.19797602163199676,0
2,1,0.7,-0.35,31,7323,4998,0,0.6825071691929537,-0.2124586410657448,0
2,1,0.7,-0.35,32,7559,5151,0,0.6814393438285488,-0.2260589033551473,0
2,1,0.7,-0.35,33,7795,5302,0,0.6801796023091725,-0.2421309166930664,0
2,1,0.7,-0.35,34,8031,5453,0,0.6789938986427593,-0.2572855585328246,0
2,1,0.7,-0.35,35,8268,5603,0,0.6776729559748428,-0.27419990389099363,0
2,1,0.7,-0.35,36,8504,5752,0,0.676387582314205,-0.290690476945632,0
2,1,0.7,-0.35,37,8740,5900,0,0.6750572082379863,-0.307791413982525,0
2,1,0.7,-0.35,38,8976,6048,0,0.6737967914438503,-0.32402422251606894,0
2,1,0.7,-0.35,39,9213,6194,0,0.6723108650819494,-0.34320039697661625,0
2,1,0.7,-0.35,40,9449,6339,0,0.6708646417610329,-0.3619049384871794,0
2,1,0.7,-0.35,41,9685,6483,0,0.6693856479091378,-0.38107506318186574,0
2,1,0.7,-0.35,42,9921,6627,0,0.6679770184457212,-0.3993725749827064,0
2,1,0.7,-0.35,43,10157,6768,0,0.6663384857733583,-0.4207050425578598,0
2,1,0.7,-0.35,44,10394,6910,0,0.6648066192033866,-0.44069629639019364,0
2,1,0.7,-0.35,45,10630,7050,0,0.6632173095014111,-0.46148594477530885,0
2,1,0.7,-0.35,46,10866,7188,0,0.6615129762562121,-0.4838356393526644,0
2,1,0.7,-0.35,47,11102,7325,0,0.6597910286434877,-0.5064748735312425,0
2,1,0.7,-0.35,48,11339,7462,0,0.6580827233442103,-0.5289932059375999,0
2,1,0.7,-0.35,49,11575,7597,0,0.656328293736501,-0.5521804598514658,0
2,1,0.7,-0.35,50,11811,7731,0,0.6545593091186183,-0.5756229189238439,0
2,1,0.7,-0.35,51,12047,7863,0,0.6526936166680501,-0.6004156876484316,0
2,1,0.7,-0.35,52,12283,7994,0,0.6508182040218188,-0.6254091526130411,0
2,1,0.7,-0.35,53,12520,8124,0,0.6488817891373801,-0.6512912769701834,0
2,1,0.7,-0.35,54,12756,8253,0,0.6469896519285042,-0.6766563033688612,0
2,1,0.7,-0.35,55,12992,8380,0,0.6450123152709359,-0.7032428594738206,0
2,1,0.7,-0.35,56,13228,8505,0,0.6429543392803145,-0.7310003599988962,0
2,1,0.7,-0.35,57,13465,8630,0,0.6409209060527293,-0.7585142347837406,0
2,1,0.7,-0.35,58,13701,8753,0,0.6388584774833954,-0.7865097513207999,0
2,1,0.7,-0.35,59,13937,8874,0,0.6367223936284709,-0.815600507359955,0
2,1,0.7,-0.35,60,14173,8993,0,0.634516333874268,-0.8457468683547797,0
2,1,0.7,-0.35,61,14409,9111,0,0.6323131376223193,-0.8759588885512883,0
2,1,0.7,-0.35,62,14646,9228,0,0.6300696435886931,-0.9068318731728764,0
2,1,0.7,-0.35,63,14882,9343,0,0.627805402499664,-0.9381020212150402,0
2,1,0.7,-0.35,64,15118,9456,0,0.6254795607884641,-0.9703405435027467,0
2,1,0.7,-0.35,65,15354,9568,0,0.6231600885762668,-1.0026103866672174,0
2,1,0.7,-0.35,66,15591,9679,0,0.6208068757616574,-1.0354726278199435,0
2,1,0.7,-0.35,67,15827,9787,0,0.6183736652555759,-1.069583274952591,0
2,1,0.7,-0.35,68,16063,9893,0,0.6158874431924298,-1.1045759997759885,0
2,1,0.7,-0.35,69,16299,9998,0,0.6134118657586355,-1.1395595408735855,0
2,1,0.7,-0.35,70,16535,10101,0,0.6108859993952223,-1.1753995569767612,0
2,1,0.7,-0.35,71,16772,10203,0,0.6083353207727165,-1.2117423357202686,0
2,1,0.7,-0.35,72,17008,10302,0,0.6057149576669802,-1.249237026830576,0
2,1,0.7,-0.35,73,17244,10400,0,0.6031083275342148,-1.28669649179875,0
2,1,0.7,-0.35,74,17480,10495,0,0.6004004576659039,-1.3257827017366481,0
2,1,0.7,-0.35,75,17717,10589,0,0.597674549867359,-1.3653077314872126,0
2,1,0.7,-0.35,76,17953,10681,0,0.5949423494680555,-1.4051053105221114,0
2,1,0.7,-0.35,77,18189,10771,0,0.5921710924184947,-1.4456589354208613,0
2,1,0.7,-0.35,78,18425,10859,0,0.5893622795115332,-1.486956262203991,0
2,1,0.7,-0.35,79,18661,10945,0,0.5865173356197417,-1.528985933555501,0
2,1,0.7,-0.35,80,18898,11029,0,0.5836067308709917,-1.5721971527634493,0
2,1,0.7,-0.35,81,19134,11111,0,0.5806940524720393,-1.61565543478658,0
2,1,0.7,-0.35,82,19370,11190,0,0.57769747031492,-1.6605936779525632,0
2,1,0.7,-0.35,83,19606,11268,0,0.5747220238702438,-1.7054461939012613,0
2,1,0.7,-0.35,84,19843,11344,0,0.5716877488283022,-1.7514252850023173,0
2,1,0.7,-0.35,85,20079,11417,0,0.5686040141441306,-1.798404567509948,0
2,1,0.7,-0.35,86,20315,11488,0,0.5654934777258184,-1.8460509894214536,0
2,1,0.7,-0.35,87,20551,11557,0,0.5623570629166464,-1.8943599135830818,0
2,1,0.7,-0.35,88,20787,11623,0,0.5591475441381633,-1.9440745591240358,0
2,1,0.7,-0.35,89,21024,11688,0,0.5559360730593608,-1.9941058932062758,0
2,1,0.7,-0.35,90,21260,11750,0,0.5526810912511759,-2.045110865727806,0
2,1,0.7,-0.35,91,21496,11810,0,0.5494045403796055,-2.096758110369293,0
2,1,0.7,-0.35,92,21732,11867,0,0.5460611080434382,-2.1497780740694687,0
2,1,0.7,-0.35,93,21969,11922,0,0.5426737675815922,-2.203826421398442,0
2,1,0.7,-0.35,94,22205,11975,0,0.5392929520378293,-2.258108102599227,0
2,1,0.7,-0.35,95,22441,12025,0,0.5358495610712535,-2.3137454080088524,0
2,1,0.7,-0.35,96,22677,12073,0,0.5323896458967236,-2.370010982714378,0
2,1,0.7,-0.35,97,22913,12118,0,0.5288700737572557,-2.4276231330465468,0
2,1,0.7,-0.35,98,23150,12161,0,0.5253131749460043,-2.486237131717039,0
2,1,0.7,-0.35,99,23386,12201,0,0.5217223980159069,-2.5458133585624094,0
2,1,0.7,-0.35,100,23622,12239,0,0.5181187029040725,-2.606017601920136,0
2,1,0.7,-0.35,101,23858,12274,0,0.5144605583032945,-2.667561300130929,0
2,1,0.7,-0.35,102,24094,12307,0,0.5107910683157633,-2.7297371023055588,0
2,1,0.7,-0.35,103,24331,12337,0,0.5070486211006535,-2.7936108740078858,0
2,1,0.7,-0.35,104,24567,12364,0,0.5032767533683397,-2.858465582976462,0
2,1,0.7,-0.35,105,24803,12389,0,0.4994960287062049,-2.923962200668595,0
2,1,0.7,-0.35,106,25039,12410,0,0.4956268221574344,-2.99150696742728,0
2,1,0.7,-0.35,107,25276,12430,0,0.49177084981800917,-3.0593473551434625,0
2,1,0.7,-0.35,108,25512,12446,0,0.487848855440577,-3.128897185866369,0
2,1,0.7,-0.35,109,25748,12460,0,0.48392108124902905,-3.1991121568129643,0
2,1,0.7,-0.35,110,25984,12470,0,0.4799107142857143,-3.271394075788121,0
2,1,0.7,-0.35,111,26220,12478,0,0.47589626239511823,-3.344357115331768,0
2,1,0.7,-0.35,112,26457,12484,0,0.4718599992440564,-3.4183397407259584,0
2,1,0.7,-0.35,113,26693,12486,0,0.4677630839545948,-3.4940841114313765,0
2,1,0.7,-0.35,114,26929,12485,0,0.4636265735823833,-3.5712365868114637,0
2,1,0.7,-0.35,115,27165,12481,0,0.4594515000920302,-3.649809517739912,0
2,1,0.7,-0.35,116,27402,12475,0,0.45525874023793883,-3.7294371480416832,0
2,1,0.7,-0.35,117,27638,12465,0,0.4510094797018598,-3.8108895872237976,0
2,1,0.7,-0.35,118,27874,12453,0,0.4467604218985434,-3.8931091462866627,0
2,1,0.7,-0.35,119,28110,12437,0,0.4424404126645322,-3.9775072197224235,0
2,1,0.7,-0.35,120,28346,12418,0,0.43808650250476255,-4.063405539704309,0
2,1,0.7,-0.35,121,28583,12396,0,0.4336843578350768,-4.151127828931096,0
2,1,0.7,-0.35,122,28819,12372,0,0.42930011450779,-4.239382907749379,0
2,1,0.7,-0.35,123,29055,12343,0,0.4248150060230597,-4.330606009792162,0
2,1,0.7,-0.35,124,29291,12312,0,0.42033389095626644,-4.422714834194951,0
2,1,0.7,-0.35,125,29528,12278,0,0.41580872392305607,-4.516731057003792,0
2,1,0.7,-0.35,126,29764,12240,0,0.4112350490525467,-4.612800555256819,0
2,1,0.7,-0.35,127,30000,12199,0,0.40663333333333335,-4.710543462382895,0
2,2,0.7,0.0,0,0,0,0,0.0,0.0,0
2,2,0.7,0.0,1,236,165,0,0.6991525423728814,0.0,0
2,2,0.7,0.0,2,472,330,0,0.6991525423728814,0.0,0
2,2,0.7,0.0,3,709,496,0,0.6995768688293371,0.0,0
2,2,0.7,0.0,4,945,662,0,0.7005291005291006,0.0,0
2,2,0.7,0.0,5,1181,827,0,0.7002540220152413,0.0,0
2,2,0.7,0.0,6,1417,992,0,0.7000705716302047,-0.0022758006462719714,0
2,2,0.7,0.0,7,1654,1158,0,0.7001209189842805,-0.0016511552828473277,0
2,2,0.7,0.0,8,1890,1323,0,0.7,-0.003151438495501843,0
2,2,0.7,0.0,9,2126,1488,0,0.6999059266227657,-0.004318818328998725,0
2,2,0.7,0.0,10,2362,1653,0,0.6998306519898391,-0.005253032901608338,0
2,2,0.7,0.0,11,2598,1819,0,0.7001539645881447,-0.0012411922511475037,0
2,2,0.7,0.0,12,2835,1985,0,0.7001763668430335,-0.0009632813764680906,0
2,2,0.7,0.0,13,3071,2150,0,0.7000976880494952,-0.0019393693299092523,0
2,2,0.7,0.0,14,3307,2315,0,0.7000302388872089,-0.0027762299752560633,0
2,2,0.7,0.0,15,3543,2480,0,0.6999717753316399,-0.003501668919856706,0
2,2,0.7,0.0,16,3780,2646,0,0.7,-0.003151438495501843,0
2,2,0.7,0.0,17,4016,2811,0,0.6999501992031872,-0.0037694093710825215,0
2,2,0.7,0.0,18,4252,2976,0,0.6999059266227657,-0.004318818328998725,0
2,2,0.7,0.0,19,4488,3142,0,0.7000891265597148,-0.002045589663647429,0
2,2,0.7,0.0,20,4724,3307,0,0.7000423370025403,-0.0026261193361240935,0
2,2,0.7,0.0,21,4961,3473,0,0.7000604716790969,-0.002401113289103454,0
2,2,0.7,0.0,22,5197,3638,0,0.7000192418703098,-0.0029126806885324185,0
2,2,0.7,0.0,23,5433,3803,0,0.6999815939628198,-0.0033798312234058904,0
2,2,0.7,0.0,24,5669,3968,0,0.6999470806138649,-0.0038081089572176378,0
2,2,0.7,0.0,25,5906,4134,0,0.6999661361327464,-0.0035716455364416073,0
2,2,0.7,0.0,26,6142,4299,0,0.6999348746336698,-0.00395957858150154,0
2,2,0.7,0.0,27,6378,4465,0,0.7000627155848228,-0.002373272428140892,0
2,2,0.7,0.0,28,6614,4630,0,0.7000302388872089,-0.0027762299752560633,0
2,2,0.7,0.0,29,6850,4795,0,0.7,-0.003151438495501843,0
2,2,0.7,0.0,30,7087,4961,0,0.7000141103428813,-0.0029763532872575937,0
2,2,0.7,0.0,31,7323,5126,0,0.6999863443943739,-0.0033208845531538986,0
2,2,0.7,0.0,32,7559,5291,0,0.6999603122106098,-0.003643914968879992,0
2,2,0.7,0.0,33,7795,5457,0,0.7000641436818473,-0.0023555536149276342,0
2,2,0.7,0.0,34,8031,5622,0,0.7000373552484124,-0.002687931484101457,0
2,2,0.7,0.0,35,8268,5788,0,0.7000483792936623,-0.0025511489456541444,0
2,2,0.7,0.0,36,8504,5953,0,0.7000235183443085,-0.0028596180503777015,0
2,2,0.7,0.0,37,8740,6118,0,0.7,-0.003151438495501843,0
2,2,0.7,0.0,38,8976,6283,0,0.6999777183600713,-0.003427922703576791,0
2,2,0.7,0.0,39,9213,6449,0,0.6999891457722783,-0.003286123288426997,0
2,2,0.7,0.0,40,9449,6614,0,0.69996825060853,-0.0035454070163038085,0
2,2,0.7,0.0,41,9685,6780,0,0.7000516262261228,-0.0025108625419632217,0
2,2,0.7,0.0,42,9921,6945,0,0.7000302388872089,-0.0027762299752560633,0
2,2,0.7,0.0,43,10157,7110,0,0.7000098454267992,-0.003029273225166058,0
2,2,0.7,0.0,44,10394,7276,0,0.7000192418703098,-0.0029126806885324185,0
2,2,0.7,0.0,45,10630,7441,0,0.7,-0.003151438495501843,0
2,2,0.7,0.0,46,10866,7606,0,0.6999815939628198,-0.0033798312234058904,0
2,2,0.7,0.0,47,11102,7772,0,0.7000540443163394,-0.0024808601425757677,0
2,2,0.7,0.0,48,11339,7937,0,0.6999735426404445,-0.0034797385643831626,0
2,2,0.7,0.0,49,11575,8103,0,0.7000431965442765,-0.0026154544381856992,0
2,2,0.7,0.0,50,11811,8268,0,0.7000254000508,-0.0028362698734654074,0
2,2,0.7,0.0,51,12047,8433,0,0.7000083008217813,-0.003048439074916919,0
2,2,0.7,0.0,52,12283,8598,0,0.6999918586664495,-0.0032524601182894975,0
2,2,0.7,0.0,53,12520,8764,0,0.7,-0.003151438495501843,0
2,2,0.7,0.0,54,12756,8929,0,0.6999843211037943,-0.003345990905899641,0
2,2,0.7,0.0,55,12992,9095,0,0.7000461822660099,-0.0025784087325916366,0
2,2,0.7,0.0,56,13228,9260,0,0.7000302388872089,-0.0027762299752560633,0
2,2,0.7,0.0,57,13465,9426,0,0.7000371333085778,-0.0026906852588840587,0
2,2,0.7,0.0,58,13701,9591,0,0.7000218962119553,-0.0028797454868906064,0
2,2,0.7,0.0,59,13937,9756,0,0.7000071751452966,-0.003062406780106153,0
2,2,0.7,0.0,60,14173,9921,0,0.6999929443307698,-0.003238988599957743,0
2,2,0.7,0.0,61,14409,10086,0,0.6999791796793671,-0.003409789490837619,0
2,2,0.7,0.0,62,14646,10252,0,0.6999863443943739,-0.0033208845531538986,0
2,2,0.7,0.0,63,14882,10418,0,0.7000403171616718,-0.0026511808777659276,0
2,2,0.7,0.0,64,15118,10583,0,0.7000264585262601,-0.0028231363584820613,0
2,2,0.7,0.0,65,15354,10748,0,0.700013025921584,-0.0029898089746022193,0
2,2,0.7,0.0,66,15591,10914,0,0.7000192418703098,-0.0029126806885324185,0
2,2,0.7,0.0,67,15827,11079,0,0.7000063183168004,-0.0030730385601452676,0
2,2,0.7,0.0,68,16063,11244,0,0.6999937745128556,-0.0032286872594087792,0
2,2,0.7,0.0,69,16299,11409,0,0.6999815939628198,-0.0033798312234058904,0
2,2,0.7,0.0,70,16535,11575,0,0.7000302388872089,-0.0027762299752560633,0
2,2,0.7,0.0,71,16772,11741,0,0.7000357739088958,-0.0027075523742319807,0
2,2,0.7,0.0,72,17008,11906,0,0.7000235183443085,-0.0028596180503777015,0
2,2,0.7,0.0,73,17244,12071,0,0.7000115982370679,-0.003007523963225005,0
2,2,0.7,0.0,74,17480,12236,0,0.7,-0.003151438495501843,0
2,2,0.7,0.0,75,17717,12402,0,0.7000056442964384,-0.0030814020122217033,0
2,2,0.7,0.0,76,17953,12567,0,0.6999944299002953,-0.0032205548723596754,0
2,2,0.7,0.0,77,18189,12733,0,0.7000384847985046,-0.0026739163184066076,0
2,2,0.7,0.0,78,18425,12898,0,0.7000271370420624,-0.0028147173759586327,0
2,2,0.7,0.0,79,18661,13063,0,0.7000160763088795,-0.00295195929367769,0
2,2,0.7,0.0,80,18898,13229,0,0.70002116626098,-0.0028888027420322726,0
2,2,0.7,0.0,81,19134,13394,0,0.7000104525974705,-0.003021739309479537,0
2,2,0.7,0.0,82,19370,13559,0,0.7,-0.003151438495501843,0
2,2,0.7,0.0,83,19606,13724,0,0.6999897990411099,-0.0032780171365507553,0
2,2,0.7,0.0,84,19843,13890,0,0.6999949604394496,-0.0032139716731219943,0
2,2,0.7,0.0,85,20079,14056,0,0.700034862293939,-0.002718863499118163,0
2,2,0.7,0.0,86,20315,14221,0,0.7000246123554024,-0.002846043574736294,0
2,2,0.7,0.0,87,20551,14386,0,0.7000145978297893,-0.0029703044720330828,0
2,2,0.7,0.0,88,20787,14551,0,0.7000048106989946,-0.0030917455569773105,0
2,2,0.7,0.0,89,21024,14717,0,0.7000095129375952,-0.003033398831737275,0
2,2,0.7,0.0,90,21260,14882,0,0.7,-0.003151438495501843,0
2,2,0.7,0.0,91,21496,15047,0,0.6999906959434313,-0.0032668878463822867,0
2,2,0.7,0.0,92,21732,15213,0,0.7000276090557703,-0.002808860663589675,0
2,2,0.7,0.0,93,21969,15379,0,0.7000318630797943,-0.0027560772155642375,0
2,2,0.7,0.0,94,22205,15544,0,0.7000225174510245,-0.0028720371400110323,0
2,2,0.7,0.0,95,22441,15709,0,0.700013368388218,-0.002985559587018915,0
2,2,0.7,0.0,96,22677,15874,0,0.7000044097543767,-0.003096720610928346,0
2,2,0.7,0.0,97,22913,16039,0,0.6999956356653428,-0.003205593134573217,0
2,2,0.7,0.0,98,23150,16205,0,0.7,-0.003151438495501843,0
2,2,0.7,0.0,99,23386,16370,0,0.6999914478747968,-0.0032575574518697147,0
2,2,0.7,0.0,100,23622,16536,0,0.7000254000508,-0.0028362698734654074,0
2,2,0.7,0.0,101,23858,16701,0,0.7000167658646995,-0.002943403200460722,0
2,2,0.7,0.0,102,24094,16866,0,0.7000083008217813,-0.003048439074916919,0
2,2,0.7,0.0,103,24331,17032,0,0.7000123299494472,-0.0029984447284421433,0
2,2,0.7,0.0,104,24567,17197,0,0.7000040705010787,-0.003100930180723314,0
2,2,0.7,0.0,105,24803,17362,0,0.6999959682296496,-0.003201466514301944,0
2,2,0.7,0.0,106,25039,17528,0,0.7000279563880346,-0.0028045509921880694,0
2,2,0.7,0.0,107,25276,17694,0,0.7000316505776231,-0.002758713910812354,0
2,2,0.7,0.0,108,25512,17859,0,0.7000235183443085,-0.0028596180503777015,0
2,2,0.7,0.0,109,25748,18024,0,0.7000155351871991,-0.002958673603780757,0
2,2,0.7,0.0,110,25984,18189,0,0.700007697044335,-0.0030559309096861702,0
2,2,0.7,0.0,111,26220,18354,0,0.7,-0.003151438495501843,0
2,2,0.7,0.0,112,26457,18520,0,0.7000037797180331,-0.0031045383168388585,0
2,2,0.7,0.0,113,26693,18685,0,0.6999962536994718,-0.0031979242669488684,0
2,2,0.7,0.0,114,26929,18851,0,0.7000259942812581,-0.002828896686739193,0
2,2,0.7,0.0,115,27165,19016,0,0.7000184060371802,-0.0029230517729526874,0
2,2,0.7,0.0,116,27402,19182,0,0.7000218962119553,-0.0028797454868906064,0
2,2,0.7,0.0,117,27638,19347,0,0.7000144728272668,-0.0029718555228461785,0
2,2,0.7,0.0,118,27874,19512,0,0.7000071751452966,-0.003062406780106153,0
2,2,0.7,0.0,119,28110,19677,0,0.7,-0.003151438495501843,0
2,2,0.7,0.0,120,28346,19843,0,0.7000282226769209,-0.0028012469020917427,0
2,2,0.7,0.0,121,28583,20008,0,0.6999965014169262,-0.0031948504703710884,0
2,2,0.7,0.0,122,28819,20174,0,0.7000242895312121,-0.002850049170948058,0
2,2,0.7,0.0,123,29055,20339,0,0.700017208742041,-0.0029379079285164877,0
2,2,0.7,0.0,124,29291,20504,0,0.7000102420538732,-0.0030243517829342103,0
2,2,0.7,0.0,125,29528,20670,0,0.7000135464643727,-0.0029833499868879413,0
2,2,0.7,0.0,126,29764,20835,0,0.7000067195269453,-0.003068060225021432,0
2,2,0.7,0.0,127,30000,21000,0,0.7,-0.003151438495501843,0
2,3,0.7,0.35,0,0,0,0,0.0,0.0,0
2,3,0.7,0.35,1,236,165,0,0.6991525423728814,0.0,0
2,3,0.7,0.35,2,472,330,0,0.6991525423728814,0.0,0
2,3,0.7,0.35,3,709,496,0,0.6995768688293371,0.0,0
2,3,0.7,0.35,4,945,662,0,0.7005291005291006,0.0,0
2,3,0.7,0.35,5,1181,827,0,0.7002540220152413,0.0,0
2,3,0.7,0.35,6,1417,993,0,0.7007762879322512,0.0064757261777766235,0
2,3,0.7,0.35,7,1654,1159,0,0.7007255139056832,0.0058463761607237905,0
2,3,0.7,0.35,8,1890,1325,0,0.701058201058201,0.009969243211011818,0
2,3,0.7,0.35,9,2126,1491,0,0.7013170272812794,0.013175426533695614,0
2,3,0.7,0.35,10,2362,1658,0,0.7019475021168501,0.020980419954536762,0
2,3,0.7,0.35,11,2598,1824,0,0.7020785219399538,0.022601506327128,0
2,3,0.7,0.35,12,2835,1992,0,0.7026455026455026,0.029613178394452443,0
2,3,0.7,0.35,13,3071,2159,0,0.7030283295343537,0.03434427904260043,0
2,3,0.7,0.35,14,3307,2327,0,0.703658905352283,0.042131528679904905,0
2,3,0.7,0.35,15,3543,2495,0,0.7042054755856618,0.04887571374399208,0
2,3,0.7,0.35,16,3780,2664,0,0.7047619047619048,0.05573617444012594,0
2,3,0.7,0.35,17,4016,2832,0,0.7051792828685259,0.060878658834733285,0
2,3,0.7,0.35,18,4252,3002,0,0.7060206961429916,0.07123640233921187,0
2,3,0.7,0.35,19,4488,3171,0,0.7065508021390374,0.07775563679903653,0
2,3,0.7,0.35,20,4724,3341,0,0.7072396274343776,0.08621949515244415,0
2,3,0.7,0.35,21,4961,3513,0,0.7081233622253578,0.09706621633616173,0
2,3,0.7,0.35,22,5197,3684,0,0.7088705022128151,0.10622585525839891,0
2,3,0.7,0.35,23,5433,3855,0,0.7095527332965212,0.11458130828446095,0
2,3,0.7,0.35,24,5669,4028,0,0.710530957840889,0.12654785903156945,0
2,3,0.7,0.35,25,5906,4201,0,0.7113105316627159,0.13607253939800867,0
2,3,0.7,0.35,26,6142,4375,0,0.7123086942364051,0.1482526662450021,0
2,3,0.7,0.35,27,6378,4549,0,0.7132329883976168,0.15951619967965913,0
2,3,0.7,0.35,28,6614,4724,0,0.7142425158754158,0.17180172849522496,0
2,3,0.7,0.35,29,6850,4900,0,0.7153284671532847,0.18499793194112346,0
2,3,0.7,0.35,30,7087,5077,0,0.7163821080852265,0.19778237408113197,0
2,3,0.7,0.35,31,7323,5254,0,0.7174655195957941,0.21090844748337043,0
2,3,0.7,0.35,32,7559,5432,0,0.7186135732239715,0.22479607983889077,0
2,3,0.7,0.35,33,7795,5611,0,0.7198203976908275,0.23937074479129683,0
2,3,0.7,0.35,34,8031,5791,0,0.7210808118540655,0.25456654175494065,0
2,3,0.7,0.35,35,8268,5972,0,0.7223028543783261,0.26927438317410524,0
2,3,0.7,0.35,36,8504,6153,0,0.7235418626528692,0.2841610326751303,0
2,3,0.7,0.35,37,8740,6336,0,0.7249427917620137,0.3009624801600438,0
2,3,0.7,0.35,38,8976,6519,0,0.7262700534759359,0.3168505037813784,0
2,3,0.7,0.35,39,9213,6704,0,0.7276674264626072,0.3335464504091376,0
2,3,0.7,0.35,40,9449,6889,0,0.729071859456027,0.35029447647297146,0
2,3,0.7,0.35,41,9685,7076,0,0.7306143520908621,0.3686517448704798,0
2,3,0.7,0.35,42,9921,7263,0,0.7320834593286967,0.3860996517799612,0
2,3,0.7,0.35,43,10157,7452,0,0.7336812050802403,0.4050356366636085,0
2,3,0.7,0.35,44,10394,7642,0,0.735231864537233,0.42337417853034937,0
2,3,0.7,0.35,45,10630,7833,0,0.7368767638758231,0.4427850016055649,0
2,3,0.7,0.35,46,10866,8025,0,0.7385422418553286,0.46239456880351615,0
2,3,0.7,0.35,47,11102,8218,0,0.7402269861286255,0.4821860398195765,0
2,3,0.7,0.35,48,11339,8413,0,0.7419525531351971,0.502410433635117,0
2,3,0.7,0.35,49,11575,8608,0,0.7436717062634989,0.5225129338658253,0
2,3,0.7,0.35,50,11811,8805,0,0.745491490982982,0.543741577087437,0
2,3,0.7,0.35,51,12047,9003,0,0.7473229849755125,0.5650545572733217,0
2,3,0.7,0.35,52,12283,9202,0,0.7491655133110804,0.5864433028374951,0
2,3,0.7,0.35,53,12520,9404,0,0.7511182108626198,0.6090535927891786,0
2,3,0.7,0.35,54,12756,9606,0,0.7530573847601129,0.6314491958597981,0
2,3,0.7,0.35,55,12992,9809,0,0.755003078817734,0.6538622139574672,0
2,3,0.7,0.35,56,13228,10014,0,0.757030541276081,0.677155777643865,0
2,3,0.7,0.35,57,13465,10221,0,0.7590790939472707,0.7006283720195751,0
2,3,0.7,0.35,58,13701,10429,0,0.7611853149405153,0.724695783844293,0
2,3,0.7,0.35,59,13937,10639,0,0.7633637081150894,0.7495179381911387,0
2,3,0.7,0.35,60,14173,10849,0,0.7654695547872715,0.7734462027062766,0
2,3,0.7,0.35,61,14409,11062,0,0.7677146228051912,0.7988840167098052,0
2,3,0.7,0.35,62,14646,11276,0,0.7699030452000546,0.8236085091940111,0
2,3,0.7,0.35,63,14882,11492,0,0.7722080365542265,0.849574103586863,0
2,3,0.7,0.35,64,15118,11709,0,0.7745072099484058,0.8753970611285815,0
2,3,0.7,0.35,65,15354,11928,0,0.7768659632669012,0.9018096447015438,0
2,3,0.7,0.35,66,15591,12149,0,0.7792316079789622,0.9282189715986138,0
2,3,0.7,0.35,67,15827,12371,0,0.7816389713780248,0.9550118520071886,0
2,3,0.7,0.35,68,16063,12595,0,0.7841001058332815,0.9823180107151673,0
2,3,0.7,0.35,69,16299,12821,0,0.7866126756242714,1.0101065698772815,0
2,3,0.7,0.35,70,16535,13048,0,0.7891140006047778,1.0376827368693171,0
2,3,0.7,0.35,71,16772,13279,0,0.7917362270450752,1.0664981046471391,0
2,3,0.7,0.35,72,17008,13510,0,0.7943320790216368,1.0949297980755424,0
2,3,0.7,0.35,73,17244,13742,0,0.7969148689399211,1.1231263616801452,0
2,3,0.7,0.35,74,17480,13977,0,0.7995995423340961,1.1523384986093461,0
2,3,0.7,0.35,75,17717,14215,0,0.8023367387255179,1.1820213382983613,0
2,3,0.7,0.35,76,17953,14454,0,0.8051022113295828,1.2119081511497416,0
2,3,0.7,0.35,77,18189,14694,0,0.8078508988949366,1.2415120122939396,0
2,3,0.7,0.35,78,18425,14937,0,0.8106919945725916,1.2720054505000198,0
2,3,0.7,0.35,79,18661,15181,0,0.8135148169980173,1.302197109058607,0
2,3,0.7,0.35,80,18898,15429,0,0.8164356016509684,1.3333264489654426,0
2,3,0.7,0.35,81,19134,15677,0,0.8193268527229016,1.3640315355285373,0
2,3,0.7,0.35,82,19370,15928,0,0.82230252968508,1.395520287224208,0
2,3,0.7,0.35,83,19606,16181,0,0.8253085790064266,1.4272149528958367,0
2,3,0.7,0.35,84,19843,16437,0,0.8283525676561004,1.4591922166620108,0
2,3,0.7,0.35,85,20079,16694,0,0.8314159071666916,1.4912543500605828,0
2,3,0.7,0.35,86,20315,16954,0,0.8345557469849865,1.5239948043965588,0
2,3,0.7,0.35,87,20551,17215,0,0.8376721327429322,1.5563691170464655,0
2,3,0.7,0.35,88,20787,17479,0,0.8408620772598259,1.5893830874700254,0
2,3,0.7,0.35,89,21024,17746,0,0.8440829528158296,1.6225903472840744,0
2,3,0.7,0.35,90,21260,18015,0,0.8473659454374413,1.6563078866455494,0
2,3,0.7,0.35,91,21496,18285,0,0.8506233717901005,1.689633986198385,0
2,3,0.7,0.35,92,21732,18558,0,0.8539480949751519,1.7235172417221498,0
2,3,0.7,0.35,93,21969,18835,0,0.8573444398925759,1.7579944748748209,0
2,3,0.7,0.35,94,22205,19113,0,0.8607520828642198,1.7924494070595454,0
2,3,0.7,0.35,95,22441,19393,0,0.8641771757051825,1.8269435955814122,0
2,3,0.7,0.35,96,22677,19675,0,0.8676191736120298,1.8614705806187783,0
2,3,0.7,0.35,97,22913,19961,0,0.8711648409200018,1.896894552037959,0
2,3,0.7,0.35,98,23150,20249,0,0.8746868250539956,1.9319394617407544,0
2,3,0.7,0.35,99,23386,20540,0,0.8783032583597024,1.9677776395344897,0
2,3,0.7,0.35,100,23622,20832,0,0.8818897637795275,2.0031737955038578,0
2,3,0.7,0.35,101,23858,21128,0,0.8855729734261044,2.0393748402448733,0
2,3,0.7,0.35,102,24094,21425,0,0.8892255333277994,2.0751262530081114,0
2,3,0.7,0.35,103,24331,21727,0,0.892976038798241,2.1116838738768,0
2,3,0.7,0.35,104,24567,22030,0,0.8967313876338178,2.1481351875702557,0
2,3,0.7,0.35,105,24803,22336,0,0.900536225456598,2.184911514646192,0
2,3,0.7,0.35,106,25039,22645,0,0.9043891529214425,2.2219946583343546,0
2,3,0.7,0.35,107,25276,22957,0,0.9082528881152081,2.2590235118539352,0
2,3,0.7,0.35,108,25512,23271,0,0.9121589840075258,2.296298559798261,0
2,3,0.7,0.35,109,25748,23588,0,0.916109989125369,2.33384013419611,0
2,3,0.7,0.35,110,25984,23908,0,0.9201046798029556,2.3716325532306155,0
2,3,0.7,0.35,111,26220,24230,0,0.9241037376048817,2.4093022968881765,0
2,3,0.7,0.35,112,26457,24557,0,0.92818535737234,2.447582019338257,0
2,3,0.7,0.35,113,26693,24885,0,0.932266886449631,2.4856929336207614,0
2,3,0.7,0.35,114,26929,25216,0,0.9363882802926213,2.524007150987142,0
2,3,0.7,0.35,115,27165,25550,0,0.9405484999079698,2.562511663239201,0
2,3,0.7,0.35,116,27402,25889,0,0.9447850521859719,2.6015480315566637,0
2,3,0.7,0.35,117,27638,26229,0,0.9490194659526738,2.640390173498164,0
2,3,0.7,0.35,118,27874,26572,0,0.9532898041185334,2.6793867224966483,0
2,3,0.7,0.35,119,28110,26918,0,0.9575951618641053,2.718526624870872,0
2,3,0.7,0.35,120,28346,27267,0,0.9619346645029281,2.7577992683071835,0
2,3,0.7,0.35,121,28583,27620,0,0.9663086449987754,2.7972050599329554,0
2,3,0.7,0.35,122,28819,27976,0,0.9707484645546341,2.8370220070082723,0
2,3,0.7,0.35,123,29055,28334,0,0.9751849939769403,2.8766279570856024,0
2,3,0.7,0.35,124,29291,28696,0,0.97968659315148,2.9166310580515176,0
2,3,0.7,0.35,125,29528,29062,0,0.9842183690056895,2.956717086202016,0
2,3,0.7,0.35,126,29764,29430,0,0.9887783900013439,2.996867085901262,0
2,3,0.7,0.35,127,30000,29802,0,0.9934,3.037370874403452,0
2,4,0.7,0.7,0,0,0,0,0.0,0.0,0
2,4,0.7,0.7,1,236,165,0,0.6991525423728814,0.0,0
2,4,0.7,0.7,2,472,330,0,0.6991525423728814,0.0,0
2,4,0.7,0.7,3,709,497,0,0.7009873060648801,0.0,0
2,4,0.7,0.7,4,945,662,0,0.7005291005291006,0.0,0
2,4,0.7,0.7,5,1181,828,0,0.7011007620660458,0.0,0
2,4,0.7,0.7,6,1417,994,0,0.7014820042342979,0.0047218995697515375,0
2,4,0.7,0.7,7,1654,1161,0,0.7019347037484885,0.010325507013611969,0
2,4,0.7,0.7,8,1890,1327,0,0.7021164021164021,0.012573590396519344,0
2,4,0.7,0.7,9,2126,1494,0,0.702728127939793,0.020137962414732438,0
2,4,0.7,0.7,10,2362,1662,0,0.7036409822184589,0.03141373998461708,0
2,4,0.7,0.7,11,2598,1830,0,0.7043879907621247,0.04063007644109912,0
2,4,0.7,0.7,12,2835,1999,0,0.7051146384479717,0.04958583435652222,0
2,4,0.7,0.7,13,3071,2169,0,0.706284597850863,0.06398592799517955,0
2,4,0.7,0.7,14,3307,2339,0,0.7072875718173571,0.07631175448169704,0
2,4,0.7,0.7,15,3543,2509,0,0.7081569291560824,0.08698139620135936,0
2,4,0.7,0.7,16,3780,2681,0,0.7092592592592593,0.10049149948577667,0
2,4,0.7,0.7,17,4016,2853,0,0.7104083665338645,0.11455256697496129,0
2,4,0.7,0.7,18,4252,3027,0,0.7119002822201317,0.13277451867896822,0
2,4,0.7,0.7,19,4488,3201,0,0.7132352941176471,0.14904773449323863,0
2,4,0.7,0.7,20,4724,3376,0,0.7146486028789162,0.16624219681549707,0
2,4,0.7,0.7,21,4961,3552,0,0.7159846805079622,0.18246581798024997,0
2,4,0.7,0.7,22,5197,3729,0,0.7175293438522224,0.20118454734164706,0
2,4,0.7,0.7,23,5433,3908,0,0.7193079330020247,0.22268821683298465,0
2,4,0.7,0.7,24,5669,4087,0,0.7209384371141295,0.24235483098516195,0
2,4,0.7,0.7,25,5906,4269,0,0.7228242465289536,0.26504546007043495,0
2,4,0.7,0.7,26,6142,4451,0,0.7246825138391404,0.28734686008214194,0
2,4,0.7,0.7,27,6378,4634,0,0.7265600501724678,0.3098215075130204,0
2,4,0.7,0.7,28,6614,4819,0,0.7286059872996674,0.33424593104318145,0
2,4,0.7,0.7,29,6850,5005,0,0.7306569343065693,0.3586614230309304,0
2,4,0.7,0.7,30,7087,5193,0,0.7327501058275716,0.38350901324348713,0
2,4,0.7,0.7,31,7323,5382,0,0.7349446947972142,0.4094844023903852,0
2,4,0.7,0.7,32,7559,5573,0,0.737266834237333,0.4368851708673191,0
2,4,0.7,0.7,33,7795,5765,0,0.7395766516998076,0.4640550586898401,0
2,4,0.7,0.7,34,8031,5959,0,0.7419997509650106,0.49246640693652594,0
2,4,0.7,0.7,35,8268,6156,0,0.7445573294629898,0.5223540806565007,0
2,4,0.7,0.7,36,8504,6354,0,0.7471777986829727,0.552870396090458,0
2,4,0.7,0.7,37,8740,6553,0,0.7497711670480549,0.5829659230074044,0
2,4,0.7,0.7,38,8976,6755,0,0.7525623885918004,0.6152414054919568,0
2,4,0.7,0.7,39,9213,6959,0,0.755345707152936,0.6473065232183635,0
2,4,0.7,0.7,40,9449,7164,0,0.7581754683035242,0.6797857803232242,0
2,4,0.7,0.7,41,9685,7372,0,0.7611770779556014,0.7141052464108245,0
2,4,0.7,0.7,42,9921,7581,0,0.7641366797701845,0.7478121566969319,0
2,4,0.7,0.7,43,10157,7793,0,0.7672541104656887,0.7831756923164922,0
2,4,0.7,0.7,44,10394,8008,0,0.7704444872041563,0.8192182562611232,0
2,4,0.7,0.7,45,10630,8224,0,0.7736594543744121,0.8553879591307679,0
2,4,0.7,0.7,46,10866,8443,0,0.7770108595619363,0.8929329880830589,0
2,4,0.7,0.7,47,11102,8664,0,0.7803999279409115,0.9307356290011346,0
2,4,0.7,0.7,48,11339,8888,0,0.7838433724314313,0.9689770293324587,0
2,4,0.7,0.7,49,11575,9114,0,0.7873866090712743,1.008151707701477,0
2,4,0.7,0.7,50,11811,9342,0,0.7909575819151639,1.0474550854101319,0
2,4,0.7,0.7,51,12047,9573,0,0.7946376691292438,1.0877741879998077,0
2,4,0.7,0.7,52,12283,9806,0,0.7983391679557111,1.1281399578184677,0
2,4,0.7,0.7,53,12520,10044,0,0.8022364217252396,1.1704387199021709,0
2,4,0.7,0.7,54,12756,10283,0,0.8061304484164314,1.2124977212445263,0
2,4,0.7,0.7,55,12992,10524,0,0.8100369458128078,1.2544877669039969,0
2,4,0.7,0.7,56,13228,10769,0,0.8141064408829755,1.2980150309666447,0
2,4,0.7,0.7,57,13465,11017,0,0.8181953212031192,1.3415310502652291,0
2,4,0.7,0.7,58,13701,11268,0,0.8224217210422596,1.386282656314146,0
2,4,0.7,0.7,59,13937,11521,0,0.8266484896319151,1.4308087482356728,0
2,4,0.7,0.7,60,14173,11777,0,0.8309461652437734,1.4758489751691017,0
2,4,0.7,0.7,61,14409,12037,0,0.8353806648622388,1.5220795999425543,0
2,4,0.7,0.7,62,14646,12301,0,0.8398880240338659,1.5688189905287429,0
2,4,0.7,0.7,63,14882,12566,0,0.8443757559467814,1.6151063201404052,0
2,4,0.7,0.7,64,15118,12835,0,0.8489879613705517,1.6624218566129345,0
2,4,0.7,0.7,65,15354,13108,0,0.8537189006122183,1.7106891453628745,0
2,4,0.7,0.7,66,15591,13385,0,0.858508113655314,1.759279296181283,0
2,4,0.7,0.7,67,15827,13664,0,0.8633348076072535,1.8079762362789584,0
2,4,0.7,0.7,68,16063,13946,0,0.8682064371537073,1.8568512467638492,0
2,4,0.7,0.7,69,16299,14232,0,0.8731824038284557,1.9064907230223995,0
2,4,0.7,0.7,70,16535,14522,0,0.8782582400967645,1.9568358800017998,0
2,4,0.7,0.7,71,16772,14816,0,0.8833770569997615,2.0073135286992625,0
2,4,0.7,0.7,72,17008,15113,0,0.8885818438381938,2.058339919958015,0
2,4,0.7,0.7,73,17244,15414,0,0.8938761308281141,2.109938025935479,0
2,4,0.7,0.7,74,17480,15718,0,0.8991990846681922,2.161508339351868,0
2,4,0.7,0.7,75,17717,16028,0,0.9046678331545973,2.2141741883357144,0
2,4,0.7,0.7,76,17953,16340,0,0.9101542917618225,2.2666916427912644,0
2,4,0.7,0.7,77,18189,16656,0,0.9157182912749464,2.319629000809334,0
2,4,0.7,0.7,78,18425,16976,0,0.9213568521031208,2.3729486170962195,0
2,4,0.7,0.7,79,18661,17299,0,0.927013557687155,2.4261129325944997,0
2,4,0.7,0.7,80,18898,17629,0,0.9328500370409567,2.4806278788500196,0
2,4,0.7,0.7,81,19134,17961,0,0.9386955158356851,2.5348860813475804,0
2,4,0.7,0.7,82,19370,18297,0,0.94460505937016,2.5893965637377465,0
2,4,0.7,0.7,83,19606,18638,0,0.9506273589717433,2.6445973984842364,0
2,4,0.7,0.7,84,19843,18984,0,0.9567101748727511,2.699999073113549,0
2,4,0.7,0.7,85,20079,19333,0,0.9628467553164999,2.7555346409660197,0
2,4,0.7,0.7,86,20315,19687,0,0.9690868816145705,2.811645509173803,0
2,4,0.7,0.7,87,20551,20044,0,0.9753296676560751,2.867419912994731,0
2,4,0.7,0.7,88,20787,20407,0,0.9817193438206572,2.9241381851208565,0
2,4,0.7,0.7,89,21024,20775,0,0.988156392694064,2.980904908101929,0
2,4,0.7,0.7,90,21260,21147,0,0.9946848541862653,3.0381013185778794,0
2,4,0.7,0.7,91,21496,21523,0,1.0012560476367696,3.0952942617862766,0
2,4,0.7,0.7,92,21732,21904,0,1.0079145959874838,3.152865905137323,0
2,4,0.7,0.7,93,21969,22291,0,1.0146570167053575,3.2107764768267035,0
2,4,0.7,0.7,94,22205,22681,0,1.0214366133753658,3.2686196380869976,0
2,4,0.7,0.7,95,22441,23077,0,1.028340983022147,3.3271341029575217,0
2,4,0.7,0.7,96,22677,23477,0,1.0352780350134498,3.3855312144881706,0
2,4,0.7,0.7,97,22913,23882,0,1.0422904028280888,3.444165994582119,0
2,4,0.7,0.7,98,23150,24294,0,1.0494168466522678,3.503351852534393,0
2,4,0.7,0.7,99,23386,24709,0,1.0565723082185923,3.562375697453335,0
2,4,0.7,0.7,100,23622,25129,0,1.0637964609262551,3.621562039803025,0
2,4,0.7,0.7,101,23858,25554,0,1.0710872663257607,3.6808883407687003,0
2,4,0.7,0.7,102,24094,25985,0,1.0784842699427244,3.740667519634293,0
2,4,0.7,0.7,103,24331,26422,0,1.0859397476470347,3.800505806521812,0
2,4,0.7,0.7,104,24567,26864,0,1.0934994097773436,3.8607622757877036,0
2,4,0.7,0.7,105,24803,27310,0,1.1010764826835464,3.9207409539328486,0
2,4,0.7,0.7,106,25039,27762,0,1.1087503494548505,3.9810666109789796,0
2,4,0.7,0.7,107,25276,28221,0,1.116513688874822,4.041672257625625,0
2,4,0.7,0.7,108,25512,28684,0,1.1243336469112575,4.1022953684682415,0
2,4,0.7,0.7,109,25748,29152,0,1.132204443063539,4.162888313292145,0
2,4,0.7,0.7,110,25984,29626,0,1.1401631773399015,4.2237314353528905,0
2,4,0.7,0.7,111,26220,30106,0,1.1482074752097635,4.2847986153981115,0
2,4,0.7,0.7,112,26457,30594,0,1.156366935026647,4.346304517140525,0
2,4,0.7,0.7,113,26693,31085,0,1.1645375191997902,4.407460921456744,0
2,4,0.7,0.7,114,26929,31582,0,1.1727877009914962,4.468779274186095,0
2,4,0.7,0.7,115,27165,32085,0,1.18111540585312,4.530237901722085,0
2,4,0.7,0.7,116,27402,32596,0,1.1895482081599884,4.592032159399776,0
2,4,0.7,0.7,117,27638,32767,0,1.1855778276286273,4.562992589524378,1
2,4,0.7,0.7,118,27874,32767,0,1.175539929683576,4.4891389252937195,1
2,4,0.7,0.7,119,28110,32767,0,1.1656705798648168,4.415907927257858,1
2,4,0.7,0.7,120,28346,32767,0,1.1559655683341565,4.343289183640422,1
2,4,0.7,0.7,121,28583,32767,0,1.146380715810097,4.270968653268016,1
2,4,0.7,0.7,122,28819,32767,0,1.1369929560359484,4.199546699171814,1
2,4,0.7,0.7,123,29055,32767,0,1.1277577009120634,4.1287072439108305,1
2,4,0.7,0.7,124,29291,32767,0,1.1186712642108498,4.058440862880624,1
2,4,0.7,0.7,125,29528,32767,0,1.1096924952587375,3.988444195654657,1
2,4,0.7,0.7,126,29764,32767,0,1.1008936970837253,3.9192989220963517,1
2,4,0.7,0.7,127,30000,32767,0,1.0922333333333334,3.850699745013423,1
3,0,0.85,-0.7,0,0,0,0,0.0,0.0,0
3,0,0.85,-0.7,1,236,201,0,0.8516949152542372,0.0,0
3,0,0.85,-0.7,2,472,401,0,0.8495762711864406,0.0,0
3,0,0.85,-0.7,3,709,602,0,0.849083215796897,0.0,0
3,0,0.85,-0.7,4,945,803,0,0.8497354497354498,0.0,0
3,0,0.85,-0.7,5,1181,1003,0,0.8492802709568162,0.0,0
3,0,0.85,-0.7,6,1417,1203,0,0.8489767113620325,-0.003105166290380006,0
3,0,0.85,-0.7,7,1654,1403,0,0.8482466747279322,-0.010577391901425875,0
3,0,0.85,-0.7,8,1890,1602,0,0.8476190476190476,-0.017006556638571833,0
3,0,0.85,-0.7,9,2126,1801,0,0.8471307619943556,-0.022011655492959546,0
3,0,0.85,-0.7,10,2362,1999,0,0.8463166807790008,-0.030362691325647694,0
3,0,0.85,-0.7,11,2598,2197,0,0.8456505003849115,-0.037202504468040645,0
3,0,0.85,-0.7,12,2835,2395,0,0.8447971781305115,-0.04597161770493346,0
3,0,0.85,-0.7,13,3071,2591,0,0.8436991208075545,-0.05726877728294895,0
3,0,0.85,-0.7,14,3307,2787,0,0.8427577865134563,-0.06696523214603912,0
3,0,0.85,-0.7,15,3543,2983,0,0.841941857183178,-0.07537868756035743,0
3,0,0.85,-0.7,16,3780,3178,0,0.8407407407407408,-0.08777884745535716,0
3,0,0.85,-0.7,17,4016,3371,0,0.8393924302788844,-0.10171974045788634,0
3,0,0.85,-0.7,18,4252,3564,0,0.8381937911571026,-0.11413191786650503,0
3,0,0.85,-0.7,19,4488,3756,0,0.8368983957219251,-0.12756600121869963,0
3,0,0.85,-0.7,20,4724,3947,0,0.8355207451312447,-0.14187595905730346,0
3,0,0.85,-0.7,21,4961,4137,0,0.8339044547470268,-0.1586948309515342,0
3,0,0.85,-0.7,22,5197,4326,0,0.8324033096016933,-0.174344742533803,0
3,0,0.85,-0.7,23,5433,4514,0,0.830848518314007,-0.190583713977619,0
3,0,0.85,-0.7,24,5669,4700,0,0.8290703827835597,-0.2091926892431174,0
3,0,0.85,-0.7,25,5906,4886,0,0.8272942770064341,-0.22782030797090097,0
3,0,0.85,-0.7,26,6142,5070,0,0.8254640182351026,-0.247057763612348,0
3,0,0.85,-0.7,27,6378,5252,0,0.8234556287237379,-0.26821665792803934,0
3,0,0.85,-0.7,28,6614,5433,0,0.8214393710311461,-0.28951041901733,0
3,0,0.85,-0.7,29,6850,5613,0,0.8194160583941605,-0.31093129359313126,0
3,0,0.85,-0.7,30,7087,5792,0,0.8172710596867504,-0.3336982995865881,0
3,0,0.85,-0.7,31,7323,5969,0,0.8151030998224771,-0.35676981304160094,0
3,0,0.85,-0.7,32,7559,6144,0,0.8128059267098823,-0.38128347449833294,0
3,0,0.85,-0.7,33,7795,6317,0,0.8103912764592688,-0.4071255607479167,0
3,0,0.85,-0.7,34,8031,6489,0,0.807994023160254,-0.4328577430948892,0
3,0,0.85,-0.7,35,8268,6659,0,0.8053942912433478,-0.46084976939218786,0
3,0,0.85,-0.7,36,8504,6828,0,0.8029162746942615,-0.48761548958895345,0
3,0,0.85,-0.7,37,8740,6994,0,0.8002288329519451,-0.5167368013616074,0
3,0,0.85,-0.7,38,8976,7158,0,0.7974598930481284,-0.5468437053000798,0
3,0,0.85,-0.7,39,9213,7321,0,0.7946380115054814,-0.5776339943240876,0
3,0,0.85,-0.7,40,9449,7482,0,0.7918298232617208,-0.6083836106836886,0
3,0,0.85,-0.7,41,9685,7640,0,0.78884873515746,-0.6411460377268597,0
3,0,0.85,-0.7,42,9921,7796,0,0.7858078822699325,-0.6746930918936958,0
3,0,0.85,-0.7,43,10157,7950,0,0.782711430540514,-0.708987184048514,0
3,0,0.85,-0.7,44,10394,8103,0,0.7795843756013084,-0.743758179732614,0
3,0,0.85,-0.7,45,10630,8253,0,0.7763875823142051,-0.779449096417081,0
3,0,0.85,-0.7,46,10866,8400,0,0.7730535615681944,-0.8168290008544741,0
3,0,0.85,-0.7,47,11102,8545,0,0.7696811385335975,-0.8548038269197905,0
3,0,0.85,-0.7,48,11339,8688,0,0.7662051327277538,-0.8941195691390892,0
3,0,0.85,-0.7,49,11575,8828,0,0.7626781857451403,-0.9341942121455336,0
3,0,0.85,-0.7,50,11811,8965,0,0.7590381847430362,-0.9757482203718724,0
3,0,0.85,-0.7,51,12047,9100,0,0.7553747821034282,-1.0177710685525367,0
3,0,0.85,-0.7,52,12283,9233,0,0.7516893267117154,-1.060253033883038,0
3,0,0.85,-0.7,53,12520,9363,0,0.7478434504792332,-1.1048068179263817,0
3,0,0.85,-0.7,54,12756,9490,0,0.7439636249608027,-1.149986671010645,0
3,0,0.85,-0.7,55,12992,9614,0,0.739993842364532,-1.1964585902275067,0
3,0,0.85,-0.7,56,13228,9735,0,0.7359389174478379,-1.2441853158503617,0
3,0,0.85,-0.7,57,13465,9854,0,0.7318232454511697,-1.2928967043108452,0
3,0,0.85,-0.7,58,13701,9969,0,0.7276111232756733,-1.3430341147038571,0
3,0,0.85,-0.7,59,13937,10082,0,0.7233981488125134,-1.3934728469287585,0
3,0,0.85,-0.7,60,14173,10191,0,0.7190432512523813,-1.4459204188308834,0
3,0,0.85,-0.7,61,14409,10297,0,0.7146228051911999,-1.49948328047482,0
3,0,0.85,-0.7,62,14646,10401,0,0.7101597705858255,-1.5538993766335287,0
3,0,0.85,-0.7,63,14882,10501,0,0.7056175245262734,-1.6096335425747121,0
3,0,0.85,-0.7,64,15118,10598,0,0.7010186532610133,-1.6664292246808534,0
3,0,0.85,-0.7,65,15354,10691,0,0.6963006382701576,-1.7250848426250167,0
3,0,0.85,-0.7,66,15591,10782,0,0.6915528189340003,-1.7845135891361568,0
3,0,0.85,-0.7,67,15827,10869,0,0.6867378530359513,-1.845200980246412,0
3,0,0.85,-0.7,68,16063,10952,0,0.6818153520512981,-1.9076851928062268,0
3,0,0.85,-0.7,69,16299,11032,0,0.6768513405730413,-1.9711548398498648,0
3,0,0.85,-0.7,70,16535,11108,0,0.671787118234049,-2.036387271568099,0
3,0,0.85,-0.7,71,16772,11181,0,0.6666467922728356,-2.1031048332986373,0
3,0,0.85,-0.7,72,17008,11250,0,0.661453433678269,-2.1710352027748714,0
3,0,0.85,-0.7,73,17244,11315,0,0.6561702621201577,-2.2406898259601284,0
3,0,0.85,-0.7,74,17480,11376,0,0.6508009153318077,-2.3120576063919303,0
3,0,0.85,-0.7,75,17717,11434,0,0.6453688547722526,-2.3848606540232136,0
3,0,0.85,-0.7,76,17953,11488,0,0.6398930540856681,-2.4588727878829255,0
3,0,0.85,-0.7,77,18189,11538,0,0.6343394359228105,-2.534586474788174,0
3,0,0.85,-0.7,78,18425,11584,0,0.6287109905020353,-2.6119996616984142,0
3,0,0.85,-0.7,79,18661,11626,0,0.6230105567761642,-2.6911125932278424,0
3,0,0.85,-0.7,80,18898,11664,0,0.6172081701767382,-2.7723873817290503,0
3,0,0.85,-0.7,81,19134,11697,0,0.6113201630605205,-2.855646302517159,0
3,0,0.85,-0.7,82,19370,11727,0,0.6054207537429014,-2.939874619482092,0
3,0,0.85,-0.7,83,19606,11752,0,0.5994083443843722,-3.0265650185326933,0
3,0,0.85,-0.7,84,19843,11773,0,0.5933074635891751,-3.1154244754120453,0
3,0,0.85,-0.7,85,20079,11790,0,0.5871806364858808,-3.2055862006995346,0
3,0,0.85,-0.7,86,20315,11802,0,0.5809500369185331,-3.298245035327068,0
3,0,0.85,-0.7,87,20551,11810,0,0.5746678993722933,-3.392681940854513,0
3,0,0.85,-0.7,88,20787,11814,0,0.5683359792177803,-3.4889176987642583,0
3,0,0.85,-0.7,89,21024,11812,0,0.561834094368341,-3.5888588998709836,0
3,0,0.85,-0.7,90,21260,11807,0,0.5553621825023518,-3.689494647088822,0
3,0,0.85,-0.7,91,21496,11796,0,0.548753256419799,-3.793478499045099,0
3,0,0.85,-0.7,92,21732,11781,0,0.5421038100496963,-3.8993715155701176,0
3,0,0.85,-0.7,93,21969,11762,0,0.5353907779143339,-4.007602983947959,0
3,0,0.85,-0.7,94,22205,11737,0,0.5285746453501463,-4.118894166678063,0
3,0,0.85,-0.7,95,22441,11708,0,0.52172363085424,-4.232210547691871,0
3,0,0.85,-0.7,96,22677,11673,0,0.5147506283899986,-4.3490829988925945,0
3,0,0.85,-0.7,97,22913,11634,0,0.5077466940164972,-4.468078621010504,0
3,0,0.85,-0.7,98,23150,11590,0,0.5006479481641468,-4.590371895945586,0
3,0,0.85,-0.7,99,23386,11540,0,0.4934576242196186,-4.716023438653874,0
3,0,0.85,-0.7,100,23622,11486,0,0.48624163914994495,-4.843977772712576,0
3,0,0.85,-0.7,101,23858,11426,0,0.4789169251404141,-4.975816998599304,0
3,0,0.85,-0.7,102,24094,11362,0,0.47156968539885447,-5.110103129429237,0
3,0,0.85,-0.7,103,24331,11291,0,0.4640581973613908,-5.2495717346268265,0
3,0,0.85,-0.7,104,24567,11216,0,0.45654740098506125,-5.391303212350858,0
3,0,0.85,-0.7,105,24803,11136,0,0.44897794621618353,-5.53652052824284,0
3,0,0.85,-0.7,106,25039,11049,0,0.4412716162786054,-5.686900839911086,0
3,0,0.85,-0.7,107,25276,10958,0,0.4335337869916126,-5.840561720003256,0
3,0,0.85,-0.7,108,25512,10861,0,0.4257212292254625,-5.998514558925068,0
3,0,0.85,-0.7,109,25748,10758,0,0.41781885971725957,-6.1612599183601695,0
3,0,0.85,-0.7,110,25984,10650,0,0.40986761083743845,-6.32814870386456,0
3,0,0.85,-0.7,111,26220,10536,0,0.40183066361556063,-6.500159216144827,0
3,0,0.85,-0.7,112,26457,10416,0,0.39369543032089804,-6.677813230110244,0
3,0,0.85,-0.7,113,26693,10290,0,0.3854943243546997,-6.860660942088847,0
3,0,0.85,-0.7,114,26929,10159,0,0.377251290430391,-7.048406028074074,0
3,0,0.85,-0.7,115,27165,10022,0,0.3689306092398307,-7.242126927403701,0
3,0,0.85,-0.7,116,27402,9879,0,0.3605211298445369,-7.4424062393195465,0
3,0,0.85,-0.7,117,27638,9730,0,0.35205152326506983,-7.648896152653323,0
3,0,0.85,-0.7,118,27874,9575,0,0.3435100810791418,-7.862230969437811,0
3,0,0.85,-0.7,119,28110,9414,0,0.33489861259338316,-8.082753740875274,0
3,0,0.85,-0.7,120,28346,9246,0,0.3261835885133705,-8.311778581863058,0
3,0,0.85,-0.7,121,28583,9072,0,0.31739145646013367,-8.549116063300094,0
3,0,0.85,-0.7,122,28819,8893,0,0.3085811443839134,-8.793633002059648,0
3,0,0.85,-0.7,123,29055,8707,0,0.2996730339012218,-9.048067414443713,0
3,0,0.85,-0.7,124,29291,8515,0,0.29070362910108904,-9.312011638691718,0
3,0,0.85,-0.7,125,29528,8315,0,0.28159712814955296,-9.58845628077932,0
3,0,0.85,-0.7,126,29764,8110,0,0.2724768176320387,-9.874429541225267,0
3,0,0.85,-0.7,127,30000,7899,0,0.2633,-10.172003526016704,0
3,1,0.85,-0.35,0,0,0,0,0.0,0.0,0
3,1,0.85,-0.35,1,236,201,0,0.8516949152542372,0.0,0
3,1,0.85,-0.35,2,472,401,0,0.8495762711864406,0.0,0
3,1,0.85,-0.35,3,709,603,0,0.8504936530324401,0.0,0
3,1,0.85,-0.35,4,945,803,0,0.8497354497354498,0.0,0
3,1,0.85,-0.35,5,1181,1003,0,0.8492802709568162,0.0,0
3,1,0.85,-0.35,6,1417,1204,0,0.8496824276640791,0.00411202534884186,0
3,1,0.85,-0.35,7,1654,1404,0,0.848851269649335,-0.004388656592893598,0
3,1,0.85,-0.35,8,1890,1604,0,0.8486772486772487,-0.0061695126400553935,0
3,1,0.85,-0.35,9,2126,1804,0,0.8485418626528692,-0.007555247765166749,0
3,1,0.85,-0.35,10,2362,2003,0,0.8480101608806097,-0.012999587816461102,0
3,1,0.85,-0.35,11,2598,2203,0,0.8479599692070824,-0.013513699862895297,0
3,1,0.85,-0.35,12,2835,2402,0,0.8472663139329806,-0.02062191137882939,0
3,1,0.85,-0.35,13,3071,2601,0,0.8469553891240639,-0.023809993081988626,0
3,1,0.85,-0.35,14,3307,2799,0,0.8463864529785304,-0.02964663708887535,0
3,1,0.85,-0.35,15,3543,2997,0,0.8458933107535986,-0.03470889588871588,0
3,1,0.85,-0.35,16,3780,3195,0,0.8452380952380952,-0.04143945499419356,0
3,1,0.85,-0.35,17,4016,3393,0,0.8448705179282868,-0.045217597974970394,0
3,1,0.85,-0.35,18,4252,3589,0,0.8440733772342427,-0.05341665849845249,0
3,1,0.85,-0.35,19,4488,3785,0,0.8433600713012478,-0.06075999637833436,0
3,1,0.85,-0.35,20,4724,3981,0,0.8427180355630821,-0.0673749352856513,0
3,1,0.85,-0.35,21,4961,4177,0,0.8419673452932877,-0.07511574355935534,0
3,1,0.85,-0.35,22,5197,4372,0,0.8412545699441986,-0.08247197904195266,0
3,1,0.85,-0.35,23,5433,4566,0,0.8404196576477084,-0.09109666572815461,0
3,1,0.85,-0.35,24,5669,4759,0,0.8394778620568002,-0.10083575198231708,0
3,1,0.85,-0.35,25,5906,4953,0,0.8386386725364037,-0.10952300107013722,0
3,1,0.85,-0.35,26,6142,5145,0,0.8376750244220124,-0.1195093683100332,0
3,1,0.85,-0.35,27,6378,5337,0,0.8367826904985889,-0.1287669502051247,0
3,1,0.85,-0.35,28,6614,5528,0,0.8358028424553976,-0.138943832368908,0
3,1,0.85,-0.35,29,6850,5718,0,0.8347445255474453,-0.14994911754717669,0
3,1,0.85,-0.35,30,7087,5908,0,0.8336390574290955,-0.1614596305701602,0
3,1,0.85,-0.35,31,7323,6097,0,0.8325822750238973,-0.17247749043668742,0
3,1,0.85,-0.35,32,7559,6284,0,0.8313268950919434,-0.18558408760873032,0
3,1,0.85,-0.35,33,7795,6471,0,0.8301475304682489,-0.19791510219112682,0
3,1,0.85,-0.35,34,8031,6658,0,0.8290374797659071,-0.2095374098569956,0
3,1,0.85,-0.35,35,8268,6844,0,0.8277697145621674,-0.2228300498618256,0
3,1,0.85,-0.35,36,8504,7028,0,0.8264346190028222,-0.23685068197772563,0
3,1,0.85,-0.35,37,8740,7211,0,0.8250572082379862,-0.2513394496076481,0
3,1,0.85,-0.35,38,8976,7394,0,0.8237522281639929,-0.26508866163803035,0
3,1,0.85,-0.35,39,9213,7576,0,0.8223162921958103,-0.2802428114883525,0
3,1,0.85,-0.35,40,9449,7757,0,0.8209334321092179,-0.2948618590437073,0
3,1,0.85,-0.35,41,9685,7936,0,0.8194114610221993,-0.310980026318213,0
3,1,0.85,-0.35,42,9921,8115,0,0.8179618990021167,-0.32635921756035857,0
3,1,0.85,-0.35,43,10157,8292,0,0.8163827901939549,-0.3431438887414555,0
3,1,0.85,-0.35,44,10394,8469,0,0.8147969982682317,-0.3600323005432441,0
3,1,0.85,-0.35,45,10630,8644,0,0.813170272812794,-0.37739083437992654,0
3,1,0.85,-0.35,46,10866,8818,0,0.8115221792748021,-0.39501283228603246,0
3,1,0.85,-0.35,47,11102,8991,0,0.8098540803458836,-0.41288521474875994,0
3,1,0.85,-0.35,48,11339,9163,0,0.808095952023988,-0.43176208273427186,0
3,1,0.85,-0.35,49,11575,9333,0,0.8063066954643628,-0.45101538537056396,0
3,1,0.85,-0.35,50,11811,9502,0,0.804504275675218,-0.470453576672173,0
3,1,0.85,-0.35,51,12047,9670,0,0.8026894662571594,-0.4900694333143747,0
3,1,0.85,-0.35,52,12283,9837,0,0.8008629813563461,-0.5098563173149271,0
3,1,0.85,-0.35,53,12520,10002,0,0.7988817891373802,-0.531370281393305,0
3,1,0.85,-0.35,54,12756,10166,0,0.7969582941360929,-0.5523088122228023,0
3,1,0.85,-0.35,55,12992,10328,0,0.7949507389162561,-0.5742163609127906,0
3,1,0.85,-0.35,56,13228,10489,0,0.79293921983671,-0.5962227247410583,0
3,1,0.85,-0.35,57,13465,10650,0,0.7909394727070181,-0.6181557075935213,0
3,1,0.85,-0.35,58,13701,10808,0,0.7888475293774178,-0.6411593143918433,0
3,1,0.85,-0.35,59,13937,10964,0,0.7866829303293391,-0.6650261716221789,0
3,1,0.85,-0.35,60,14173,11119,0,0.7845198617088831,-0.6889418460109386,0
3,1,0.85,-0.35,61,14409,11273,0,0.782358248317024,-0.7129073952811199,0
3,1,0.85,-0.35,62,14646,11425,0,0.7800764713915063,-0.7382771293169537,0
3,1,0.85,-0.35,63,14882,11575,0,0.7777852439188281,-0.7638267183689478,0
3,1,0.85,-0.35,64,15118,11724,0,0.7754994046831591,-0.7893913329191106,0
3,1,0.85,-0.35,65,15354,11871,0,0.7731535756154748,-0.8157053338408446,0
3,1,0.85,-0.35,66,15591,12017,0,0.7707651850426528,-0.8425789155413062,0
3,1,0.85,-0.35,67,15827,12161,0,0.7683705060971757,-0.8696069858306492,0
3,1,0.85,-0.35,68,16063,12303,0,0.7659216833717238,-0.8973334151819554,0
3,1,0.85,-0.35,69,16299,12443,0,0.7634210687772256,-0.9257378807224854,0
3,1,0.85,-0.35,70,16535,12581,0,0.7608708799516177,-0.9548014461120268,0
3,1,0.85,-0.35,71,16772,12718,0,0.7582876222275221,-0.984341369816784,0
3,1,0.85,-0.35,72,17008,12853,0,0.7557031984948259,-1.013995500894806,0
3,1,0.85,-0.35,73,17244,12986,0,0.7530735328230109,-1.0442730210403326,0
3,1,0.85,-0.35,74,17480,13117,0,0.7504004576659039,-1.0751589032308053,0
3,1,0.85,-0.35,75,17717,13247,0,0.7476999492013321,-1.106473685323024,0
3,1,0.85,-0.35,76,17953,13374,0,0.7449451345179079,-1.1385349485698002,0
3,1,0.85,-0.35,77,18189,13499,0,0.7421518500192424,-1.1711652203937475,0
3,1,0.85,-0.35,78,18425,13622,0,0.7393215739484397,-1.2043531198280482,0
3,1,0.85,-0.35,79,18661,13744,0,0.7365092974653019,-1.2374560358918876,0
3,1,0.85,-0.35,80,18898,13863,0,0.7335696899142766,-1.272193136439689,0
3,1,0.85,-0.35,81,19134,13981,0,0.7306888261733041,-1.306371386425458,0
3,1,0.85,-0.35,82,19370,14096,0,0.7277232834279814,-1.3416953011608288,0
3,1,0.85,-0.35,83,19606,14209,0,0.7247271243496889,-1.3775303890459036,0
3,1,0.85,-0.35,84,19843,14320,0,0.7216650708058258,-1.4143069963461266,0
3,1,0.85,-0.35,85,20079,14428,0,0.7185616813586334,-1.4517396296748086,0
3,1,0.85,-0.35,86,20315,14535,0,0.7154811715481172,-1.4890565192577423,0
3,1,0.85,-0.35,87,20551,14639,0,0.7123254342854363,-1.5274516774137425,0
3,1,0.85,-0.35,88,20787,14741,0,0.709145138788666,-1.5663181053457138,0
3,1,0.85,-0.35,89,21024,14841,0,0.7059075342465754,-1.6060643640549277,0
3,1,0.85,-0.35,90,21260,14939,0,0.702681091251176,-1.6458553666028173,0
3,1,0.85,-0.35,91,21496,15034,0,0.6993859322664682,-1.6866828584387814,0
3,1,0.85,-0.35,92,21732,15127,0,0.6960703110620283,-1.7279584974217679,0
3,1,0.85,-0.35,93,21969,15218,0,0.6927033547271155,-1.7700748899776841,0
3,1,0.85,-0.35,94,22205,15306,0,0.6893042107633416,-1.8128020784632874,0
3,1,0.85,-0.35,95,22441,15391,0,0.6858428768771445,-1.8565280593410713,0
3,1,0.85,-0.35,96,22677,15474,0,0.6823653922476518,-1.900680858929071,0
3,1,0.85,-0.35,97,22913,15555,0,0.6788722559245843,-1.9452595013630403,0
3,1,0.85,-0.35,98,23150,15633,0,0.6752915766738661,-1.9911940574890354,0
3,1,0.85,-0.35,99,23386,15709,0,0.6717266740785085,-2.0371688210656176,0
3,1,0.85,-0.35,100,23622,15782,0,0.6681060028786724,-2.084113230694019,0
3,1,0.85,-0.35,101,23858,15853,0,0.6644731327018191,-2.131472200613879,0
3,1,0.85,-0.35,102,24094,15921,0,0.6607869179048725,-2.179791981273073,0
3,1,0.85,-0.35,103,24331,15986,0,0.6570219062101845,-2.2294237100140277,0
3,1,0.85,-0.35,104,24567,16049,0,0.6532747181178002,-2.2791036837689935,0
3,1,0.85,-0.35,105,24803,16109,0,0.6494778857396283,-2.3297333432906315,0
3,1,0.85,-0.35,106,25039,16166,0,0.6456328128120132,-2.3813088221519516,0
3,1,0.85,-0.35,107,25276,16221,0,0.6417550245291976,-2.433635156071334,0
3,1,0.85,-0.35,108,25512,16273,0,0.6378566948886798,-2.486558344053283,0
3,1,0.85,-0.35,109,25748,16322,0,0.6339133136554296,-2.5404232468784405,0
3,1,0.85,-0.35,110,25984,16368,0,0.6299261083743842,-2.5952285319979937,0
3,1,0.85,-0.35,111,26220,16411,0,0.6258962623951182,-2.6509735456141548,0
3,1,0.85,-0.35,112,26457,16452,0,0.6218392107948747,-2.707458637849829,0
3,1,0.85,-0.35,113,26693,16490,0,0.6177649571048589,-2.7645553244471315,0
3,1,0.85,-0.35,114,26929,16524,0,0.6136135764417543,-2.823121508468542,0
3,1,0.85,-0.35,115,27165,16556,0,0.6094607031106203,-2.8821065409584117,0
3,1,0.85,-0.35,116,27402,16585,0,0.6052477921319611,-2.9423564308409285,0
3,1,0.85,-0.35,117,27638,16611,0,0.6010203343223098,-3.003237393388444,0
3,1,0.85,-0.35,118,27874,16634,0,0.5967568343258951,-3.065072679303651,0
3,1,0.85,-0.35,119,28110,16653,0,0.5924226254002134,-3.12838797925642,0
3,1,0.85,-0.35,120,28346,16670,0,0.5880900303393777,-3.192144367344209,0
3,1,0.85,-0.35,121,28583,16684,0,0.583703600041983,-3.257173270800848,0
3,1,0.85,-0.35,122,28819,16694,0,0.5792706200770326,-3.3233906650684513,0
3,1,0.85,-0.35,123,29055,16702,0,0.5748408191361212,-3.3900687166623085,0
3,1,0.85,-0.35,124,29291,16706,0,0.5703458400191185,-3.458255143267333,0
3,1,0.85,-0.35,125,29528,16707,0,0.5658019506908697,-3.5277318997016502,0
3,1,0.85,-0.35,126,29764,16705,0,0.5612484881064373,-3.5979170259653825,0
3,1,0.85,-0.35,127,30000,16699,0,0.5566333333333333,-3.6696365083045017,0
3,2,0.85,0.0,0,0,0,0,0.0,0.0,0
3,2,0.85,0.0,1,236,201,0,0.8516949152542372,0.0,0
3,2,0.85,0.0,2,472,401,0,0.8495762711864406,0.0,0
3,2,0.85,0.0,3,709,603,0,0.8504936530324401,0.0,0
3,2,0.85,0.0,4,945,803,0,0.8497354497354498,0.0,0
3,2,0.85,0.0,5,1181,1004,0,0.8501270110076207,0.0,0
3,2,0.85,0.0,6,1417,1204,0,0.8496824276640791,-0.004543570422807624,0
3,2,0.85,0.0,7,1654,1406,0,0.8500604594921403,-0.0006799945641692896,0
3,2,0.85,0.0,8,1890,1607,0,0.8502645502645503,0.0014051478922939406,0
3,2,0.85,0.0,9,2126,1807,0,0.8499529633113829,-0.0017784564366361208,0
3,2,0.85,0.0,10,2362,2008,0,0.8501270110076207,0.0,0
3,2,0.85,0.0,11,2598,2208,0,0.8498845265588915,-0.0024778575066701307,0
3,2,0.85,0.0,12,2835,2410,0,0.8500881834215167,-0.000396716990855105,0
3,2,0.85,0.0,13,3071,2610,0,0.8498860306089222,-0.0024624860054729414,0
3,2,0.85,0.0,14,3307,2811,0,0.8500151194436045,-0.0011432900349570626,0
3,2,0.85,0.0,15,3543,3012,0,0.8501270110076207,0.0,0
3,2,0.85,0.0,16,3780,3213,0,0.85,-0.0012977896238600423,0
3,2,0.85,0.0,17,4016,3414,0,0.8500996015936255,-0.00028005107467721246,0
3,2,0.85,0.0,18,4252,3614,0,0.8499529633113829,-0.0017784564366361208,0
3,2,0.85,0.0,19,4488,3815,0,0.8500445632798574,-0.0008424230538289158,0
3,2,0.85,0.0,20,4724,4015,0,0.8499153259949196,-0.0021630904452629874,0
3,2,0.85,0.0,21,4961,4217,0,0.8500302358395485,-0.0009888243361566413,0
3,2,0.85,0.0,22,5197,4417,0,0.8499134115836059,-0.0021826551990818794,0
3,2,0.85,0.0,23,5433,4618,0,0.8499907969814099,-0.001391832960980868,0
3,2,0.85,0.0,24,5669,4819,0,0.8500617392838243,-0.000666917704946372,0
3,2,0.85,0.0,25,5906,5020,0,0.8499830680663731,-0.001470813590521467,0
3,2,0.85,0.0,26,6142,5221,0,0.8500488440247477,-0.0007986818364044656,0
3,2,0.85,0.0,27,6378,5421,0,0.8499529633113829,-0.0017784564366361208,0
3,2,0.85,0.0,28,6614,5622,0,0.8500151194436045,-0.0011432900349570626,0
3,2,0.85,0.0,29,6850,5823,0,0.8500729927007299,-0.0005519315977211665,0
3,2,0.85,0.0,30,7087,6024,0,0.8500070551714407,-0.0012256952871619992,0
3,2,0.85,0.0,31,7323,6225,0,0.8500614502253175,-0.0006698712912562095,0
3,2,0.85,0.0,32,7559,6425,0,0.849980156105305,-0.0015005706724491052,0
3,2,0.85,0.0,33,7795,6626,0,0.8500320718409237,-0.0009700634881012121,0
3,2,0.85,0.0,34,8031,6826,0,0.8499564188768522,-0.001743143189214332,0
3,2,0.85,0.0,35,8268,7028,0,0.8500241896468311,-0.001050606549581034,0
3,2,0.85,0.0,36,8504,7228,0,0.8499529633113829,-0.0017784564366361208,0
3,2,0.85,0.0,37,8740,7429,0,0.85,-0.0012977896238600423,0
3,2,0.85,0.0,38,8976,7630,0,0.8500445632798574,-0.0008424230538289158,0
3,2,0.85,0.0,39,9213,7831,0,0.8499945728861391,-0.0013532478150811663,0
3,2,0.85,0.0,40,9449,8032,0,0.850037040956715,-0.0009192876801797021,0
3,2,0.85,0.0,41,9685,8232,0,0.8499741868869386,-0.0015615699247761758,0
3,2,0.85,0.0,42,9921,8433,0,0.8500151194436045,-0.0011432900349570626,0
3,2,0.85,0.0,43,10157,8634,0,0.8500541498473959,-0.0007444665445919697,0
3,2,0.85,0.0,44,10394,8835,0,0.8500096209351549,-0.0011994767908709897,0
3,2,0.85,0.0,45,10630,9036,0,0.8500470366886171,-0.0008171494091414354,0
3,2,0.85,0.0,46,10866,9236,0,0.8499907969814099,-0.001391832960980868,0
3,2,0.85,0.0,47,11102,9437,0,0.8500270221581697,-0.0010216628557496083,0
3,2,0.85,0.0,48,11339,9638,0,0.8499867713202223,-0.0014329705023787588,0
3,2,0.85,0.0,49,11575,9839,0,0.8500215982721382,-0.001077086300601139,0
3,2,0.85,0.0,50,11811,10039,0,0.8499703666073999,-0.0016006094644972944,0
3,2,0.85,0.0,51,12047,10240,0,0.8500041504108907,-0.0012553779498172258,0
3,2,0.85,0.0,52,12283,10441,0,0.850036636000977,-0.0009234256194884691,0
3,2,0.85,0.0,53,12520,10642,0,0.85,-0.0012977896238600423,0
3,2,0.85,0.0,54,12756,10843,0,0.8500313577924115,-0.0009773598588895182,0
3,2,0.85,0.0,55,12992,11043,0,0.8499846059113301,-0.0014550985251334826,0
3,2,0.85,0.0,56,13228,11244,0,0.8500151194436045,-0.0011432900349570626,0
3,2,0.85,0.0,57,13465,11445,0,0.8499814333457111,-0.0014875186490652013,0
3,2,0.85,0.0,58,13701,11646,0,0.8500109481059777,-0.0011859150028461565,0
3,2,0.85,0.0,59,13937,11847,0,0.8500394632991318,-0.0008945356189094818,0
3,2,0.85,0.0,60,14173,12047,0,0.8499964721653849,-0.0013338395599980252,0
3,2,0.85,0.0,61,14409,12248,0,0.8500242903740718,-0.001049577278114377,0
3,2,0.85,0.0,62,14646,12449,0,0.849993172197187,-0.0013675611296226828,0
3,2,0.85,0.0,63,14882,12650,0,0.8500201585808359,-0.0010917977036760148,0
3,2,0.85,0.0,64,15118,12850,0,0.849980156105305,-0.0015005706724491052,0
3,2,0.85,0.0,65,15354,13051,0,0.850006512960792,-0.0012312359274763898,0
3,2,0.85,0.0,66,15591,13252,0,0.8499775511513052,-0.0015271905617062801,0
3,2,0.85,0.0,67,15827,13453,0,0.8500031591584002,-0.0012655072118360124,0
3,2,0.85,0.0,68,16063,13654,0,0.8500280146921496,-0.0010115207833759393,0
3,2,0.85,0.0,69,16299,13854,0,0.8499907969814099,-0.001391832960980868,0
3,2,0.85,0.0,70,16535,14055,0,0.8500151194436045,-0.0011432900349570626,0
3,2,0.85,0.0,71,16772,14256,0,0.8499880753637014,-0.001419644684336209,0
3,2,0.85,0.0,72,17008,14457,0,0.8500117591721543,-0.0011776270767266772,0
3,2,0.85,0.0,73,17244,14658,0,0.8500347947112039,-0.000942240405116834,0
3,2,0.85,0.0,74,17480,14858,0,0.85,-0.0012977896238600423,0
3,2,0.85,0.0,75,17717,15060,0,0.8500310436304115,-0.0009805700663008093,0
3,2,0.85,0.0,76,17953,15260,0,0.8499972149501476,-0.0013262492418428125,0
3,2,0.85,0.0,77,18189,15461,0,0.8500192423992523,-0.001101159665662342,0
3,2,0.85,0.0,78,18425,15661,0,0.8499864314789688,-0.0014364432907943323,0
3,2,0.85,0.0,79,18661,15862,0,0.8500080381544397,-0.0012156505741728555,0
3,2,0.85,0.0,80,18898,16063,0,0.849984125304265,-0.0014600097918524872,0
3,2,0.85,0.0,81,19134,16264,0,0.8500052262987352,-0.001244383842127448,0
3,2,0.85,0.0,82,19370,16465,0,0.8500258131130615,-0.0010340173333986443,0
3,2,0.85,0.0,83,19606,16665,0,0.849994899520555,-0.0013499100173660333,0
3,2,0.85,0.0,84,19843,16867,0,0.8500226780224764,-0.0010660529499936283,0
3,2,0.85,0.0,85,20079,17067,0,0.8499925295084416,-0.0013741286242878804,0
3,2,0.85,0.0,86,20315,17268,0,0.8500123061777012,-0.0011720374737225331,0
3,2,0.85,0.0,87,20551,17468,0,0.8499829691985792,-0.001471823910407876,0
3,2,0.85,0.0,88,20787,17669,0,0.8500024053494973,-0.0012732101289027957,0
3,2,0.85,0.0,89,21024,17871,0,0.8500285388127854,-0.001006165133306522,0
3,2,0.85,0.0,90,21260,18071,0,0.85,-0.0012977896238600423,0
3,2,0.85,0.0,91,21496,18272,0,0.8500186081131373,-0.0011076410968753054,0
3,2,0.85,0.0,92,21732,18472,0,0.8499907969814099,-0.001391832960980868,0
3,2,0.85,0.0,93,21969,18674,0,0.8500159315398971,-0.0011349916232683568,0
3,2,0.85,0.0,94,22205,18874,0,0.8499887412744878,-0.0014128398531840776,0
3,2,0.85,0.0,95,22441,19075,0,0.850006684194109,-0.0012294861602440152,0
3,2,0.85,0.0,96,22677,19276,0,0.8500242536490717,-0.0010499525489249123,0
3,2,0.85,0.0,97,22913,19476,0,0.8499978178326714,-0.0013200885519994076,0
3,2,0.85,0.0,98,23150,19678,0,0.8500215982721382,-0.001077086300601139,0
3,2,0.85,0.0,99,23386,19878,0,0.8499957239373984,-0.0013414855077022165,0
3,2,0.85,0.0,100,23622,20079,0,0.8500127000254001,-0.0011680129239257705,0
3,2,0.85,0.0,101,23858,20279,0,0.8499874256014754,-0.00142628450118236,0
3,2,0.85,0.0,102,24094,20480,0,0.8500041504108907,-0.0012553779498172258,0
3,2,0.85,0.0,103,24331,20681,0,0.8499856150589783,-0.001444786173785093,0
3,2,0.85,0.0,104,24567,20882,0,0.8500020352505393,-0.0012769920469113576,0
3,2,0.85,0.0,105,24803,21083,0,0.8500181429665766,-0.0011123941843467536,0
3,2,0.85,0.0,106,25039,21283,0,0.8499940093454211,-0.001359006503738765,0
3,2,0.85,0.0,107,25276,21485,0,0.8500158252888115,-0.0011360773502848412,0
3,2,0.85,0.0,108,25512,21685,0,0.8499921605518972,-0.0013778989121555098,0
3,2,0.85,0.0,109,25748,21886,0,0.8500077675935995,-0.0012184153268185553,0
3,2,0.85,0.0,110,25984,22087,0,0.8500230911330049,-0.0010618316136929498,0
3,2,0.85,0.0,111,26220,22287,0,0.85,-0.0012977896238600423,0
3,2,0.85,0.0,112,26457,22489,0,0.8500207884491817,-0.001085361427011591,0
3,2,0.85,0.0,113,26693,22689,0,0.8499981268497359,-0.0013169307937386733,0
3,2,0.85,0.0,114,26929,22890,0,0.8500129971406291,-0.0011649768403033498,0
3,2,0.85,0.0,115,27165,23090,0,0.8499907969814099,-0.001391832960980868,0
3,2,0.85,0.0,116,27402,23292,0,0.8500109481059777,-0.0011859150028461565,0
3,2,0.85,0.0,117,27638,23492,0,0.84998914537955,-0.0014087103736186216,0
3,2,0.85,0.0,118,27874,23693,0,0.8500035875726484,-0.00126112939523401,0
3,2,0.85,0.0,119,28110,23894,0,0.8500177872643188,-0.001116028919944462,0
3,2,0.85,0.0,120,28346,24094,0,0.8499964721653849,-0.0013338395599980252,0
3,2,0.85,0.0,121,28583,24296,0,0.8500157436238324,-0.0011369118441950917,0
3,2,0.85,0.0,122,28819,24496,0,0.8499947951004546,-0.0013509770608552125,0
3,2,0.85,0.0,123,29055,24697,0,0.8500086043710204,-0.0012098646370132906,0
3,2,0.85,0.0,124,29291,24898,0,0.8500221911167253,-0.0010710283594020295,0
3,2,0.85,0.0,125,29528,25099,0,0.8500067732321864,-0.0012285763146064072,0
3,2,0.85,0.0,126,29764,25300,0,0.8500201585808359,-0.0010917977036760148,0
3,2,0.85,0.0,127,30000,25500,0,0.85,-0.0012977896238600423,0
3,3,0.85,0.35,0,0,0,0,0.0,0.0,0
3,3,0.85,0.35,1,236,201,0,0.8516949152542372,0.0,0
3,3,0.85,0.35,2,472,401,0,0.8495762711864406,0.0,0
3,3,0.85,0.35,3,709,603,0,0.8504936530324401,0.0,0
3,3,0.85,0.35,4,945,804,0,0.8507936507936508,0.0,0
3,3,0.85,0.35,5,1181,1004,0,0.8501270110076207,0.0,0
3,3,0.85,0.35,6,1417,1205,0,0.8503881439661256,0.0026676293588209234,0
3,3,0.85,0.35,7,1654,1407,0,0.8506650544135429,0.005495540454642208,0
3,3,0.85,0.35,8,1890,1609,0,0.8513227513227514,0.012208494605993462,0
3,3,0.85,0.35,9,2126,1810,0,0.8513640639698965,0.012629989728417224,0
3,3,0.85,0.35,10,2362,2012,0,0.8518204911092294,0.017285358218161236,0
3,3,0.85,0.35,11,2598,2214,0,0.8521939953810623,0.021093092204184125,0
3,3,0.85,0.35,12,2835,2417,0,0.8525573192239859,0.02479543966478539,0
3,3,0.85,0.35,13,3071,2620,0,0.8531422989254315,0.030753193623816476,0
3,3,0.85,0.35,14,3307,2823,0,0.8536437859086785,0.03585736075461381,0
3,3,0.85,0.35,15,3543,3026,0,0.8540784645780413,0.04027912317009879,0
3,3,0.85,0.35,16,3780,3231,0,0.8547619047619047,0.04722685969865946,0
3,3,0.85,0.35,17,4016,3435,0,0.8553286852589641,0.052984441262410316,0
3,3,0.85,0.35,18,4252,3639,0,0.855832549388523,0.05809969078981048,0
3,3,0.85,0.35,19,4488,3844,0,0.85650623885918,0.06493431105834031,0
3,3,0.85,0.35,20,4724,4050,0,0.857324301439458,0.07322638155411165,0
3,3,0.85,0.35,21,4961,4257,0,0.8580931263858093,0.08101215890930248,0
3,3,0.85,0.35,22,5197,4463,0,0.8587646719261112,0.08780709644368416,0
3,3,0.85,0.35,23,5433,4670,0,0.8595619363151114,0.09586720673811075,0
3,3,0.85,0.35,24,5669,4878,0,0.8604692185570647,0.10503047582512035,0
3,3,0.85,0.35,25,5906,5087,0,0.8613274635963427,0.11368959613618736,0
3,3,0.85,0.35,26,6142,5296,0,0.8622598502116574,0.12308698258215295,0
3,3,0.85,0.35,27,6378,5506,0,0.8632800250862339,0.13335753909770692,0
3,3,0.85,0.35,28,6614,5716,0,0.8642273964318113,0.14288428691525734,0
3,3,0.85,0.35,29,6850,5927,0,0.8652554744525548,0.1532108110221374,0
3,3,0.85,0.35,30,7087,6140,0,0.8663750529137858,0.16444246368330717,0
3,3,0.85,0.35,31,7323,6353,0,0.8675406254267377,0.17612012005850186,0
3,3,0.85,0.35,32,7559,6566,0,0.8686334171186665,0.18705435712733362,0
3,3,0.85,0.35,33,7795,6780,0,0.8697883258499037,0.1985951829343423,0
3,3,0.85,0.35,34,8031,6995,0,0.8709998754825052,0.21068555451531149,0
3,3,0.85,0.35,35,8268,7212,0,0.872278664731495,0.2234286979925597,0
3,3,0.85,0.35,36,8504,7429,0,0.8735888993414863,0.2364658327593938,0
3,3,0.85,0.35,37,8740,7647,0,0.8749427917620137,0.24991684718082402,0
3,3,0.85,0.35,38,8976,7865,0,0.8762254901960784,0.26264135703467417,0
3,3,0.85,0.35,39,9213,8086,0,0.8776728535764681,0.2769770127887689,0
3,3,0.85,0.35,40,9449,8307,0,0.8791406498042121,0.2914909256056779,0
3,3,0.85,0.35,41,9685,8528,0,0.8805369127516779,0.30527502863763495,0
3,3,0.85,0.35,42,9921,8751,0,0.8820683398850923,0.32036838025088216,0
3,3,0.85,0.35,43,10157,8975,0,0.8836270552328443,0.33570379205756584,0
3,3,0.85,0.35,44,10394,9201,0,0.8852222436020781,0.3513700603964301,0
3,3,0.85,0.35,45,10630,9427,0,0.886829727187206,0.36712854725281385,0
3,3,0.85,0.35,46,10866,9654,0,0.8884594146880177,0.3830755717897088,0
3,3,0.85,0.35,47,11102,9883,0,0.8901999639704558,0.4000751434716609,0
3,3,0.85,0.35,48,11339,10113,0,0.8918775906164564,0.4164287350065143,0
3,3,0.85,0.35,49,11575,10344,0,0.8936501079913607,0.4336739397372235,0
3,3,0.85,0.35,50,11811,10576,0,0.8954364575395818,0.4510191487237472,0
3,3,0.85,0.35,51,12047,10810,0,0.8973188345646219,0.46925936832015047,0
3,3,0.85,0.35,52,12283,11045,0,0.8992102906456078,0.487549063281946,0
3,3,0.85,0.35,53,12520,11282,0,0.9011182108626198,0.5059590263895644,0
3,3,0.85,0.35,54,12756,11519,0,0.9030260269677015,0.5243290502133217,0
3,3,0.85,0.35,55,12992,11758,0,0.9050184729064039,0.5434725752095426,0
3,3,0.85,0.35,56,13228,11998,0,0.9070154218324765,0.5626171232857035,0
3,3,0.85,0.35,57,13465,12241,0,0.9090976606015596,0.5825344998502897,0
3,3,0.85,0.35,58,13701,12484,0,0.9111743668345377,0.6023535694229261,0
3,3,0.85,0.35,59,13937,12729,0,0.9133242448159575,0.622823424982524,0
3,3,0.85,0.35,60,14173,12975,0,0.9154730826218866,0.6432352840135691,0
3,3,0.85,0.35,61,14409,13223,0,0.9176903324311194,0.6642468276396006,0
3,3,0.85,0.35,62,14646,13473,0,0.9199098730028676,0.6852292957211846,0
3,3,0.85,0.35,63,14882,13724,0,0.9221878779733906,0.7067118797423053,0
3,3,0.85,0.35,64,15118,13977,0,0.924527053843101,0.7287161793389507,0
3,3,0.85,0.35,65,15354,14231,0,0.9268594503061092,0.7506013437196128,0
3,3,0.85,0.35,66,15591,14488,0,0.9292540568276569,0.7730130113598855,0
3,3,0.85,0.35,67,15827,14745,0,0.9316358122196247,0.7952471866542918,0
3,3,0.85,0.35,68,16063,15005,0,0.9341343460125755,0.8185105041208819,0
3,3,0.85,0.35,69,16299,15266,0,0.9366218786428615,0.8416096619341852,0
3,3,0.85,0.35,70,16535,15528,0,0.9390988811611732,0.8645501587019805,0
3,3,0.85,0.35,71,16772,15794,0,0.9416885284998807,0.8884692950005585,0
3,3,0.85,0.35,72,17008,16061,0,0.9443203198494826,0.9127103944742478,0
3,3,0.85,0.35,73,17244,16329,0,0.9469380654140571,0.9367551931879993,0
3,3,0.85,0.35,74,17480,16599,0,0.9495995423340962,0.9611336287988985,0
3,3,0.85,0.35,75,17717,16872,0,0.9523056950951064,0.9858513272686642,0
3,3,0.85,0.35,76,17953,17146,0,0.9550492953823874,1.0108394661952345,0
3,3,0.85,0.35,77,18189,17422,0,0.9578316564956842,1.0361074250643845,0
3,3,0.85,0.35,78,18425,17700,0,0.9606512890094979,1.0616390927046366,0
3,3,0.85,0.35,79,18661,17980,0,0.9635067788435775,1.0874191865373217,0
3,3,0.85,0.35,80,18898,18263,0,0.9663985606942533,1.1134491853108668,0
3,3,0.85,0.35,81,19134,18547,0,0.9693216264241664,1.139681742890545,0
3,3,0.85,0.35,82,19370,18834,0,0.9723283427981415,1.166582603381791,0
3,3,0.85,0.35,83,19606,19122,0,0.9753136794858717,1.1932100071991825,0
3,3,0.85,0.35,84,19843,19413,0,0.978329889633624,1.2200301392828887,0
3,3,0.85,0.35,85,20079,19706,0,0.9814233776582499,1.2474516707012064,0
3,3,0.85,0.35,86,20315,20001,0,0.9845434408072853,1.2750213597462035,0
3,3,0.85,0.35,87,20551,20298,0,0.9876891635443531,1.3027294745360265,0
3,3,0.85,0.35,88,20787,20597,0,0.9908596719103285,1.3305667549118505,0
3,3,0.85,0.35,89,21024,20900,0,0.9941019786910198,1.3589424607176297,0
3,3,0.85,0.35,90,21260,21203,0,0.9973189087488241,1.387004759286978,0
3,3,0.85,0.35,91,21496,21510,0,1.0006512839598065,1.4159788353372953,0
3,3,0.85,0.35,92,21732,21818,0,1.003957297993742,1.4446285172089943,0
3,3,0.85,0.35,93,21969,22130,0,1.0073285083526788,1.473746197505176,0
3,3,0.85,0.35,94,22205,22443,0,1.010718306687683,1.5029263351567024,0
3,3,0.85,0.35,95,22441,22759,0,1.0141704915110734,1.5325430977805858,0
3,3,0.85,0.35,96,22677,23077,0,1.017639017506725,1.5621986960413774,0
3,3,0.85,0.35,97,22913,23397,0,1.0211233797407586,1.5918880951899492,0
3,3,0.85,0.35,98,23150,23722,0,1.0247084233261339,1.6223298204164271,0
3,3,0.85,0.35,99,23386,24047,0,1.0282647737962884,1.652422856838035,0
3,3,0.85,0.35,100,23622,24375,0,1.0318770637541275,1.6828828800243096,0
3,3,0.85,0.35,101,23858,24706,0,1.0355436331628805,1.7136917528117255,0
3,3,0.85,0.35,102,24094,25039,0,1.0392213829169088,1.744485179238847,0
3,3,0.85,0.35,103,24331,25377,0,1.0429904237392627,1.7759301151235285,0
3,3,0.85,0.35,104,24567,25715,0,1.0467293523832784,1.8070117525680032,0
3,3,0.85,0.35,105,24803,26057,0,1.0505584001935249,1.8387276900790668,0
3,3,0.85,0.35,106,25039,26400,0,1.054355205878829,1.8700626302223788,0
3,3,0.85,0.35,107,25276,26749,0,1.0582766260484253,1.9023077771721013,0
3,3,0.85,0.35,108,25512,27098,0,1.0621668234556287,1.9341783401595793,0
3,3,0.85,0.35,109,25748,27450,0,1.0661022215317695,1.9663006626738675,0
3,3,0.85,0.35,110,25984,27805,0,1.0700815886699508,1.9986615331270432,0
3,3,0.85,0.35,111,26220,28163,0,1.0741037376048819,2.0312482524799913,0
3,3,0.85,0.35,112,26457,28525,0,1.0781645689231583,2.0640248114408175,0
3,3,0.85,0.35,113,26693,28889,0,1.0822687595998952,2.0970261447243033,0
3,3,0.85,0.35,114,26929,29255,0,1.0863752831519922,2.1299212186035805,0
3,3,0.85,0.35,115,27165,29625,0,1.0905577029265598,2.163296689058697,0
3,3,0.85,0.35,116,27402,29999,0,1.094774104079994,2.1968140161904453,0
3,3,0.85,0.35,117,27638,30374,0,1.0989941385049569,2.230231218413756,0
3,3,0.85,0.35,118,27874,30753,0,1.103286216545885,2.264087546739087,0
3,3,0.85,0.35,119,28110,31134,0,1.1075773745997866,2.2978052055128884,0
3,3,0.85,0.35,120,28346,31518,0,1.111902913991392,2.3316610640590807,0
3,3,0.85,0.35,121,28583,31908,0,1.1163278872056817,2.3661591775354656,0
3,3,0.85,0.35,122,28819,32298,0,1.1207189701238767,2.400258159842058,0
3,3,0.85,0.35,123,29055,32692,0,1.1251763896059197,2.434735905529698,0
3,3,0.85,0.35,124,29291,32767,0,1.1186712642108498,2.3843733423982174,1
3,3,0.85,0.35,125,29528,32767,0,1.1096924952587375,2.3143766751722494,1
3,3,0.85,0.35,126,29764,32767,0,1.1008936970837253,2.245231401613945,1
3,3,0.85,0.35,127,30000,32767,0,1.0922333333333334,2.176632224531016,1
3,4,0.85,0.7,0,0,0,0,0.0,0.0,0
3,4,0.85,0.7,1,236,201,0,0.8516949152542372,0.0,0
3,4,0.85,0.7,2,472,401,0,0.8495762711864406,0.0,0
3,4,0.85,0.7,3,709,603,0,0.8504936530324401,0.0,0
3,4,0.85,0.7,4,945,804,0,0.8507936507936508,0.0,0
3,4,0.85,0.7,5,1181,1005,0,0.8509737510584251,0.0,0
3,4,0.85,0.7,6,1417,1206,0,0.8510938602681722,0.001225868273583966,0
3,4,0.85,0.7,7,1654,1409,0,0.8518742442563483,0.009186474996712766,0
3,4,0.85,0.7,8,1890,1611,0,0.8523809523809524,0.01435144205961978,0
3,4,0.85,0.7,9,2126,1813,0,0.8527751646284102,0.01836759530475597,0
3,4,0.85,0.7,10,2362,2016,0,0.8535139712108383,0.025889407059975503,0
3,4,0.85,0.7,11,2598,2220,0,0.8545034642032333,0.035953271412733946,0
3,4,0.85,0.7,12,2835,2425,0,0.855379188712522,0.04485031132728323,0
3,4,0.85,0.7,13,3071,2629,0,0.8560729404102898,0.051892110406017794,0
3,4,0.85,0.7,14,3307,2835,0,0.8572724523737526,0.06405408344459224,0
3,4,0.85,0.7,15,3543,3041,0,0.8583121648320632,0.07458207335924023,0
3,4,0.85,0.7,16,3780,3248,0,0.8592592592592593,0.08416113177839032,0
3,4,0.85,0.7,17,4016,3456,0,0.8605577689243028,0.09727731053799747,0
3,4,0.85,0.7,18,4252,3664,0,0.8617121354656632,0.10892090003121499,0
3,4,0.85,0.7,19,4488,3874,0,0.8631907308377896,0.12381207983988132,0
3,4,0.85,0.7,20,4724,4084,0,0.8645215918712955,0.13719360660805155,0
3,4,0.85,0.7,21,4961,4296,0,0.8659544446684136,0.1515776302464156,0
3,4,0.85,0.7,22,5197,4509,0,0.8676159322686166,0.16822708681436355,0
3,4,0.85,0.7,23,5433,4723,0,0.8693171360206148,0.18524152799972465,0
3,4,0.85,0.7,24,5669,4937,0,0.8708766978303052,0.20081012171136353,0
3,4,0.85,0.7,25,5906,5154,0,0.8726718591263122,0.21869614885666824,0
3,4,0.85,0.7,26,6142,5372,0,0.8746336698143927,0.23820055493269615,0
3,4,0.85,0.7,27,6378,5590,0,0.876450297899028,0.2562225767298003,0
3,4,0.85,0.7,28,6614,5811,0,0.8785908678560629,0.2774104143619259,0
3,4,0.85,0.7,29,6850,6032,0,0.8805839416058394,0.2970919445259826,0
3,4,0.85,0.7,30,7087,6256,0,0.8827430506561309,0.3183628629456422,0
3,4,0.85,0.7,31,7323,6481,0,0.8850198006281579,0.3407364634661414,0
3,4,0.85,0.7,32,7559,6707,0,0.887286678132028,0.36295593712379426,0
3,4,0.85,0.7,33,7795,6935,0,0.8896728672225785,0.3862836348290047,0
3,4,0.85,0.7,34,8031,7164,0,0.8920433320881583,0.40939574254811845,0
3,4,0.85,0.7,35,8268,7396,0,0.8945331398161587,0.43360540777783796,0
3,4,0.85,0.7,36,8504,7629,0,0.897107243650047,0.4585639847427607,0
3,4,0.85,0.7,37,8740,7864,0,0.8997711670480549,0.48431816093366475,0
3,4,0.85,0.7,38,8976,8101,0,0.9025178253119429,0.5107924823376059,0
3,4,0.85,0.7,39,9213,8341,0,0.9053511342667969,0.5380177177845223,0
3,4,0.85,0.7,40,9449,8582,0,0.9082442586517092,0.5657299412838565,0
3,4,0.85,0.7,41,9685,8825,0,0.9112028910686629,0.593978497234753,0
3,4,0.85,0.7,42,9921,9070,0,0.9142223566172765,0.6227134656747412,0
3,4,0.85,0.7,43,10157,9317,0,0.9172984148862853,0.6518895778789267,0
3,4,0.85,0.7,44,10394,9567,0,0.9204348662690014,0.681537946655762,0
3,4,0.85,0.7,45,10630,9819,0,0.9237064910630292,0.7123566272275416,0
3,4,0.85,0.7,46,10866,10073,0,0.9270200625805264,0.7434593822033417,0
3,4,0.85,0.7,47,11102,10329,0,0.9303729057827419,0.7748178057100248,0
3,4,0.85,0.7,48,11339,10589,0,0.933856601111209,0.807280577344041,0
3,4,0.85,0.7,49,11575,10850,0,0.937365010799136,0.839851487031294,0
3,4,0.85,0.7,50,11811,11114,0,0.940987215307764,0.8733511759295103,0
3,4,0.85,0.7,51,12047,11380,0,0.9446335187183531,0.9069437514848478,0
3,4,0.85,0.7,52,12283,11649,0,0.9483839452902385,0.9413605854969286,0
3,4,0.85,0.7,53,12520,11922,0,0.9522364217252396,0.9765724895211003,0
3,4,0.85,0.7,54,12756,12196,0,0.9560990906240201,1.0117348195885723,0
3,4,0.85,0.7,55,12992,12473,0,0.9600523399014779,1.047574926072433,0
3,4,0.85,0.7,56,13228,12753,0,0.964091321439371,1.0840401860425433,0
3,4,0.85,0.7,57,13465,13037,0,0.9682138878574081,1.121102872714546,0
3,4,0.85,0.7,58,13701,13323,0,0.972410772936282,1.158671948473648,0
3,4,0.85,0.7,59,13937,13611,0,0.9766090263327832,1.1960913960203956,0
3,4,0.85,0.7,60,14173,13903,0,0.9809496930783885,1.2346114299037687,0
3,4,0.85,0.7,61,14409,14198,0,0.9853563744881672,1.2735433267304874,0
3,4,0.85,0.7,62,14646,14497,0,0.9898265738085484,1.312858899277686,0
3,4,0.85,0.7,63,14882,14799,0,0.9944227926353985,1.3530981167455196,0
3,4,0.85,0.7,64,15118,15103,0,0.9990078052652467,1.393054344930743,0
3,4,0.85,0.7,65,15354,15411,0,1.0037123876514262,1.4338624006035527,0
3,4,0.85,0.7,66,15591,15723,0,1.0084664229363094,1.4749055747348196,0
3,4,0.85,0.7,67,15827,16038,0,1.0133316484488533,1.5167088527514276,0
3,4,0.85,0.7,68,16063,16356,0,1.0182406773330013,1.558685567599277,0
3,4,0.85,0.7,69,16299,16677,0,1.023191606847046,1.6008160972369256,0
3,4,0.85,0.7,70,16535,17002,0,1.02824312065316,1.6435929689751219,0
3,4,0.85,0.7,71,16772,17332,0,1.0333889816360602,1.6869532497562747,0
3,4,0.85,0.7,72,17008,17664,0,1.0385700846660395,1.7303928945378093,0
3,4,0.85,0.7,73,17244,18000,0,1.0438413361169103,1.774366535569254,0
3,4,0.85,0.7,74,17480,18340,0,1.0491990846681922,1.8188347778525036,0
3,4,0.85,0.7,75,17717,18685,0,1.0546367895241857,1.8637350574030467,0
3,4,0.85,0.7,76,17953,19033,0,1.060157076811675,1.9090810514659207,0
3,4,0.85,0.7,77,18189,19384,0,1.065699048875694,1.9543682806365612,0
3,4,0.85,0.7,78,18425,19739,0,1.0713161465400272,2.0000297273724397,0
3,4,0.85,0.7,79,18661,20098,0,1.0770055195327153,2.046035297425837,0
3,4,0.85,0.7,80,18898,20463,0,1.0828129960842416,2.0927459090873817,0
3,4,0.85,0.7,81,19134,20831,0,1.08869028953695,2.13976370297491,0
3,4,0.85,0.7,82,19370,21203,0,1.0946308724832214,2.187030569700177,0
3,4,0.85,0.7,83,19606,21579,0,1.1006324594511885,2.2345230515104872,0
3,4,0.85,0.7,84,19843,21960,0,1.1066874968502747,2.282176785056432,0
3,4,0.85,0.7,85,20079,22345,0,1.1128542258080583,2.3304423026044496,0
3,4,0.85,0.7,86,20315,22734,0,1.1190745754368694,2.378857297064271,0
3,4,0.85,0.7,87,20551,23127,0,1.125346698457496,2.427403539968635,0
3,4,0.85,0.7,88,20787,23525,0,1.1317169384711598,2.476433038064603,0
3,4,0.85,0.7,89,21024,23929,0,1.138175418569254,2.525860753498041,0
3,4,0.85,0.7,90,21260,24336,0,1.1446848541862653,2.5753954475730465,0
3,4,0.85,0.7,91,21496,24747,0,1.1512374395236322,2.6249748151086614,0
3,4,0.85,0.7,92,21732,25164,0,1.157923799006074,2.6752763201658514,0
3,4,0.85,0.7,93,21969,25586,0,1.1646410851654605,2.725518851022967,0
3,4,0.85,0.7,94,22205,26012,0,1.171447872100878,2.7761360736634657,0
3,4,0.85,0.7,95,22441,26443,0,1.1783342988280379,2.8270471023871653,0
3,4,0.85,0.7,96,22677,26878,0,1.185253781364378,2.877903707958783,0
3,4,0.85,0.7,97,22913,27319,0,1.1922925849954173,2.9293335778530922,0
3,4,0.85,0.7,98,23150,27766,0,1.1993952483801296,2.980923196530406,0
3,4,0.85,0.7,99,23386,28216,0,1.2065338236551784,3.0324667434187473,0
3,4,0.85,0.7,100,23622,28672,0,1.213783760900855,3.0845031733033013,0
3,4,0.85,0.7,101,23858,29133,0,1.2210998407242855,3.1367002090262615,0
3,4,0.85,0.7,102,24094,29599,0,1.2284801195318336,3.1890393710285396,0
3,4,0.85,0.7,103,24331,30072,0,1.2359541325880563,3.2417237967021357,0
3,4,0.85,0.7,104,24567,30548,0,1.2434566695160174,3.2942898390869035,0
3,4,0.85,0.7,105,24803,31030,0,1.2510583397169697,3.3472279633889457,0
3,4,0.85,0.7,106,25039,31518,0,1.2587563401094293,3.4005101376106577,0
3,4,0.85,0.7,107,25276,32012,0,1.2664978635860105,3.453765947739551,0
3,4,0.85,0.7,108,25512,32511,0,1.2743414863593603,3.5073931541902987,0
3,4,0.85,0.7,109,25748,32767,0,1.2726036973745534,3.495540330835488,1
3,4,0.85,0.7,110,25984,32767,0,1.2610452586206897,3.416290188752496,1
3,4,0.85,0.7,111,26220,32767,0,1.2496948893974065,3.3377565928928106,1
3,4,0.85,0.7,112,26457,32767,0,1.2385002078844918,3.2595983935196085,1
3,4,0.85,0.7,113,26693,32767,0,1.2275502940845915,3.1824626107746816,1
3,4,0.85,0.7,114,26929,32767,0,1.2167923056927477,3.1060058135526747,1
3,4,0.85,0.7,115,27165,32767,0,1.206221240566906,3.030216152579328,1
3,4,0.85,0.7,116,27402,32767,0,1.1957886285672579,2.954765100161236,1
3,4,0.85,0.7,117,27638,32767,0,1.1855778276286273,2.8802780900918274,1
3,4,0.85,0.7,118,27874,32767,0,1.175539929683576,2.8064244258611692,1
3,4,0.85,0.7,119,28110,32767,0,1.1656705798648168,2.7331934278253076,1
3,4,0.85,0.7,120,28346,32767,0,1.1559655683341565,2.660574684207872,1
3,4,0.85,0.7,121,28583,32767,0,1.146380715810097,2.5882541538354653,1
3,4,0.85,0.7,122,28819,32767,0,1.1369929560359484,2.516832199739263,1
3,4,0.85,0.7,123,29055,32767,0,1.1277577009120634,2.4459927444782807,1
3,4,0.85,0.7,124,29291,32767,0,1.1186712642108498,2.375726363448074,1
3,4,0.85,0.7,125,29528,32767,0,1.1096924952587375,2.305729696222105,1
3,4,0.85,0.7,126,29764,32767,0,1.1008936970837253,2.2365844226638005,1
3,4,0.85,0.7,127,30000,32767,0,1.0922333333333334,2.167985245580872,1
4,0,1.0,-0.7,0,0,0,0,0.0,0.0,0
4,0,1.0,-0.7,1,236,236,0,1.0,0.0,0
4,0,1.0,-0.7,2,472,472,0,1.0,0.0,0
4,0,1.0,-0.7,3,709,709,0,1.0,0.0,0
4,0,1.0,-0.7,4,945,944,0,0.9989417989417989,0.0,0
4,0,1.0,-0.7,5,1181,1180,0,0.9991532599491956,0.0,0
4,0,1.0,-0.7,6,1417,1415,0,0.9985885673959068,-0.004910401595238411,0
4,0,1.0,-0.7,7,1654,1651,0,0.998186215235792,-0.008410832926896167,0
4,0,1.0,-0.7,8,1890,1886,0,0.9978835978835979,-0.011044509290902725,0
4,0,1.0,-0.7,9,2126,2120,0,0.9971777986829727,-0.017190179022742093,0
4,0,1.0,-0.7,10,2362,2353,0,0.9961896697713802,-0.025801515881705376,0
4,0,1.0,-0.7,11,2598,2586,0,0.9953810623556582,-0.03285471770488853,0
4,0,1.0,-0.7,12,2835,2820,0,0.9947089947089947,-0.03872129204349731,0
4,0,1.0,-0.7,13,3071,3052,0,0.9938130901986324,-0.046547937056732214,0
4,0,1.0,-0.7,14,3307,3283,0,0.9927426670698518,-0.05590843753946696,0
4,0,1.0,-0.7,15,3543,3514,0,0.9918148461755575,-0.06403009733023246,0
4,0,1.0,-0.7,16,3780,3745,0,0.9907407407407407,-0.07344174988701317,0
4,0,1.0,-0.7,17,4016,3974,0,0.9895418326693227,-0.08395902111554288,0
4,0,1.0,-0.7,18,4252,4202,0,0.9882408278457196,-0.09538634947871909,0
4,0,1.0,-0.7,19,4488,4429,0,0.9868538324420677,-0.10758555311913678,0
4,0,1.0,-0.7,20,4724,4655,0,0.9853937341236241,-0.12044626633452614,0
4,0,1.0,-0.7,21,4961,4881,0,0.9838742189074783,-0.13385058144549902,0
4,0,1.0,-0.7,22,5197,5105,0,0.9822974793149895,-0.1477816018508205,0
4,0,1.0,-0.7,23,5433,5328,0,0.9806736609607951,-0.16215197128173536,0
4,0,1.0,-0.7,24,5669,5550,0,0.9790086434997354,-0.17691167121808765,0
4,0,1.0,-0.7,25,5906,5772,0,0.977311208940061,-0.19198459800427223,0
4,0,1.0,-0.7,26,6142,5991,0,0.975415174210355,-0.20885204418591324,0
4,0,1.0,-0.7,27,6378,6209,0,0.973502665412355,-0.22589929507135448,0
4,0,1.0,-0.7,28,6614,6425,0,0.9714242515875415,-0.24446336533924987,0
4,0,1.0,-0.7,29,6850,6640,0,0.9693430656934306,-0.2630920363403735,0
4,0,1.0,-0.7,30,7087,6855,0,0.9672640045153097,-0.2817416665719143,0
4,0,1.0,-0.7,31,7323,7067,0,0.9650416495971597,-0.30172105029478197,0
4,0,1.0,-0.7,32,7559,7277,0,0.9626934779732769,-0.32288160225255547,0
4,0,1.0,-0.7,33,7795,7486,0,0.9603592046183451,-0.3439681287813596,0
4,0,1.0,-0.7,34,8031,7693,0,0.9579130867886938,-0.3661200632291655,0
4,0,1.0,-0.7,35,8268,7899,0,0.9553701015965167,-0.38920927644261216,0
4,0,1.0,-0.7,36,8504,8103,0,0.9528457196613358,-0.4121904460147522,0
4,0,1.0,-0.7,37,8740,8305,0,0.950228832951945,-0.43607811079200687,0
4,0,1.0,-0.7,38,8976,8504,0,0.9474153297682709,-0.4618340417891291,0
4,0,1.0,-0.7,39,9213,8703,0,0.9446434386193422,-0.4872839466603074,0
4,0,1.0,-0.7,40,9449,8899,0,0.9417927823050058,-0.5135350382316113,0
4,0,1.0,-0.7,41,9685,9092,0,0.9387712958182757,-0.5414461538961395,0
4,0,1.0,-0.7,42,9921,9284,0,0.935792762826328,-0.5690485508419153,0
4,0,1.0,-0.7,43,10157,9474,0,0.9327557349611105,-0.5972836350533085,0
4,0,1.0,-0.7,44,10394,9662,0,0.9295747546661536,-0.6269557805790056,0
4,0,1.0,-0.7,45,10630,9847,0,0.926340545625588,-0.6572287259286562,0
4,0,1.0,-0.7,46,10866,10029,0,0.9229707344008835,-0.6888835815616323,0
4,0,1.0,-0.7,47,11102,10210,0,0.9196541163754278,-0.7201518120308431,0
4,0,1.0,-0.7,48,11339,10388,0,0.9161301702090131,-0.7534984806033682,0
4,0,1.0,-0.7,49,11575,10564,0,0.9126565874730022,-0.7864943369542974,0
4,0,1.0,-0.7,50,11811,10737,0,0.9090678181356363,-0.820716521856716,0
4,0,1.0,-0.7,51,12047,10907,0,0.9053706316925375,-0.8561141379778127,0
4,0,1.0,-0.7,52,12283,11075,0,0.9016526907107384,-0.8918565329074819,0
4,0,1.0,-0.7,53,12520,11240,0,0.8977635782747604,-0.9294025466795831,0
4,0,1.0,-0.7,54,12756,11403,0,0.8939322671683914,-0.9665499188153183,0
4,0,1.0,-0.7,55,12992,11562,0,0.8899322660098522,-1.005503131012281,0
4,0,1.0,-0.7,56,13228,11719,0,0.8859237980042335,-1.0447148335268068,0
4,0,1.0,-0.7,57,13465,11873,0,0.881767545488303,-1.0855599927448873,0
4,0,1.0,-0.7,58,13701,12024,0,0.8776001751696957,-1.126708168808437,0
4,0,1.0,-0.7,59,13937,12172,0,0.8733586855133817,-1.1687893209629483,0
4,0,1.0,-0.7,60,14173,12317,0,0.8690467790869965,-1.2117791078579692,0
4,0,1.0,-0.7,61,14409,12458,0,0.8645985148171282,-1.2563524902622591,0
4,0,1.0,-0.7,62,14646,12597,0,0.860098320360508,-1.3016802027168142,0
4,0,1.0,-0.7,63,14882,12733,0,0.8555973659454374,-1.3472534163280991,0
4,0,1.0,-0.7,64,15118,12865,0,0.8509723508400582,-1.3943332030339057,0
4,0,1.0,-0.7,65,15354,12994,0,0.8462941253093657,-1.4422156706817957,0
4,0,1.0,-0.7,66,15591,13120,0,0.8415111282149959,-1.4914449239098204,0
4,0,1.0,-0.7,67,15827,13242,0,0.8366715107095469,-1.5415425701385694,0
4,0,1.0,-0.7,68,16063,13361,0,0.8317873373591483,-1.5923961011389587,0
4,0,1.0,-0.7,69,16299,13476,0,0.8267991901343641,-1.6446413427382254,0
4,0,1.0,-0.7,70,16535,13587,0,0.8217115210160266,-1.6982546707942507,0
4,0,1.0,-0.7,71,16772,13696,0,0.8165990937276413,-1.752464321821264,0
4,0,1.0,-0.7,72,17008,13800,0,0.8113828786453434,-1.8081254094119115,0
4,0,1.0,-0.7,73,17244,13901,0,0.8061354674089538,-1.8644816107374662,0
4,0,1.0,-0.7,74,17480,13998,0,0.8008009153318077,-1.9221509762719713,0
4,0,1.0,-0.7,75,17717,14091,0,0.7953378111418412,-1.9816095992442049,0
4,0,1.0,-0.7,76,17953,14180,0,0.7898401381384726,-2.0418581946206187,0
4,0,1.0,-0.7,77,18189,14265,0,0.7842652152399802,-2.103383133082886,0
4,0,1.0,-0.7,78,18425,14347,0,0.7786702849389416,-2.1655701583415072,0
4,0,1.0,-0.7,79,18661,14424,0,0.7729489309254595,-2.2296261770624644,0
4,0,1.0,-0.7,80,18898,14498,0,0.7671711292200233,-2.29479717859686,0
4,0,1.0,-0.7,81,19134,14567,0,0.7613149367617853,-2.361355181866593,0
4,0,1.0,-0.7,82,19370,14632,0,0.7553949406298399,-2.429160758867219,0
4,0,1.0,-0.7,83,19606,14692,0,0.7493624400693665,-2.498803766425718,0
4,0,1.0,-0.7,84,19843,14749,0,0.7432847855666986,-2.5695373290498664,0
4,0,1.0,-0.7,85,20079,14801,0,0.7371383037003835,-2.6416626158075958,0
4,0,1.0,-0.7,86,20315,14849,0,0.7309377307408319,-2.715034582124102,0
4,0,1.0,-0.7,87,20551,14892,0,0.7246362707410832,-2.7902408279118625,0
4,0,1.0,-0.7,88,20787,14931,0,0.7182854668783374,-2.86670060563993,0
4,0,1.0,-0.7,89,21024,14965,0,0.7118055555555556,-2.9454147279217424,0
4,0,1.0,-0.7,90,21260,14995,0,0.7053151458137347,-3.024977995686852,0
4,0,1.0,-0.7,91,21496,15020,0,0.6987346483066617,-3.1063966089914614,0
4,0,1.0,-0.7,92,21732,15040,0,0.6920669979753359,-3.1896793959734078,0
4,0,1.0,-0.7,93,21969,15056,0,0.6853293276890163,-3.2746558493188482,0
4,0,1.0,-0.7,94,22205,15067,0,0.6785408691736096,-3.36112197863745,0
4,0,1.0,-0.7,95,22441,15073,0,0.671672385366071,-3.4494923256799046,0
4,0,1.0,-0.7,96,22677,15074,0,0.6647263747409269,-3.5397839763594203,0
4,0,1.0,-0.7,97,22913,15070,0,0.6577052328372539,-3.6320162496789936,0
4,0,1.0,-0.7,98,23150,15061,0,0.6505831533477322,-3.7265859304856463,0
4,0,1.0,-0.7,99,23386,15047,0,0.6434191396562046,-3.822762681325775,0
4,0,1.0,-0.7,100,23622,15028,0,0.6361866057065447,-3.920951769502735,0
4,0,1.0,-0.7,101,23858,15004,0,0.62888758487719,-4.02118176923035,0
4,0,1.0,-0.7,102,24094,14975,0,0.621524030879057,-4.123483692741196,0
4,0,1.0,-0.7,103,24331,14940,0,0.6140314824709219,-4.228829418817739,0
4,0,1.0,-0.7,104,24567,14900,0,0.6065046607237351,-4.335959342271191,0
4,0,1.0,-0.7,105,24803,14855,0,0.5989194855461033,-4.445273336493065,0
4,0,1.0,-0.7,106,25039,14804,0,0.5912376692359919,-4.557400268655256,0
4,0,1.0,-0.7,107,25276,14748,0,0.5834783984807723,-4.672146549009642,0
4,0,1.0,-0.7,108,25512,14686,0,0.5756506741925368,-4.78946184111435,0
4,0,1.0,-0.7,109,25748,14619,0,0.5677722541556626,-4.909158880971704,0
4,0,1.0,-0.7,110,25984,14546,0,0.5598060344827587,-5.031890680365527,0
4,0,1.0,-0.7,111,26220,14468,0,0.5517925247902364,-5.157125939141879,0
4,0,1.0,-0.7,112,26457,14383,0,0.5436368446913861,-5.286464531248689,0
4,0,1.0,-0.7,113,26693,14293,0,0.5354587344996815,-5.418122048837405,0
4,0,1.0,-0.7,114,26929,14198,0,0.527238293289762,-5.55250328351082,0
4,0,1.0,-0.7,115,27165,14096,0,0.5189030001840603,-5.690918559887551,0
4,0,1.0,-0.7,116,27402,13988,0,0.510473688051967,-5.833174960920954,0
4,0,1.0,-0.7,117,27638,13874,0,0.501990013749186,-5.978740640464238,0
4,0,1.0,-0.7,118,27874,13755,0,0.49347061778001006,-6.1274162134511165,0
4,0,1.0,-0.7,119,28110,13629,0,0.4848452508004269,-6.280579275315255,0
4,0,1.0,-0.7,120,28346,13497,0,0.47615183800183447,-6.437732891913876,0
4,0,1.0,-0.7,121,28583,13359,0,0.4673757128363013,-6.59931938297316,0
4,0,1.0,-0.7,122,28819,13215,0,0.4585516499531559,-6.764876984732487,0
4,0,1.0,-0.7,123,29055,13064,0,0.4496300120461194,-6.9355363547758175,0
4,0,1.0,-0.7,124,29291,12907,0,0.44064729780478645,-7.110819969278966,0
4,0,1.0,-0.7,125,29528,12743,0,0.4315564887564346,-7.29188917546835,0
4,0,1.0,-0.7,126,29764,12574,0,0.4224566590512028,-7.476998990879158,0
4,0,1.0,-0.7,127,30000,12398,0,0.41326666666666667,-7.668034647934365,0
4,1,1.0,-0.35,0,0,0,0,0.0,0.0,0
4,1,1.0,-0.35,1,236,236,0,1.0,0.0,0
4,1,1.0,-0.35,2,472,472,0,1.0,0.0,0
4,1,1.0,-0.35,3,709,709,0,1.0,0.0,0
4,1,1.0,-0.35,4,945,945,0,1.0,0.0,0
4,1,1.0,-0.35,5,1181,1180,0,0.9991532599491956,0.0,0
4,1,1.0,-0.35,6,1417,1416,0,0.9992942836979535,0.0012258682735858944,0
4,1,1.0,-0.35,7,1654,1652,0,0.9987908101571947,-0.003151438495499914,0
4,1,1.0,-0.35,8,1890,1888,0,0.9989417989417989,-0.001838478076091311,0
4,1,1.0,-0.35,9,2126,2123,0,0.9985888993414863,-0.004907514277795064,0
4,1,1.0,-0.35,10,2362,2358,0,0.9983065198983911,-0.007364044220725369,0
4,1,1.0,-0.35,11,2598,2592,0,0.9976905311778291,-0.01272518462127804,0
4,1,1.0,-0.35,12,2835,2827,0,0.9971781305114639,-0.01718728864032766,0
4,1,1.0,-0.35,13,3071,3061,0,0.9967437316834907,-0.02097193076689628,0
4,1,1.0,-0.35,14,3307,3295,0,0.9963713335349259,-0.024217713525695305,0
4,1,1.0,-0.35,15,3543,3528,0,0.995766299745978,-0.029493711320113556,0
4,1,1.0,-0.35,16,3780,3762,0,0.9952380952380953,-0.034102366309517136,0
4,1,1.0,-0.35,17,4016,3995,0,0.9947709163346613,-0.03818060359126631,0
4,1,1.0,-0.35,18,4252,4227,0,0.9941204139228599,-0.04386235429701714,0
4,1,1.0,-0.35,19,4488,4458,0,0.9933155080213903,-0.05089787592993281,0
4,1,1.0,-0.35,20,4724,4689,0,0.9925910245554614,-0.05723531790476848,0
4,1,1.0,-0.35,21,4961,4921,0,0.9919371094537391,-0.0629594338943079,0
4,1,1.0,-0.35,22,5197,5151,0,0.9911487396574947,-0.06986553269782272,0
4,1,1.0,-0.35,23,5433,5381,0,0.9904288606662985,-0.07617645359675126,0
4,1,1.0,-0.35,24,5669,5609,0,0.9894161227729759,-0.08506253348127765,0
4,1,1.0,-0.35,25,5906,5839,0,0.9886556044700304,-0.09174154140765849,0
4,1,1.0,-0.35,26,6142,6066,0,0.9876261803972647,-0.10079031650032028,0
4,1,1.0,-0.35,27,6378,6293,0,0.9866729382251489,-0.109177857041308,0
4,1,1.0,-0.35,28,6614,6519,0,0.9856365285757485,-0.1183063846021529,0
4,1,1.0,-0.35,29,6850,6745,0,0.9846715328467154,-0.12681454354226152,0
4,1,1.0,-0.35,30,7087,6971,0,0.9836320022576549,-0.1359891943524005,0
4,1,1.0,-0.35,31,7323,7195,0,0.9825208247985798,-0.14580691113675245,0
4,1,1.0,-0.35,32,7559,7418,0,0.9813467389866385,-0.15619252082976276,0
4,1,1.0,-0.35,33,7795,7640,0,0.9801154586273252,-0.16709741283562302,0
4,1,1.0,-0.35,34,8031,7862,0,0.9789565433943469,-0.1773739223027051,0
4,1,1.0,-0.35,35,8268,8084,0,0.9777455249153363,-0.18812545609189588,0
4,1,1.0,-0.35,36,8504,8303,0,0.9763640639698965,-0.20040646569200232,0
4,1,1.0,-0.35,37,8740,8522,0,0.9750572082379863,-0.21204024925158407,0
4,1,1.0,-0.35,38,8976,8740,0,0.9737076648841355,-0.2240704194058738,0
4,1,1.0,-0.35,39,9213,8958,0,0.9723217193096712,-0.23644245493345747,0
4,1,1.0,-0.35,40,9449,9174,0,0.9708963911525029,-0.24918445772228362,0
4,1,1.0,-0.35,41,9685,9389,0,0.9694372741352607,-0.26224791376233403,0
4,1,1.0,-0.35,42,9921,9602,0,0.9678459832678158,-0.2765171538565785,0
4,1,1.0,-0.35,43,10157,9815,0,0.9663286403465591,-0.2901451641715649,0
4,1,1.0,-0.35,44,10394,10028,0,0.9647873773330767,-0.304009937865448,0
4,1,1.0,-0.35,45,10630,10238,0,0.9631232361241768,-0.319004980033615,0
4,1,1.0,-0.35,46,10866,10447,0,0.9614393521074912,-0.334204313694027,0
4,1,1.0,-0.35,47,11102,10656,0,0.959827058187714,-0.3487824172445305,0
4,1,1.0,-0.35,48,11339,10863,0,0.9580209895052474,-0.36514170901518733,0
4,1,1.0,-0.35,49,11575,11069,0,0.9562850971922247,-0.3808944387296296,0
4,1,1.0,-0.35,50,11811,11274,0,0.9545339090678181,-0.39681497436666613,0
4,1,1.0,-0.35,51,12047,11477,0,0.9526853158462688,-0.413652767868897,0
4,1,1.0,-0.35,52,12283,11679,0,0.9508263453553693,-0.43061806205313813,0
4,1,1.0,-0.35,53,12520,11880,0,0.9488817891373802,-0.44839995843693403,0
4,1,1.0,-0.35,54,12756,12079,0,0.9469269363436814,-0.466312779930403,0
4,1,1.0,-0.35,55,12992,12277,0,0.9449661330049262,-0.4843173149398266,0
4,1,1.0,-0.35,56,13228,12473,0,0.9429241003931055,-0.5031074718112256,0
4,1,1.0,-0.35,57,13465,12669,0,0.9408837727441515,-0.5219226259113938,0
4,1,1.0,-0.35,58,13701,12862,0,0.9387635938982556,-0.5415174154504923,0
4,1,1.0,-0.35,59,13937,13054,0,0.9366434670302074,-0.5611560274863812,0
4,1,1.0,-0.35,60,14173,13245,0,0.9345233895434982,-0.58083868367384,0
4,1,1.0,-0.35,61,14409,13433,0,0.9322645568741759,-0.6018587260301361,0
4,1,1.0,-0.35,62,14646,13621,0,0.9300150211661887,-0.6228429312271847,0
4,1,1.0,-0.35,63,14882,13807,0,0.9277650853379922,-0.6438817008670177,0
4,1,1.0,-0.35,64,15118,13991,0,0.925453102262204,-0.6655538821503377,0
4,1,1.0,-0.35,65,15354,14174,0,0.9231470626546828,-0.6872243507588385,0
4,1,1.0,-0.35,66,15591,14355,0,0.9207234943236483,-0.7100576880521535,0
4,1,1.0,-0.35,67,15827,14534,0,0.9183041637707715,-0.7329111238997167,0
4,1,1.0,-0.35,68,16063,14712,0,0.9158936686795742,-0.7557410564386224,0
4,1,1.0,-0.35,69,16299,14887,0,0.9133689183385484,-0.7797176215381303,0
4,1,1.0,-0.35,70,16535,15061,0,0.9108557605080133,-0.8036500084006397,0
4,1,1.0,-0.35,71,16772,15234,0,0.9082995468638206,-0.828060243335506,0
4,1,1.0,-0.35,72,17008,15404,0,0.9056914393226717,-0.8530369384227726,0
4,1,1.0,-0.35,73,17244,15572,0,0.903038738111807,-0.8785145765667346,0
4,1,1.0,-0.35,74,17480,15738,0,0.9003432494279177,-0.9044799403399517,0
4,1,1.0,-0.35,75,17717,15904,0,0.8976689055709206,-0.930318556237671,0
4,1,1.0,-0.35,76,17953,16066,0,0.8948922185707124,-0.9572275590138556,0
4,1,1.0,-0.35,77,18189,16227,0,0.8921326076199901,-0.9840539297102519,0
4,1,1.0,-0.35,78,18425,16386,0,0.8893351424694709,-1.011333114006454,0
4,1,1.0,-0.35,79,18661,16542,0,0.8864476716145973,-1.0395801215610283,0
4,1,1.0,-0.35,80,18898,16697,0,0.8835326489575617,-1.0681901435924936,0
4,1,1.0,-0.35,81,19134,16850,0,0.8806313368872165,-1.0967594822371194,0
4,1,1.0,-0.35,82,19370,17000,0,0.8776458440887971,-1.1262561806689495,0
4,1,1.0,-0.35,83,19606,17149,0,0.8746812200346833,-1.1556461529495063,0
4,1,1.0,-0.35,84,19843,17296,0,0.8716423927833493,-1.1858753093123042,0
4,1,1.0,-0.35,85,20079,17440,0,0.8685691518501918,-1.2165541763844954,0
4,1,1.0,-0.35,86,20315,17581,0,0.8654196406596111,-1.2481072484886209,0
4,1,1.0,-0.35,87,20551,17721,0,0.8622938056542261,-1.2795368672900924,0
4,1,1.0,-0.35,88,20787,17858,0,0.8590946264492231,-1.3118221423408472,0
4,1,1.0,-0.35,89,21024,17994,0,0.85587899543379,-1.3443948285825305,0
4,1,1.0,-0.35,90,21260,18127,0,0.8526340545625588,-1.377388702618323,0
4,1,1.0,-0.35,91,21496,18258,0,0.8493673241533308,-1.4107312075182386,0
4,1,1.0,-0.35,92,21732,18386,0,0.846033498987668,-1.4448910054721,0
4,1,1.0,-0.35,93,21969,18512,0,0.842641904501798,-1.479781138828994,0
4,1,1.0,-0.35,94,22205,18635,0,0.8392253996847557,-1.5150698022489364,0
4,1,1.0,-0.35,95,22441,18756,0,0.8357916313889755,-1.5506818273048677,0
4,1,1.0,-0.35,96,22677,18875,0,0.83234113859858,-1.5866149890503214,0
4,1,1.0,-0.35,97,22913,18991,0,0.828830794745341,-1.6233246204545706,0
4,1,1.0,-0.35,98,23150,19105,0,0.8252699784017279,-1.6607212604430974,0
4,1,1.0,-0.35,99,23386,19216,0,0.8216881895150945,-1.698501299585655,0
4,1,1.0,-0.35,100,23622,19325,0,0.8180933028532724,-1.736585445522424,0
4,1,1.0,-0.35,101,23858,19431,0,0.814443792438595,-1.7754198433329398,0
4,1,1.0,-0.35,102,24094,19534,0,0.8107412633850751,-1.8149966463129892,0
4,1,1.0,-0.35,103,24331,19635,0,0.8069951913197156,-1.8552232562765973,0
4,1,1.0,-0.35,104,24567,19733,0,0.8032319778564742,-1.8958223927994884,0
4,1,1.0,-0.35,105,24803,19828,0,0.799419425069548,-1.9371482546244558,0
4,1,1.0,-0.35,106,25039,19921,0,0.7955988657693998,-1.9787590876710706,0
4,1,1.0,-0.35,107,25276,20011,0,0.7916996360183574,-2.021433288369962,0
4,1,1.0,-0.35,108,25512,20099,0,0.7878253370962685,-2.064043314703283,0
4,1,1.0,-0.35,109,25748,20183,0,0.7838667080938325,-2.1077977988573995,0
4,1,1.0,-0.35,110,25984,20265,0,0.7799030172413793,-2.1518301835196,0
4,1,1.0,-0.35,111,26220,20343,0,0.775858123569794,-2.1969959590000814,0
4,1,1.0,-0.35,112,26457,20420,0,0.771818422345693,-2.2423393852888944,0
4,1,1.0,-0.35,113,26693,20493,0,0.7677293672498408,-2.2884791219622986,0
4,1,1.0,-0.35,114,26929,20563,0,0.7636005793011251,-2.335317209917623,0
4,1,1.0,-0.35,115,27165,20630,0,0.75943309405485,-2.382851821783973,0
4,1,1.0,-0.35,116,27402,20694,0,0.7552003503393913,-2.4313985386444092,0
4,1,1.0,-0.35,117,27638,20755,0,0.750958824806426,-2.4803196894437414,0
4,1,1.0,-0.35,118,27874,20814,0,0.7467173710267633,-2.529517103451094,0
4,1,1.0,-0.35,119,28110,20869,0,0.7424048381358948,-2.57982632487114,0
4,1,1.0,-0.35,120,28346,20921,0,0.7380582798278417,-2.6308290601474313,0
4,1,1.0,-0.35,121,28583,20970,0,0.7336528705874121,-2.6828297706839903,0
4,1,1.0,-0.35,122,28819,21016,0,0.7292411256462751,-2.7352191385267917,0
4,1,1.0,-0.35,123,29055,21059,0,0.7247977972810188,-2.788304897556338,0
4,1,1.0,-0.35,124,29291,21098,0,0.7202895087228158,-2.8425004105208638,0
4,1,1.0,-0.35,125,29528,21135,0,0.7157613112977513,-2.8972777943034727,0
4,1,1.0,-0.35,126,29764,21168,0,0.7111947318908749,-2.952871574294016,0
4,1,1.0,-0.35,127,30000,21198,0,0.7066,-3.0091695318756786,0
4,2,1.0,0.0,0,0,0,0,0.0,0.0,0
4,2,1.0,0.0,1,236,236,0,1.0,0.0,0
4,2,1.0,0.0,2,472,472,0,1.0,0.0,0
4,2,1.0,0.0,3,709,709,0,1.0,0.0,0
4,2,1.0,0.0,4,945,945,0,1.0,0.0,0
4,2,1.0,0.0,5,1181,1181,0,1.0,0.0,0
4,2,1.0,0.0,6,1417,1417,0,1.0,0.0,0
4,2,1.0,0.0,7,1654,1654,0,1.0,0.0,0
4,2,1.0,0.0,8,1890,1890,0,1.0,0.0,0
4,2,1.0,0.0,9,2126,2126,0,1.0,0.0,0
4,2,1.0,0.0,10,2362,2362,0,1.0,0.0,0
4,2,1.0,0.0,11,2598,2598,0,1.0,0.0,0
4,2,1.0,0.0,12,2835,2835,0,1.0,0.0,0
4,2,1.0,0.0,13,3071,3071,0,1.0,0.0,0
4,2,1.0,0.0,14,3307,3307,0,1.0,0.0,0
4,2,1.0,0.0,15,3543,3543,0,1.0,0.0,0
4,2,1.0,0.0,16,3780,3780,0,1.0,0.0,0
4,2,1.0,0.0,17,4016,4016,0,1.0,0.0,0
4,2,1.0,0.0,18,4252,4252,0,1.0,0.0,0
4,2,1.0,0.0,19,4488,4488,0,1.0,0.0,0
4,2,1.0,0.0,20,4724,4724,0,1.0,0.0,0
4,2,1.0,0.0,21,4961,4961,0,1.0,0.0,0
4,2,1.0,0.0,22,5197,5197,0,1.0,0.0,0
4,2,1.0,0.0,23,5433,5433,0,1.0,0.0,0
4,2,1.0,0.0,24,5669,5669,0,1.0,0.0,0
4,2,1.0,0.0,25,5906,5906,0,1.0,0.0,0
4,2,1.0,0.0,26,6142,6142,0,1.0,0.0,0
4,2,1.0,0.0,27,6378,6378,0,1.0,0.0,0
4,2,1.0,0.0,28,6614,6614,0,1.0,0.0,0
4,2,1.0,0.0,29,6850,6850,0,1.0,0.0,0
4,2,1.0,0.0,30,7087,7087,0,1.0,0.0,0
4,2,1.0,0.0,31,7323,7323,0,1.0,0.0,0
4,2,1.0,0.0,32,7559,7559,0,1.0,0.0,0
4,2,1.0,0.0,33,7795,7795,0,1.0,0.0,0
4,2,1.0,0.0,34,8031,8031,0,1.0,0.0,0
4,2,1.0,0.0,35,8268,8268,0,1.0,0.0,0
4,2,1.0,0.0,36,8504,8504,0,1.0,0.0,0
4,2,1.0,0.0,37,8740,8740,0,1.0,0.0,0
4,2,1.0,0.0,38,8976,8976,0,1.0,0.0,0
4,2,1.0,0.0,39,9213,9213,0,1.0,0.0,0
4,2,1.0,0.0,40,9449,9449,0,1.0,0.0,0
4,2,1.0,0.0,41,9685,9685,0,1.0,0.0,0
4,2,1.0,0.0,42,9921,9921,0,1.0,0.0,0
4,2,1.0,0.0,43,10157,10157,0,1.0,0.0,0
4,2,1.0,0.0,44,10394,10394,0,1.0,0.0,0
4,2,1.0,0.0,45,10630,10630,0,1.0,0.0,0
4,2,1.0,0.0,46,10866,10866,0,1.0,0.0,0
4,2,1.0,0.0,47,11102,11102,0,1.0,0.0,0
4,2,1.0,0.0,48,11339,11339,0,1.0,0.0,0
4,2,1.0,0.0,49,11575,11575,0,1.0,0.0,0
4,2,1.0,0.0,50,11811,11811,0,1.0,0.0,0
4,2,1.0,0.0,51,12047,12047,0,1.0,0.0,0
4,2,1.0,0.0,52,12283,12283,0,1.0,0.0,0
4,2,1.0,0.0,53,12520,12520,0,1.0,0.0,0
4,2,1.0,0.0,54,12756,12756,0,1.0,0.0,0
4,2,1.0,0.0,55,12992,12992,0,1.0,0.0,0
4,2,1.0,0.0,56,13228,13228,0,1.0,0.0,0
4,2,1.0,0.0,57,13465,13465,0,1.0,0.0,0
4,2,1.0,0.0,58,13701,13701,0,1.0,0.0,0
4,2,1.0,0.0,59,13937,13937,0,1.0,0.0,0
4,2,1.0,0.0,60,14173,14173,0,1.0,0.0,0
4,2,1.0,0.0,61,14409,14409,0,1.0,0.0,0
4,2,1.0,0.0,62,14646,14646,0,1.0,0.0,0
4,2,1.0,0.0,63,14882,14882,0,1.0,0.0,0
4,2,1.0,0.0,64,15118,15118,0,1.0,0.0,0
4,2,1.0,0.0,65,15354,15354,0,1.0,0.0,0
4,2,1.0,0.0,66,15591,15591,0,1.0,0.0,0
4,2,1.0,0.0,67,15827,15827,0,1.0,0.0,0
4,2,1.0,0.0,68,16063,16063,0,1.0,0.0,0
4,2,1.0,0.0,69,16299,16299,0,1.0,0.0,0
4,2,1.0,0.0,70,16535,16534,0,0.9999395222255821,-0.0005253191593763099,0
4,2,1.0,0.0,71,16772,16771,0,0.999940376818507,-0.0005178958137699619,0
4,2,1.0,0.0,72,17008,17007,0,0.9999412041392286,-0.0005107093717810972,0
4,2,1.0,0.0,73,17244,17243,0,0.9999420088146602,-0.0005037196416326107,0
4,2,1.0,0.0,74,17480,17479,0,0.9999427917620137,-0.0004969186555928077,0
4,2,1.0,0.0,75,17717,17716,0,0.9999435570356155,-0.0004902711957985618,0
4,2,1.0,0.0,76,17953,17952,0,0.9999442990029521,-0.0004838261880137089,0
4,2,1.0,0.0,77,18189,18188,0,0.999945021716422,-0.00047754843116586587,0
4,2,1.0,0.0,78,18425,18424,0,0.9999457259158752,-0.00047143149828753484,0
4,2,1.0,0.0,79,18661,18660,0,0.999946412303735,-0.0004654692875403515,0
4,2,1.0,0.0,80,18898,18897,0,0.99994708434755,-0.00045963167826944826,0
4,2,1.0,0.0,81,19134,19133,0,0.9999477370126476,-0.00045396240311746186,0
4,2,1.0,0.0,82,19370,19369,0,0.9999483737738771,-0.00044843127803991656,0
4,2,1.0,0.0,83,19606,19605,0,0.9999489952055494,-0.00044303331411803845,0
4,2,1.0,0.0,84,19843,19842,0,0.9999496043944968,-0.00043774169786620776,0
4,2,1.0,0.0,85,20079,20078,0,0.9999501967229444,-0.0004325965405711541,0
4,2,1.0,0.0,86,20315,20314,0,0.9999507752891952,-0.000427570929130325,0
4,2,1.0,0.0,87,20551,20550,0,0.999951340567369,-0.00042266074498308726,0
4,2,1.0,0.0,88,20787,20786,0,0.9999518930100544,-0.00041786205661060706,0
4,2,1.0,0.0,89,21024,21023,0,0.9999524353120244,-0.0004131514562131872,0
4,2,1.0,0.0,90,21260,21259,0,0.9999529633113828,-0.0004085650951186216,0
4,2,1.0,0.0,91,21496,21495,0,0.9999534797171566,-0.0004040794417267803,0
4,2,1.0,0.0,92,21732,21731,0,0.9999539849070496,-0.0003996912150375196,0
4,2,1.0,0.0,93,21969,21968,0,0.9999544813145796,-0.0003953792766717198,0
4,2,1.0,0.0,94,22205,22204,0,0.9999549650979509,-0.00039117699743456075,0
4,2,1.0,0.0,95,22441,22440,0,0.9999554387059401,-0.000387063106414519,0
4,2,1.0,0.0,96,22677,22676,0,0.9999559024562332,-0.0003830348439779167,0
4,2,1.0,0.0,97,22913,22912,0,0.9999563566534282,-0.00037908956418734565,0
4,2,1.0,0.0,98,23150,23149,0,0.9999568034557236,-0.0003752085202448892,0
4,2,1.0,0.0,99,23386,23385,0,0.9999572393739844,-0.00037142201960173543,0
4,2,1.0,0.0,100,23622,23621,0,0.9999576665819998,-0.00036771118004223454,0
4,2,1.0,0.0,101,23858,23857,0,0.9999580853382514,-0.0003640737562329194,0
4,2,1.0,0.0,102,24094,24093,0,0.9999584958910932,-0.0003605075908155867,0
4,2,1.0,0.0,103,24331,24330,0,0.9999589001685093,-0.00035699593675795314,0
4,2,1.0,0.0,104,24567,24566,0,0.9999592949892132,-0.00035356642742174647,0
4,2,1.0,0.0,105,24803,24802,0,0.9999596822964963,-0.0003502021828143112,0
4,2,1.0,0.0,106,25039,25038,0,0.9999600623028077,-0.0003469013574780016,0
4,2,1.0,0.0,107,25276,25275,0,0.9999604367779712,-0.00034364857823578494,0
4,2,1.0,0.0,108,25512,25511,0,0.9999608027594857,-0.0003404695780011673,0
4,2,1.0,0.0,109,25748,25747,0,0.9999611620320025,-0.0003373488548076596,0
4,2,1.0,0.0,110,25984,25983,0,0.9999615147783252,-0.0003342848207179479,0
4,2,1.0,0.0,111,26220,26219,0,0.9999618611746758,-0.0003312759449694598,0
4,2,1.0,0.0,112,26457,26456,0,0.9999622028196696,-0.0003283083415834995,0
4,2,1.0,0.0,113,26693,26692,0,0.9999625369947177,-0.0003254056247665969,0
4,2,1.0,0.0,114,26929,26928,0,0.9999628653124883,-0.0003225537864743497,0
4,2,1.0,0.0,115,27165,27164,0,0.9999631879256397,-0.0003197515006363482,0
4,2,1.0,0.0,116,27402,27401,0,0.9999635063134078,-0.00031698591825352626,0
4,2,1.0,0.0,117,27638,27637,0,0.999963817931833,-0.0003142791366445702,0
4,2,1.0,0.0,118,27874,27873,0,0.9999641242735166,-0.00031161819071854425,0
4,2,1.0,0.0,119,28110,28109,0,0.9999644254713626,-0.00030900192600259464,0
4,2,1.0,0.0,120,28346,28345,0,0.9999647216538489,-0.0003064292264721596,0
4,2,1.0,0.0,121,28583,28582,0,0.9999650141692614,-0.0003038883806160194,0
4,2,1.0,0.0,122,28819,28818,0,0.999965300669697,-0.00030139978274198694,0
4,2,1.0,0.0,123,29055,29054,0,0.999965582515918,-0.00029895161296637925,0
4,2,1.0,0.0,124,29291,29290,0,0.9999658598204226,-0.0002965428940753789,0
4,2,1.0,0.0,125,29528,29527,0,0.999966133839068,-0.00029416271742972017,0
4,2,1.0,0.0,126,29764,29763,0,0.9999664023652735,-0.0002918302497653138,0
4,2,1.0,0.0,127,30000,29999,0,0.9999666666666667,-0.00028953448020361524,0
4,3,1.0,0.35,0,0,0,0,0.0,0.0,0
4,3,1.0,0.35,1,236,236,0,1.0,0.0,0
4,3,1.0,0.35,2,472,472,0,1.0,0.0,0
4,3,1.0,0.35,3,709,709,0,1.0,0.0,0
4,3,1.0,0.35,4,945,945,0,1.0,0.0,0
4,3,1.0,0.35,5,1181,1182,0,1.0008467400508043,0.0,0
4,3,1.0,0.35,6,1417,1418,0,1.0007057163020465,-0.0012239666426882962,0
4,3,1.0,0.35,7,1654,1655,0,1.0006045949214026,-0.002101720730241294,0
4,3,1.0,0.35,8,1890,1892,0,1.001058201058201,0.0018349792161605736,0
4,3,1.0,0.35,9,2126,2129,0,1.0014111006585136,0.004896446386456655,0
4,3,1.0,0.35,10,2362,2366,0,1.0016934801016089,0.00734536165387701,0
4,3,1.0,0.35,11,2598,2604,0,1.002309468822171,0.012685084548472137,0
4,3,1.0,0.35,12,2835,2842,0,1.002469135802469,0.014068628616075881,0
4,3,1.0,0.35,13,3071,3080,0,1.0029306414848584,0.018066422513073888,0
4,3,1.0,0.35,14,3307,3319,0,1.003628666465074,0.024109571263586572,0
4,3,1.0,0.35,15,3543,3557,0,1.0039514535704206,0.026902678417627845,0
4,3,1.0,0.35,16,3780,3797,0,1.0044973544973546,0.03162436741700233,0
4,3,1.0,0.35,17,4016,4037,0,1.0052290836653386,0.03794932683259379,0
4,3,1.0,0.35,18,4252,4277,0,1.0058795860771401,0.043568309476603374,0
4,3,1.0,0.35,19,4488,4517,0,1.0064616755793225,0.048593267631348566,0
4,3,1.0,0.35,20,4724,4758,0,1.0071972904318374,0.054939396560969155,0
4,3,1.0,0.35,21,4961,5001,0,1.0080628905462607,0.06240097159520838,0
4,3,1.0,0.35,22,5197,5243,0,1.0088512603425053,0.06919123918284206,0
4,3,1.0,0.35,23,5433,5485,0,1.0095711393337015,0.07538695890574774,0
4,3,1.0,0.35,24,5669,5728,0,1.0104074792732405,0.08257946754214715,0
4,3,1.0,0.35,25,5906,5973,0,1.0113443955299695,0.0906298637258119,0
4,3,1.0,0.35,26,6142,6217,0,1.0122110061869098,0.09806952658767985,0
4,3,1.0,0.35,27,6378,6462,0,1.013170272812794,0.10629719685926309,0
4,3,1.0,0.35,28,6614,6708,0,1.014212276988207,0.11522568849284773,0
4,3,1.0,0.35,29,6850,6955,0,1.0153284671532847,0.12477967807835921,0
4,3,1.0,0.35,30,7087,7203,0,1.0163679977423452,0.13366806166902986,0
4,3,1.0,0.35,31,7323,7451,0,1.0174791752014203,0.14315900658025538,0
4,3,1.0,0.35,32,7559,7700,0,1.0186532610133616,0.15317601798582475,0
4,3,1.0,0.35,33,7795,7949,0,1.0197562540089802,0.16257597054288792,0
4,3,1.0,0.35,34,8031,8200,0,1.021043456605653,0.1735329509079969,0
4,3,1.0,0.35,35,8268,8452,0,1.0222544750846638,0.18382882986606897,0
4,3,1.0,0.35,36,8504,8704,0,1.0235183443085607,0.1945610381428532,0
4,3,1.0,0.35,37,8740,8957,0,1.0248283752860412,0.2056712529667559,0
4,3,1.0,0.35,38,8976,9211,0,1.026180926916221,0.21712718920256988,0
4,3,1.0,0.35,39,9213,9468,0,1.0276782806903288,0.22979198325184164,0
4,3,1.0,0.35,40,9449,9724,0,1.0291036088474972,0.24183044500218165,0
4,3,1.0,0.35,41,9685,9981,0,1.0305627258647392,0.25413703203267124,0
4,3,1.0,0.35,42,9921,10239,0,1.0320532204414878,0.2666902886642871,0
4,3,1.0,0.35,43,10157,10498,0,1.0335729053854485,0.27947074096814795,0
4,3,1.0,0.35,44,10394,10760,0,1.0352126226669232,0.29323959823615753,0
4,3,1.0,0.35,45,10630,11021,0,1.0367826904985888,0.30640317870726663,0
4,3,1.0,0.35,46,10866,11284,0,1.0384686177066078,0.32051595707809866,0
4,3,1.0,0.35,47,11102,11548,0,1.040172941812286,0.33475946562238657,0
4,3,1.0,0.35,48,11339,11814,0,1.0418908192962342,0.3490926459043443,0
4,3,1.0,0.35,49,11575,12080,0,1.0436285097192224,0.36356711326801017,0
4,3,1.0,0.35,50,11811,12348,0,1.0454660909321818,0.37884744736887976,0
4,3,1.0,0.35,51,12047,12617,0,1.0473146841537313,0.39419227571907806,0
4,3,1.0,0.35,52,12283,12887,0,1.0491736546446309,0.40959595477358246,0
4,3,1.0,0.35,53,12520,13159,0,1.051038338658147,0.42501958234901516,0
4,3,1.0,0.35,54,12756,13432,0,1.05299466917529,0.441171872546982,0
4,3,1.0,0.35,55,12992,13706,0,1.0549568965517242,0.4573427330510821,0
4,3,1.0,0.35,56,13228,13982,0,1.057000302388872,0.47415065239204335,0
4,3,1.0,0.35,57,13465,14260,0,1.059041960638693,0.49091177673191594,0
4,3,1.0,0.35,58,13701,14539,0,1.06116341872856,0.5082938258194235,0
4,3,1.0,0.35,59,13937,14819,0,1.0632847815168258,0.525640381205615,0
4,3,1.0,0.35,60,14173,15101,0,1.0654766104565019,0.5435268301753448,0
4,3,1.0,0.35,61,14409,15384,0,1.0676660420570476,0.5613570188015418,0
4,3,1.0,0.35,62,14646,15670,0,1.0699167008056807,0.5796477547207223,0
4,3,1.0,0.35,63,14882,15956,0,1.0721677193925547,0.5979029700909081,0
4,3,1.0,0.35,64,15118,16244,0,1.0744807514221457,0.6166212176165489,0
4,3,1.0,0.35,65,15354,16533,0,1.0767878077373974,0.6352510108516465,0
4,3,1.0,0.35,66,15591,16826,0,1.0792123661086523,0.6547866821069626,0
4,3,1.0,0.35,67,15827,17119,0,1.0816326530612246,0.6742442128110738,0
4,3,1.0,0.35,68,16063,17414,0,1.0841063313204258,0.6940860366485507,0
4,3,1.0,0.35,69,16299,17710,0,1.0865697282041844,0.7138004500993957,0
4,3,1.0,0.35,70,16535,18008,0,1.0890837617175688,0.7338740762204045,0
4,3,1.0,0.35,71,16772,18309,0,1.0916408299546865,0.7542438402600642,0
4,3,1.0,0.35,72,17008,18611,0,1.094249764816557,0.7749776602395829,0
4,3,1.0,0.35,73,17244,18915,0,1.0969032707028532,0.7960150503038137,0
4,3,1.0,0.35,74,17480,19220,0,1.09954233409611,0.8168875220484131,0
4,3,1.0,0.35,75,17717,19529,0,1.1022746514646948,0.8384448262726024,0
4,3,1.0,0.35,76,17953,19839,0,1.1050520804322397,0.8603033521290855,0
4,3,1.0,0.35,77,18189,20150,0,1.1078124140964318,0.8819729718155535,0
4,3,1.0,0.35,78,18425,20463,0,1.1106105834464044,0.903884575759995,0
4,3,1.0,0.35,79,18661,20779,0,1.1134987406891377,0.9264430254695745,0
4,3,1.0,0.35,80,18898,21097,0,1.1163615197375383,0.9487455858366696,0
4,3,1.0,0.35,81,19134,21417,0,1.1193164001254312,0.971705762398644,0
4,3,1.0,0.35,82,19370,21738,0,1.1222509034589572,0.9944476953469581,0
4,3,1.0,0.35,83,19606,22062,0,1.125267775170866,1.017766060377056,0
4,3,1.0,0.35,84,19843,22389,0,1.1283072116111474,1.0411957005219237,0
4,3,1.0,0.35,85,20079,22717,0,1.1313810448727526,1.0648263875137023,0
4,3,1.0,0.35,86,20315,23047,0,1.1344819099187793,1.088599924504997,0
4,3,1.0,0.35,87,20551,23380,0,1.1376575349131428,1.1128793728952466,0
4,3,1.0,0.35,88,20787,23714,0,1.1408091595708856,1.1369084109169305,0
4,3,1.0,0.35,89,21024,24053,0,1.1440734398782344,1.1617264893547428,0
4,3,1.0,0.35,90,21260,24392,0,1.147318908748824,1.1863314447664914,0
4,3,1.0,0.35,91,21496,24733,0,1.150586155563826,1.2110313027545427,0
4,3,1.0,0.35,92,21732,25077,0,1.1539204859193815,1.2361660931463254,0
4,3,1.0,0.35,93,21969,25425,0,1.1573125768127817,1.2616618761309408,0
4,3,1.0,0.35,94,22205,25773,0,1.1606845305111462,1.2869323462754265,0
4,3,1.0,0.35,95,22441,26124,0,1.1641192460229044,1.312597808351057,0
4,3,1.0,0.35,96,22677,26478,0,1.167614763857653,1.338639976759661,0
4,3,1.0,0.35,97,22913,26834,0,1.1711255619080871,1.364717628029912,0
4,3,1.0,0.35,98,23150,27193,0,1.1746436285097193,1.3907709680400868,0
4,3,1.0,0.35,99,23386,27554,0,1.1782262892328743,1.4172225958732145,0
4,3,1.0,0.35,100,23622,27918,0,1.1818643637287274,1.4440011762263216,0
4,3,1.0,0.35,101,23858,28284,0,1.1855142928996563,1.4707843078526963,0
4,3,1.0,0.35,102,24094,28653,0,1.1892172325060182,1.4978722969419835,0
4,3,1.0,0.35,103,24331,29025,0,1.192922609017303,1.5248938150246678,0
4,3,1.0,0.35,104,24567,29399,0,1.1966866121219522,1.55225706949661,0
4,3,1.0,0.35,105,24803,29776,0,1.2004999395234448,1.5798912716648907,0
4,3,1.0,0.35,106,25039,30155,0,1.2043212588362155,1.6074954742404697,0
4,3,1.0,0.35,107,25276,30539,0,1.2082212375375851,1.635577727008399,0
4,3,1.0,0.35,108,25512,30924,0,1.2121354656632173,1.6636715886381006,0
4,3,1.0,0.35,109,25748,31311,0,1.2160556159701725,1.6917171759652097,0
4,3,1.0,0.35,110,25984,31702,0,1.2200584975369457,1.72026150286785,0
4,3,1.0,0.35,111,26220,32095,0,1.2240655987795577,1.7487422746901904,0
4,3,1.0,0.35,112,26457,32493,0,1.2281437804739765,1.7776326859891147,0
4,3,1.0,0.35,113,26693,32767,0,1.2275502940845915,1.7734343150001055,1
4,3,1.0,0.35,114,26929,32767,0,1.2167923056927477,1.696977517778098,1
4,3,1.0,0.35,115,27165,32767,0,1.206221240566906,1.6211878568047513,1
4,3,1.0,0.35,116,27402,32767,0,1.1957886285672579,1.545736804386659,1
4,3,1.0,0.35,117,27638,32767,0,1.1855778276286273,1.4712497943172504,1
4,3,1.0,0.35,118,27874,32767,0,1.175539929683576,1.3973961300865922,1
4,3,1.0,0.35,119,28110,32767,0,1.1656705798648168,1.3241651320507308,1
4,3,1.0,0.35,120,28346,32767,0,1.1559655683341565,1.251546388433296,1
4,3,1.0,0.35,121,28583,32767,0,1.146380715810097,1.1792258580608888,1
4,3,1.0,0.35,122,28819,32767,0,1.1369929560359484,1.1078039039646863,1
4,3,1.0,0.35,123,29055,32767,0,1.1277577009120634,1.036964448703703,1
4,3,1.0,0.35,124,29291,32767,0,1.1186712642108498,0.966698067673497,1
4,3,1.0,0.35,125,29528,32767,0,1.1096924952587375,0.8967014004475292,1
4,3,1.0,0.35,126,29764,32767,0,1.1008936970837253,0.8275561268892258,1
4,3,1.0,0.35,127,30000,32767,0,1.0922333333333334,0.7589569498062954,1
4,4,1.0,0.7,0,0,0,0,0.0,0.0,0
4,4,1.0,0.7,1,236,236,0,1.0,0.0,0
4,4,1.0,0.7,2,472,472,0,1.0,0.0,0
4,4,1.0,0.7,3,709,709,0,1.0,0.0,0
4,4,1.0,0.7,4,945,946,0,1.001058201058201,0.0,0
4,4,1.0,0.7,5,1181,1182,0,1.0008467400508043,0.0,0
4,4,1.0,0.7,6,1417,1419,0,1.001411432604093,0.004899325565836175,0
4,4,1.0,0.7,7,1654,1657,0,1.001813784764208,0.008388485421742184,0
4,4,1.0,0.7,8,1890,1894,0,1.0021164021164022,0.011011831245775943,0
4,4,1.0,0.7,9,2126,2132,0,1.0028222013170274,0.017127224710700748,0
4,4,1.0,0.7,10,2362,2371,0,1.0038103302286199,0.025681635379409887,0
4,4,1.0,0.7,11,2598,2609,0,1.00423402617398,0.029347068629798717,0
4,4,1.0,0.7,12,2835,2850,0,1.0052910052910053,0.038484356957261906,0
4,4,1.0,0.7,13,3071,3090,0,1.0061869098013676,0.04622168100088002,0
4,4,1.0,0.7,14,3307,3330,0,1.0069549440580587,0.052849193217907306,0
4,4,1.0,0.7,15,3543,3572,0,1.0081851538244426,0.06345437903219775,0
4,4,1.0,0.7,16,3780,3815,0,1.0092592592592593,0.07270327043904537,0
4,4,1.0,0.7,17,4016,4058,0,1.0104581673306774,0.08301519257285243,0
4,4,1.0,0.7,18,4252,4302,0,1.0117591721542802,0.09419142536925634,0
4,4,1.0,0.7,19,4488,4547,0,1.0131461675579323,0.10609054050562998,0
4,4,1.0,0.7,20,4724,4793,0,1.014606265876376,0.1185992223717789,0
4,4,1.0,0.7,21,4961,5040,0,1.0159242088288651,0.12987460955236052,0
4,4,1.0,0.7,22,5197,5288,0,1.0175101019819126,0.14342301446005182,0
4,4,1.0,0.7,23,5433,5537,0,1.019142278667403,0.1573447909298167,0
4,4,1.0,0.7,24,5669,5788,0,1.0209913565002646,0.17308973048616186,0
4,4,1.0,0.7,25,5906,6040,0,1.0226887910599392,0.18751834120700958,0
4,4,1.0,0.7,26,6142,6293,0,1.024584825789645,0.20360681417427612,0
4,4,1.0,0.7,27,6378,6547,0,1.0264973345876451,0.2198049416666907,0
4,4,1.0,0.7,28,6614,6802,0,1.0284245539764136,0.23609716174595022,0
4,4,1.0,0.7,29,6850,7059,0,1.0305109489051094,0.25370062943072846,0
4,4,1.0,0.7,30,7087,7319,0,1.0327359954846902,0.27243470929889285,0
4,4,1.0,0.7,31,7323,7579,0,1.0349583504028403,0.29110587994556136,0
4,4,1.0,0.7,32,7559,7840,0,1.0371742293954227,0.3096827682249556,0
4,4,1.0,0.7,33,7795,8104,0,1.0396407953816549,0.3303146779128354,0
4,4,1.0,0.7,34,8031,8368,0,1.0419623957165982,0.349689333697645,0
4,4,1.0,0.7,35,8268,8636,0,1.0445089501693274,0.37089173550441634,0
4,4,1.0,0.7,36,8504,8905,0,1.0471542803386642,0.3928618670460055,0
4,4,1.0,0.7,37,8740,9175,0,1.049771167048055,0.41454122716004455,0
4,4,1.0,0.7,38,8976,9447,0,1.0524732620320856,0.43686985024796887,0
4,4,1.0,0.7,39,9213,9723,0,1.0553565613806577,0.46063271314838683,0
4,4,1.0,0.7,40,9449,9999,0,1.0582072176949942,0.4840628091800689,0
4,4,1.0,0.7,41,9685,10277,0,1.0611254517294786,0.5079830508174574,0
4,4,1.0,0.7,42,9921,10557,0,1.0641064408829755,0.5323498597953412,0
4,4,1.0,0.7,43,10157,10840,0,1.0672442650388894,0.5579250163730728,0
4,4,1.0,0.7,44,10394,11126,0,1.0704252453338465,0.5837752837249356,0
4,4,1.0,0.7,45,10630,11413,0,1.073659454374412,0.6099794762208762,0
4,4,1.0,0.7,46,10866,11702,0,1.0769372354132156,0.6364562829055151,0
4,4,1.0,0.7,47,11102,11994,0,1.080345883624572,0.6639048514839401,0
4,4,1.0,0.7,48,11339,12289,0,1.0837816385924686,0.6914841999655237,0
4,4,1.0,0.7,49,11575,12586,0,1.0873434125269978,0.7199829757950865,0
4,4,1.0,0.7,50,11811,12885,0,1.0909321818643638,0.7486034889061975,0
4,4,1.0,0.7,51,12047,13186,0,1.0945463600896488,0.7773316426828997,0
4,4,1.0,0.7,52,12283,13491,0,1.0983473092892615,0.8074422301602369,0
4,4,1.0,0.7,53,12520,13799,0,1.1021565495207668,0.8375141368035701,0
4,4,1.0,0.7,54,12756,14109,0,1.1060677328316086,0.8682828792619722,0
4,4,1.0,0.7,55,12992,14421,0,1.109990763546798,0.8990357203897502,0
4,4,1.0,0.7,56,13228,14737,0,1.1140762019957666,0.9309463669247818,0
4,4,1.0,0.7,57,13465,15056,0,1.1181581878945415,0.9627133880786154,0
4,4,1.0,0.7,58,13701,15377,0,1.1223268374571198,0.9950353821230029,0
4,4,1.0,0.7,59,13937,15701,0,1.1265695630336514,1.0278086924767285,0
4,4,1.0,0.7,60,14173,16029,0,1.1309532209130035,1.0615412569303082,0
4,4,1.0,0.7,61,14409,16359,0,1.1353320841140953,1.0951066423227467,0
4,4,1.0,0.7,62,14646,16694,0,1.1398334016113614,1.1294760086533921,0
4,4,1.0,0.7,63,14882,17030,0,1.1443354387851095,1.1637153765868904,0
4,4,1.0,0.7,64,15118,17370,0,1.1489615028442917,1.198757970198537,0
4,4,1.0,0.7,65,15354,17713,0,1.1536407450827146,1.2340601485552951,0
4,4,1.0,0.7,66,15591,18061,0,1.158424732217305,1.2700048430202269,0
4,4,1.0,0.7,67,15827,18411,0,1.163265306122449,1.3062239342451196,0
4,4,1.0,0.7,68,16063,18765,0,1.1682126626408516,1.3430866091607556,0
4,4,1.0,0.7,69,16299,19121,0,1.1731394564083686,1.3796412561510165,0
4,4,1.0,0.7,70,16535,19482,0,1.1782280012095554,1.4172352165640327,0
4,4,1.0,0.7,71,16772,19847,0,1.1833412830908658,1.454848740596423,0
4,4,1.0,0.7,72,17008,20215,0,1.1885583254938852,1.493058391174996,0
4,4,1.0,0.7,73,17244,20586,0,1.1938065414057064,1.5313275065248966,0
4,4,1.0,0.7,74,17480,20961,0,1.199141876430206,1.5700598148779927,0
4,4,1.0,0.7,75,17717,21342,0,1.2046057458937744,1.6095470293038243,0
4,4,1.0,0.7,76,17953,21725,0,1.2101041608644796,1.6491035060702872,0
4,4,1.0,0.7,77,18189,22112,0,1.2156798064764418,1.6890324761550763,0
4,4,1.0,0.7,78,18425,22502,0,1.2212754409769335,1.7289208977373804,0
4,4,1.0,0.7,79,18661,22897,0,1.2269974813782756,1.7695218466531721,0
4,4,1.0,0.7,80,18898,23297,0,1.2327759551275268,1.8103315219246763,0
4,4,1.0,0.7,81,19134,23700,0,1.2386328002508624,1.8514999490355875,0
4,4,1.0,0.7,82,19370,24107,0,1.244553433144037,1.892919364668357,0
4,4,1.0,0.7,83,19606,24519,0,1.2505865551361828,1.9349235280961912,0
4,4,1.0,0.7,84,19843,24936,0,1.2566648188277982,1.9770375590964382,0
4,4,1.0,0.7,85,20079,25356,0,1.262811893022561,2.0194216889010783,0
4,4,1.0,0.7,86,20315,25780,0,1.2690130445483634,2.0619701484646416,0
4,4,1.0,0.7,87,20551,26209,0,1.2753150698262858,2.1049982529704923,0
4,4,1.0,0.7,88,20787,26642,0,1.281666426131717,2.1481485796093063,0
4,4,1.0,0.7,89,21024,27082,0,1.2881468797564688,2.191956138842282,0
4,4,1.0,0.7,90,21260,27524,0,1.294637817497648,2.2356142011071025,0
4,4,1.0,0.7,91,21496,27971,0,1.3012188314104949,2.2796552178115745,0
4,4,1.0,0.7,92,21732,28423,0,1.3078869869317136,2.3240527954364354,0
4,4,1.0,0.7,93,21969,28881,0,1.3146251536255633,2.3686871749318743,0
4,4,1.0,0.7,94,22205,29342,0,1.3214140959243414,2.4134271263209652,0
4,4,1.0,0.7,95,22441,29808,0,1.328283053339869,2.458461057620023,0
4,4,1.0,0.7,96,22677,30279,0,1.3352295277153063,2.5037669796010196,0
4,4,1.0,0.7,97,22913,30755,0,1.3422511238161743,2.5493239464414796,0
4,4,1.0,0.7,98,23150,31238,0,1.3493736501079914,2.5952929257097317,0
4,4,1.0,0.7,99,23386,31724,0,1.3565380997177798,2.641288338567835,0
4,4,1.0,0.7,100,23622,32214,0,1.363728727457455,2.6872082048257306,0
4,4,1.0,0.7,101,23858,32711,0,1.3710705004610613,2.733844157185128,0
4,4,1.0,0.7,102,24094,32767,0,1.3599651365485184,2.6632039240835788,1
4,4,1.0,0.7,103,24331,32767,0,1.3467181784554683,2.5781828696464166,1
4,4,1.0,0.7,104,24567,32767,0,1.3337810884519885,2.4943395275350846,1
4,4,1.0,0.7,105,24803,32767,0,1.3210901907027375,2.411297778765033,1
4,4,1.0,0.7,106,25039,32767,0,1.3086385239027118,2.3290424409350163,1
4,4,1.0,0.7,107,25276,32767,0,1.296368096217756,2.247215110360535,1
4,4,1.0,0.7,108,25512,32767,0,1.2843759799310128,2.166491919501488,1
4,4,1.0,0.7,109,25748,32767,0,1.2726036973745534,2.0865120350609128,1
4,4,1.0,0.7,110,25984,32767,0,1.2610452586206897,2.007261892977919,1
4,4,1.0,0.7,111,26220,32767,0,1.2496948893974065,1.9287282971182351,1
4,4,1.0,0.7,112,26457,32767,0,1.2385002078844918,1.8505700977450315,1
4,4,1.0,0.7,113,26693,32767,0,1.2275502940845915,1.7734343150001055,1
4,4,1.0,0.7,114,26929,32767,0,1.2167923056927477,1.696977517778098,1
4,4,1.0,0.7,115,27165,32767,0,1.206221240566906,1.6211878568047513,1
4,4,1.0,0.7,116,27402,32767,0,1.1957886285672579,1.545736804386659,1
4,4,1.0,0.7,117,27638,32767,0,1.1855778276286273,1.4712497943172504,1
4,4,1.0,0.7,118,27874,32767,0,1.175539929683576,1.3973961300865922,1
4,4,1.0,0.7,119,28110,32767,0,1.1656705798648168,1.3241651320507308,1
4,4,1.0,0.7,120,28346,32767,0,1.1559655683341565,1.251546388433296,1
4,4,1.0,0.7,121,28583,32767,0,1.146380715810097,1.1792258580608888,1
4,4,1.0,0.7,122,28819,32767,0,1.1369929560359484,1.1078039039646863,1
4,4,1.0,0.7,123,29055,32767,0,1.1277577009120634,1.036964448703703,1
4,4,1.0,0.7,124,29291,32767,0,1.1186712642108498,0.966698067673497,1
4,4,1.0,0.7,125,29528,32767,0,1.1096924952587375,0.8967014004475292,1
4,4,1.0,0.7,126,29764,32767,0,1.1008936970837253,0.8275561268892258,1
4,4,1.0,0.7,127,30000,32767,0,1.0922333333333334,0.7589569498062954,1
