family,curve_index,coef1_index,coef3_index,coef1,coef3,index,input_i,output_i,output_q,overflow,delta_output_lsb
coef1,0,0,2,0.68,0.2,0,0,0,0,0,0.0
coef1,0,0,2,0.68,0.2,1,110,75,0,0,-2.0
coef1,0,0,2,0.68,0.2,2,220,150,0,0,-4.0
coef1,0,0,2,0.68,0.2,3,329,224,0,0,-6.0
coef1,0,0,2,0.68,0.2,4,439,299,0,0,-8.0
coef1,0,0,2,0.68,0.2,5,549,373,0,0,-11.0
coef1,0,0,2,0.68,0.2,6,659,448,0,0,-13.0
coef1,0,0,2,0.68,0.2,7,769,523,0,0,-15.0
coef1,0,0,2,0.68,0.2,8,878,597,0,0,-18.0
coef1,0,0,2,0.68,0.2,9,988,672,0,0,-20.0
coef1,0,0,2,0.68,0.2,10,1098,747,0,0,-22.0
coef1,0,0,2,0.68,0.2,11,1208,822,0,0,-24.0
coef1,0,0,2,0.68,0.2,12,1318,897,0,0,-26.0
coef1,0,0,2,0.68,0.2,13,1427,971,0,0,-28.0
coef1,0,0,2,0.68,0.2,14,1537,1046,0,0,-31.0
coef1,0,0,2,0.68,0.2,15,1647,1121,0,0,-33.0
coef1,0,0,2,0.68,0.2,16,1757,1196,0,0,-35.0
coef1,0,0,2,0.68,0.2,17,1867,1271,0,0,-37.0
coef1,0,0,2,0.68,0.2,18,1976,1345,0,0,-40.0
coef1,0,0,2,0.68,0.2,19,2086,1420,0,0,-42.0
coef1,0,0,2,0.68,0.2,20,2196,1495,0,0,-44.0
coef1,0,0,2,0.68,0.2,21,2306,1570,0,0,-47.0
coef1,0,0,2,0.68,0.2,22,2416,1645,0,0,-49.0
coef1,0,0,2,0.68,0.2,23,2525,1720,0,0,-51.0
coef1,0,0,2,0.68,0.2,24,2635,1795,0,0,-53.0
coef1,0,0,2,0.68,0.2,25,2745,1870,0,0,-55.0
coef1,0,0,2,0.68,0.2,26,2855,1946,0,0,-57.0
coef1,0,0,2,0.68,0.2,27,2965,2021,0,0,-59.0
coef1,0,0,2,0.68,0.2,28,3075,2096,0,0,-62.0
coef1,0,0,2,0.68,0.2,29,3184,2171,0,0,-64.0
coef1,0,0,2,0.68,0.2,30,3294,2247,0,0,-65.0
coef1,0,0,2,0.68,0.2,31,3404,2322,0,0,-68.0
coef1,0,0,2,0.68,0.2,32,3514,2398,0,0,-70.0
coef1,0,0,2,0.68,0.2,33,3624,2473,0,0,-73.0
coef1,0,0,2,0.68,0.2,34,3733,2548,0,0,-75.0
coef1,0,0,2,0.68,0.2,35,3843,2624,0,0,-77.0
coef1,0,0,2,0.68,0.2,36,3953,2700,0,0,-79.0
coef1,0,0,2,0.68,0.2,37,4063,2775,0,0,-82.0
coef1,0,0,2,0.68,0.2,38,4173,2851,0,0,-84.0
coef1,0,0,2,0.68,0.2,39,4282,2926,0,0,-86.0
coef1,0,0,2,0.68,0.2,40,4392,3002,0,0,-88.0
coef1,0,0,2,0.68,0.2,41,4502,3078,0,0,-90.0
coef1,0,0,2,0.68,0.2,42,4612,3154,0,0,-93.0
coef1,0,0,2,0.68,0.2,43,4722,3231,0,0,-94.0
coef1,0,0,2,0.68,0.2,44,4831,3306,0,0,-97.0
coef1,0,0,2,0.68,0.2,45,4941,3382,0,0,-99.0
coef1,0,0,2,0.68,0.2,46,5051,3459,0,0,-101.0
coef1,0,0,2,0.68,0.2,47,5161,3535,0,0,-103.0
coef1,0,0,2,0.68,0.2,48,5271,3612,0,0,-105.0
coef1,0,0,2,0.68,0.2,49,5380,3687,0,0,-108.0
coef1,0,0,2,0.68,0.2,50,5490,3764,0,0,-110.0
coef1,0,0,2,0.68,0.2,51,5600,3841,0,0,-112.0
coef1,0,0,2,0.68,0.2,52,5710,3917,0,0,-115.0
coef1,0,0,2,0.68,0.2,53,5820,3994,0,0,-117.0
coef1,0,0,2,0.68,0.2,54,5929,4071,0,0,-118.0
coef1,0,0,2,0.68,0.2,55,6039,4148,0,0,-120.0
coef1,0,0,2,0.68,0.2,56,6149,4225,0,0,-123.0
coef1,0,0,2,0.68,0.2,57,6259,4302,0,0,-125.0
coef1,0,0,2,0.68,0.2,58,6369,4379,0,0,-128.0
coef1,0,0,2,0.68,0.2,59,6478,4456,0,0,-129.0
coef1,0,0,2,0.68,0.2,60,6588,4533,0,0,-132.0
coef1,0,0,2,0.68,0.2,61,6698,4611,0,0,-134.0
coef1,0,0,2,0.68,0.2,62,6808,4688,0,0,-136.0
coef1,0,0,2,0.68,0.2,63,6918,4766,0,0,-138.0
coef1,0,0,2,0.68,0.2,64,7027,4843,0,0,-141.0
coef1,0,0,2,0.68,0.2,65,7137,4921,0,0,-143.0
coef1,0,0,2,0.68,0.2,66,7247,4999,0,0,-145.0
coef1,0,0,2,0.68,0.2,67,7357,5077,0,0,-147.0
coef1,0,0,2,0.68,0.2,68,7467,5155,0,0,-150.0
coef1,0,0,2,0.68,0.2,69,7576,5233,0,0,-151.0
coef1,0,0,2,0.68,0.2,70,7686,5311,0,0,-154.0
coef1,0,0,2,0.68,0.2,71,7796,5389,0,0,-157.0
coef1,0,0,2,0.68,0.2,72,7906,5468,0,0,-158.0
coef1,0,0,2,0.68,0.2,73,8016,5547,0,0,-160.0
coef1,0,0,2,0.68,0.2,74,8125,5625,0,0,-163.0
coef1,0,0,2,0.68,0.2,75,8235,5704,0,0,-165.0
coef1,0,0,2,0.68,0.2,76,8345,5783,0,0,-167.0
coef1,0,0,2,0.68,0.2,77,8455,5862,0,0,-169.0
coef1,0,0,2,0.68,0.2,78,8565,5941,0,0,-172.0
coef1,0,0,2,0.68,0.2,79,8675,6021,0,0,-173.0
coef1,0,0,2,0.68,0.2,80,8784,6099,0,0,-176.0
coef1,0,0,2,0.68,0.2,81,8894,6179,0,0,-178.0
coef1,0,0,2,0.68,0.2,82,9004,6259,0,0,-180.0
coef1,0,0,2,0.68,0.2,83,9114,6338,0,0,-183.0
coef1,0,0,2,0.68,0.2,84,9224,6418,0,0,-185.0
coef1,0,0,2,0.68,0.2,85,9333,6498,0,0,-187.0
coef1,0,0,2,0.68,0.2,86,9443,6578,0,0,-189.0
coef1,0,0,2,0.68,0.2,87,9553,6658,0,0,-192.0
coef1,0,0,2,0.68,0.2,88,9663,6739,0,0,-193.0
coef1,0,0,2,0.68,0.2,89,9773,6819,0,0,-196.0
coef1,0,0,2,0.68,0.2,90,9882,6899,0,0,-198.0
coef1,0,0,2,0.68,0.2,91,9992,6980,0,0,-200.0
coef1,0,0,2,0.68,0.2,92,10102,7061,0,0,-203.0
coef1,0,0,2,0.68,0.2,93,10212,7142,0,0,-205.0
coef1,0,0,2,0.68,0.2,94,10322,7224,0,0,-206.0
coef1,0,0,2,0.68,0.2,95,10431,7304,0,0,-209.0
coef1,0,0,2,0.68,0.2,96,10541,7386,0,0,-211.0
coef1,0,0,2,0.68,0.2,97,10651,7468,0,0,-213.0
coef1,0,0,2,0.68,0.2,98,10761,7550,0,0,-215.0
coef1,0,0,2,0.68,0.2,99,10871,7632,0,0,-217.0
coef1,0,0,2,0.68,0.2,100,10980,7713,0,0,-220.0
coef1,0,0,2,0.68,0.2,101,11090,7795,0,0,-222.0
coef1,0,0,2,0.68,0.2,102,11200,7878,0,0,-224.0
coef1,0,0,2,0.68,0.2,103,11310,7960,0,0,-227.0
coef1,0,0,2,0.68,0.2,104,11420,8043,0,0,-229.0
coef1,0,0,2,0.68,0.2,105,11529,8125,0,0,-231.0
coef1,0,0,2,0.68,0.2,106,11639,8208,0,0,-233.0
coef1,0,0,2,0.68,0.2,107,11749,8291,0,0,-236.0
coef1,0,0,2,0.68,0.2,108,11859,8375,0,0,-237.0
coef1,0,0,2,0.68,0.2,109,11969,8458,0,0,-240.0
coef1,0,0,2,0.68,0.2,110,12078,8541,0,0,-242.0
coef1,0,0,2,0.68,0.2,111,12188,8625,0,0,-244.0
coef1,0,0,2,0.68,0.2,112,12298,8709,0,0,-246.0
coef1,0,0,2,0.68,0.2,113,12408,8793,0,0,-249.0
coef1,0,0,2,0.68,0.2,114,12518,8878,0,0,-250.0
coef1,0,0,2,0.68,0.2,115,12627,8961,0,0,-253.0
coef1,0,0,2,0.68,0.2,116,12737,9046,0,0,-255.0
coef1,0,0,2,0.68,0.2,117,12847,9131,0,0,-257.0
coef1,0,0,2,0.68,0.2,118,12957,9216,0,0,-259.0
coef1,0,0,2,0.68,0.2,119,13067,9301,0,0,-262.0
coef1,0,0,2,0.68,0.2,120,13176,9386,0,0,-263.0
coef1,0,0,2,0.68,0.2,121,13286,9471,0,0,-266.0
coef1,0,0,2,0.68,0.2,122,13396,9557,0,0,-268.0
coef1,0,0,2,0.68,0.2,123,13506,9643,0,0,-270.0
coef1,0,0,2,0.68,0.2,124,13616,9729,0,0,-273.0
coef1,0,0,2,0.68,0.2,125,13725,9815,0,0,-274.0
coef1,0,0,2,0.68,0.2,126,13835,9901,0,0,-277.0
coef1,0,0,2,0.68,0.2,127,13945,9988,0,0,-279.0
coef1,0,0,2,0.68,0.2,128,14055,10074,0,0,-282.0
coef1,0,0,2,0.68,0.2,129,14165,10162,0,0,-283.0
coef1,0,0,2,0.68,0.2,130,14275,10249,0,0,-286.0
coef1,0,0,2,0.68,0.2,131,14384,10335,0,0,-288.0
coef1,0,0,2,0.68,0.2,132,14494,10423,0,0,-290.0
coef1,0,0,2,0.68,0.2,133,14604,10511,0,0,-292.0
coef1,0,0,2,0.68,0.2,134,14714,10599,0,0,-294.0
coef1,0,0,2,0.68,0.2,135,14824,10687,0,0,-297.0
coef1,0,0,2,0.68,0.2,136,14933,10775,0,0,-299.0
coef1,0,0,2,0.68,0.2,137,15043,10863,0,0,-301.0
coef1,0,0,2,0.68,0.2,138,15153,10952,0,0,-303.0
coef1,0,0,2,0.68,0.2,139,15263,11041,0,0,-306.0
coef1,0,0,2,0.68,0.2,140,15373,11130,0,0,-308.0
coef1,0,0,2,0.68,0.2,141,15482,11219,0,0,-310.0
coef1,0,0,2,0.68,0.2,142,15592,11309,0,0,-312.0
coef1,0,0,2,0.68,0.2,143,15702,11398,0,0,-315.0
coef1,0,0,2,0.68,0.2,144,15812,11488,0,0,-317.0
coef1,0,0,2,0.68,0.2,145,15922,11579,0,0,-318.0
coef1,0,0,2,0.68,0.2,146,16031,11668,0,0,-321.0
coef1,0,0,2,0.68,0.2,147,16141,11759,0,0,-323.0
coef1,0,0,2,0.68,0.2,148,16251,11850,0,0,-325.0
coef1,0,0,2,0.68,0.2,149,16361,11941,0,0,-328.0
coef1,0,0,2,0.68,0.2,150,16471,12033,0,0,-329.0
coef1,0,0,2,0.68,0.2,151,16580,12123,0,0,-332.0
coef1,0,0,2,0.68,0.2,152,16690,12215,0,0,-334.0
coef1,0,0,2,0.68,0.2,153,16800,12307,0,0,-336.0
coef1,0,0,2,0.68,0.2,154,16910,12399,0,0,-339.0
coef1,0,0,2,0.68,0.2,155,17020,12492,0,0,-341.0
coef1,0,0,2,0.68,0.2,156,17129,12584,0,0,-343.0
coef1,0,0,2,0.68,0.2,157,17239,12677,0,0,-345.0
coef1,0,0,2,0.68,0.2,158,17349,12770,0,0,-347.0
coef1,0,0,2,0.68,0.2,159,17459,12863,0,0,-350.0
coef1,0,0,2,0.68,0.2,160,17569,12957,0,0,-352.0
coef1,0,0,2,0.68,0.2,161,17678,13050,0,0,-354.0
coef1,0,0,2,0.68,0.2,162,17788,13144,0,0,-356.0
coef1,0,0,2,0.68,0.2,163,17898,13239,0,0,-358.0
coef1,0,0,2,0.68,0.2,164,18008,13333,0,0,-361.0
coef1,0,0,2,0.68,0.2,165,18118,13428,0,0,-363.0
coef1,0,0,2,0.68,0.2,166,18227,13522,0,0,-365.0
coef1,0,0,2,0.68,0.2,167,18337,13618,0,0,-367.0
coef1,0,0,2,0.68,0.2,168,18447,13713,0,0,-369.0
coef1,0,0,2,0.68,0.2,169,18557,13809,0,0,-371.0
coef1,0,0,2,0.68,0.2,170,18667,13905,0,0,-374.0
coef1,0,0,2,0.68,0.2,171,18776,14001,0,0,-375.0
coef1,0,0,2,0.68,0.2,172,18886,14097,0,0,-378.0
coef1,0,0,2,0.68,0.2,173,18996,14194,0,0,-380.0
coef1,0,0,2,0.68,0.2,174,19106,14291,0,0,-383.0
coef1,0,0,2,0.68,0.2,175,19216,14388,0,0,-385.0
coef1,0,0,2,0.68,0.2,176,19325,14485,0,0,-387.0
coef1,0,0,2,0.68,0.2,177,19435,14583,0,0,-389.0
coef1,0,0,2,0.68,0.2,178,19545,14681,0,0,-392.0
coef1,0,0,2,0.68,0.2,179,19655,14780,0,0,-393.0
coef1,0,0,2,0.68,0.2,180,19765,14878,0,0,-396.0
coef1,0,0,2,0.68,0.2,181,19875,14977,0,0,-398.0
coef1,0,0,2,0.68,0.2,182,19984,15076,0,0,-400.0
coef1,0,0,2,0.68,0.2,183,20094,15175,0,0,-402.0
coef1,0,0,2,0.68,0.2,184,20204,15275,0,0,-404.0
coef1,0,0,2,0.68,0.2,185,20314,15375,0,0,-407.0
coef1,0,0,2,0.68,0.2,186,20424,15475,0,0,-409.0
coef1,0,0,2,0.68,0.2,187,20533,15575,0,0,-411.0
coef1,0,0,2,0.68,0.2,188,20643,15676,0,0,-413.0
coef1,0,0,2,0.68,0.2,189,20753,15777,0,0,-415.0
coef1,0,0,2,0.68,0.2,190,20863,15878,0,0,-418.0
coef1,0,0,2,0.68,0.2,191,20973,15980,0,0,-420.0
coef1,0,0,2,0.68,0.2,192,21082,16081,0,0,-422.0
coef1,0,0,2,0.68,0.2,193,21192,16183,0,0,-425.0
coef1,0,0,2,0.68,0.2,194,21302,16286,0,0,-426.0
coef1,0,0,2,0.68,0.2,195,21412,16389,0,0,-428.0
coef1,0,0,2,0.68,0.2,196,21522,16492,0,0,-431.0
coef1,0,0,2,0.68,0.2,197,21631,16594,0,0,-433.0
coef1,0,0,2,0.68,0.2,198,21741,16698,0,0,-435.0
coef1,0,0,2,0.68,0.2,199,21851,16802,0,0,-437.0
coef1,0,0,2,0.68,0.2,200,21961,16906,0,0,-440.0
coef1,0,0,2,0.68,0.2,201,22071,17011,0,0,-442.0
coef1,0,0,2,0.68,0.2,202,22180,17115,0,0,-444.0
coef1,0,0,2,0.68,0.2,203,22290,17220,0,0,-446.0
coef1,0,0,2,0.68,0.2,204,22400,17325,0,0,-449.0
coef1,0,0,2,0.68,0.2,205,22510,17431,0,0,-451.0
coef1,0,0,2,0.68,0.2,206,22620,17537,0,0,-453.0
coef1,0,0,2,0.68,0.2,207,22729,17643,0,0,-455.0
coef1,0,0,2,0.68,0.2,208,22839,17750,0,0,-457.0
coef1,0,0,2,0.68,0.2,209,22949,17857,0,0,-459.0
coef1,0,0,2,0.68,0.2,210,23059,17964,0,0,-461.0
coef1,0,0,2,0.68,0.2,211,23169,18071,0,0,-464.0
coef1,0,0,2,0.68,0.2,212,23278,18178,0,0,-466.0
coef1,0,0,2,0.68,0.2,213,23388,18287,0,0,-468.0
coef1,0,0,2,0.68,0.2,214,23498,18395,0,0,-471.0
coef1,0,0,2,0.68,0.2,215,23608,18504,0,0,-473.0
coef1,0,0,2,0.68,0.2,216,23718,18613,0,0,-475.0
coef1,0,0,2,0.68,0.2,217,23827,18722,0,0,-477.0
coef1,0,0,2,0.68,0.2,218,23937,18832,0,0,-479.0
coef1,0,0,2,0.68,0.2,219,24047,18942,0,0,-481.0
coef1,0,0,2,0.68,0.2,220,24157,19053,0,0,-483.0
coef1,0,0,2,0.68,0.2,221,24267,19163,0,0,-486.0
coef1,0,0,2,0.68,0.2,222,24376,19274,0,0,-488.0
coef1,0,0,2,0.68,0.2,223,24486,19385,0,0,-490.0
coef1,0,0,2,0.68,0.2,224,24596,19497,0,0,-492.0
coef1,0,0,2,0.68,0.2,225,24706,19609,0,0,-495.0
coef1,0,0,2,0.68,0.2,226,24816,19721,0,0,-497.0
coef1,0,0,2,0.68,0.2,227,24925,19833,0,0,-499.0
coef1,0,0,2,0.68,0.2,228,25035,19946,0,0,-502.0
coef1,0,0,2,0.68,0.2,229,25145,20060,0,0,-503.0
coef1,0,0,2,0.68,0.2,230,25255,20174,0,0,-505.0
coef1,0,0,2,0.68,0.2,231,25365,20288,0,0,-508.0
coef1,0,0,2,0.68,0.2,232,25475,20402,0,0,-510.0
coef1,0,0,2,0.68,0.2,233,25584,20516,0,0,-512.0
coef1,0,0,2,0.68,0.2,234,25694,20631,0,0,-515.0
coef1,0,0,2,0.68,0.2,235,25804,20747,0,0,-517.0
coef1,0,0,2,0.68,0.2,236,25914,20863,0,0,-519.0
coef1,0,0,2,0.68,0.2,237,26024,20979,0,0,-521.0
coef1,0,0,2,0.68,0.2,238,26133,21095,0,0,-523.0
coef1,0,0,2,0.68,0.2,239,26243,21212,0,0,-525.0
coef1,0,0,2,0.68,0.2,240,26353,21329,0,0,-528.0
coef1,0,0,2,0.68,0.2,241,26463,21447,0,0,-529.0
coef1,0,0,2,0.68,0.2,242,26573,21565,0,0,-532.0
coef1,0,0,2,0.68,0.2,243,26682,21682,0,0,-534.0
coef1,0,0,2,0.68,0.2,244,26792,21801,0,0,-536.0
coef1,0,0,2,0.68,0.2,245,26902,21920,0,0,-538.0
coef1,0,0,2,0.68,0.2,246,27012,22039,0,0,-541.0
coef1,0,0,2,0.68,0.2,247,27122,22159,0,0,-543.0
coef1,0,0,2,0.68,0.2,248,27231,22278,0,0,-545.0
coef1,0,0,2,0.68,0.2,249,27341,22399,0,0,-547.0
coef1,0,0,2,0.68,0.2,250,27451,22520,0,0,-549.0
coef1,0,0,2,0.68,0.2,251,27561,22641,0,0,-552.0
coef1,0,0,2,0.68,0.2,252,27671,22763,0,0,-554.0
coef1,0,0,2,0.68,0.2,253,27780,22884,0,0,-556.0
coef1,0,0,2,0.68,0.2,254,27890,23006,0,0,-558.0
coef1,0,0,2,0.68,0.2,255,28000,23129,0,0,-560.0
coef1,1,1,2,0.69,0.2,0,0,0,0,0,0.0
coef1,1,1,2,0.69,0.2,1,110,76,0,0,-1.0
coef1,1,1,2,0.69,0.2,2,220,152,0,0,-2.0
coef1,1,1,2,0.69,0.2,3,329,227,0,0,-3.0
coef1,1,1,2,0.69,0.2,4,439,303,0,0,-4.0
coef1,1,1,2,0.69,0.2,5,549,379,0,0,-5.0
coef1,1,1,2,0.69,0.2,6,659,455,0,0,-6.0
coef1,1,1,2,0.69,0.2,7,769,531,0,0,-7.0
coef1,1,1,2,0.69,0.2,8,878,606,0,0,-9.0
coef1,1,1,2,0.69,0.2,9,988,682,0,0,-10.0
coef1,1,1,2,0.69,0.2,10,1098,758,0,0,-11.0
coef1,1,1,2,0.69,0.2,11,1208,834,0,0,-12.0
coef1,1,1,2,0.69,0.2,12,1318,910,0,0,-13.0
coef1,1,1,2,0.69,0.2,13,1427,985,0,0,-14.0
coef1,1,1,2,0.69,0.2,14,1537,1061,0,0,-16.0
coef1,1,1,2,0.69,0.2,15,1647,1137,0,0,-17.0
coef1,1,1,2,0.69,0.2,16,1757,1213,0,0,-18.0
coef1,1,1,2,0.69,0.2,17,1867,1289,0,0,-19.0
coef1,1,1,2,0.69,0.2,18,1976,1365,0,0,-20.0
coef1,1,1,2,0.69,0.2,19,2086,1441,0,0,-21.0
coef1,1,1,2,0.69,0.2,20,2196,1517,0,0,-22.0
coef1,1,1,2,0.69,0.2,21,2306,1593,0,0,-24.0
coef1,1,1,2,0.69,0.2,22,2416,1670,0,0,-24.0
coef1,1,1,2,0.69,0.2,23,2525,1745,0,0,-26.0
coef1,1,1,2,0.69,0.2,24,2635,1822,0,0,-26.0
coef1,1,1,2,0.69,0.2,25,2745,1898,0,0,-27.0
coef1,1,1,2,0.69,0.2,26,2855,1974,0,0,-29.0
coef1,1,1,2,0.69,0.2,27,2965,2051,0,0,-29.0
coef1,1,1,2,0.69,0.2,28,3075,2127,0,0,-31.0
coef1,1,1,2,0.69,0.2,29,3184,2203,0,0,-32.0
coef1,1,1,2,0.69,0.2,30,3294,2280,0,0,-32.0
coef1,1,1,2,0.69,0.2,31,3404,2356,0,0,-34.0
coef1,1,1,2,0.69,0.2,32,3514,2433,0,0,-35.0
coef1,1,1,2,0.69,0.2,33,3624,2509,0,0,-37.0
coef1,1,1,2,0.69,0.2,34,3733,2585,0,0,-38.0
coef1,1,1,2,0.69,0.2,35,3843,2662,0,0,-39.0
coef1,1,1,2,0.69,0.2,36,3953,2739,0,0,-40.0
coef1,1,1,2,0.69,0.2,37,4063,2816,0,0,-41.0
coef1,1,1,2,0.69,0.2,38,4173,2893,0,0,-42.0
coef1,1,1,2,0.69,0.2,39,4282,2969,0,0,-43.0
coef1,1,1,2,0.69,0.2,40,4392,3046,0,0,-44.0
coef1,1,1,2,0.69,0.2,41,4502,3123,0,0,-45.0
coef1,1,1,2,0.69,0.2,42,4612,3201,0,0,-46.0
coef1,1,1,2,0.69,0.2,43,4722,3278,0,0,-47.0
coef1,1,1,2,0.69,0.2,44,4831,3354,0,0,-49.0
coef1,1,1,2,0.69,0.2,45,4941,3432,0,0,-49.0
coef1,1,1,2,0.69,0.2,46,5051,3509,0,0,-51.0
coef1,1,1,2,0.69,0.2,47,5161,3587,0,0,-51.0
coef1,1,1,2,0.69,0.2,48,5271,3664,0,0,-53.0
coef1,1,1,2,0.69,0.2,49,5380,3741,0,0,-54.0
coef1,1,1,2,0.69,0.2,50,5490,3819,0,0,-55.0
coef1,1,1,2,0.69,0.2,51,5600,3897,0,0,-56.0
coef1,1,1,2,0.69,0.2,52,5710,3975,0,0,-57.0
coef1,1,1,2,0.69,0.2,53,5820,4053,0,0,-58.0
coef1,1,1,2,0.69,0.2,54,5929,4130,0,0,-59.0
coef1,1,1,2,0.69,0.2,55,6039,4208,0,0,-60.0
coef1,1,1,2,0.69,0.2,56,6149,4286,0,0,-62.0
coef1,1,1,2,0.69,0.2,57,6259,4364,0,0,-63.0
coef1,1,1,2,0.69,0.2,58,6369,4443,0,0,-64.0
coef1,1,1,2,0.69,0.2,59,6478,4520,0,0,-65.0
coef1,1,1,2,0.69,0.2,60,6588,4599,0,0,-66.0
coef1,1,1,2,0.69,0.2,61,6698,4678,0,0,-67.0
coef1,1,1,2,0.69,0.2,62,6808,4756,0,0,-68.0
coef1,1,1,2,0.69,0.2,63,6918,4835,0,0,-69.0
coef1,1,1,2,0.69,0.2,64,7027,4913,0,0,-71.0
coef1,1,1,2,0.69,0.2,65,7137,4992,0,0,-72.0
coef1,1,1,2,0.69,0.2,66,7247,5071,0,0,-73.0
coef1,1,1,2,0.69,0.2,67,7357,5151,0,0,-73.0
coef1,1,1,2,0.69,0.2,68,7467,5230,0,0,-75.0
coef1,1,1,2,0.69,0.2,69,7576,5308,0,0,-76.0
coef1,1,1,2,0.69,0.2,70,7686,5388,0,0,-77.0
coef1,1,1,2,0.69,0.2,71,7796,5468,0,0,-78.0
coef1,1,1,2,0.69,0.2,72,7906,5547,0,0,-79.0
coef1,1,1,2,0.69,0.2,73,8016,5627,0,0,-80.0
coef1,1,1,2,0.69,0.2,74,8125,5706,0,0,-82.0
coef1,1,1,2,0.69,0.2,75,8235,5786,0,0,-83.0
coef1,1,1,2,0.69,0.2,76,8345,5866,0,0,-84.0
coef1,1,1,2,0.69,0.2,77,8455,5947,0,0,-84.0
coef1,1,1,2,0.69,0.2,78,8565,6027,0,0,-86.0
coef1,1,1,2,0.69,0.2,79,8675,6107,0,0,-87.0
coef1,1,1,2,0.69,0.2,80,8784,6187,0,0,-88.0
coef1,1,1,2,0.69,0.2,81,8894,6268,0,0,-89.0
coef1,1,1,2,0.69,0.2,82,9004,6349,0,0,-90.0
coef1,1,1,2,0.69,0.2,83,9114,6430,0,0,-91.0
coef1,1,1,2,0.69,0.2,84,9224,6511,0,0,-92.0
coef1,1,1,2,0.69,0.2,85,9333,6591,0,0,-94.0
coef1,1,1,2,0.69,0.2,86,9443,6673,0,0,-94.0
coef1,1,1,2,0.69,0.2,87,9553,6754,0,0,-96.0
coef1,1,1,2,0.69,0.2,88,9663,6836,0,0,-96.0
coef1,1,1,2,0.69,0.2,89,9773,6917,0,0,-98.0
coef1,1,1,2,0.69,0.2,90,9882,6998,0,0,-99.0
coef1,1,1,2,0.69,0.2,91,9992,7080,0,0,-100.0
coef1,1,1,2,0.69,0.2,92,10102,7162,0,0,-102.0
coef1,1,1,2,0.69,0.2,93,10212,7245,0,0,-102.0
coef1,1,1,2,0.69,0.2,94,10322,7327,0,0,-103.0
coef1,1,1,2,0.69,0.2,95,10431,7409,0,0,-104.0
coef1,1,1,2,0.69,0.2,96,10541,7491,0,0,-106.0
coef1,1,1,2,0.69,0.2,97,10651,7574,0,0,-107.0
coef1,1,1,2,0.69,0.2,98,10761,7657,0,0,-108.0
coef1,1,1,2,0.69,0.2,99,10871,7740,0,0,-109.0
coef1,1,1,2,0.69,0.2,100,10980,7823,0,0,-110.0
coef1,1,1,2,0.69,0.2,101,11090,7906,0,0,-111.0
coef1,1,1,2,0.69,0.2,102,11200,7990,0,0,-112.0
coef1,1,1,2,0.69,0.2,103,11310,8073,0,0,-114.0
coef1,1,1,2,0.69,0.2,104,11420,8157,0,0,-115.0
coef1,1,1,2,0.69,0.2,105,11529,8240,0,0,-116.0
coef1,1,1,2,0.69,0.2,106,11639,8325,0,0,-116.0
coef1,1,1,2,0.69,0.2,107,11749,8409,0,0,-118.0
coef1,1,1,2,0.69,0.2,108,11859,8493,0,0,-119.0
coef1,1,1,2,0.69,0.2,109,11969,8578,0,0,-120.0
coef1,1,1,2,0.69,0.2,110,12078,8662,0,0,-121.0
coef1,1,1,2,0.69,0.2,111,12188,8747,0,0,-122.0
coef1,1,1,2,0.69,0.2,112,12298,8832,0,0,-123.0
coef1,1,1,2,0.69,0.2,113,12408,8917,0,0,-125.0
coef1,1,1,2,0.69,0.2,114,12518,9003,0,0,-125.0
coef1,1,1,2,0.69,0.2,115,12627,9088,0,0,-126.0
coef1,1,1,2,0.69,0.2,116,12737,9173,0,0,-128.0
coef1,1,1,2,0.69,0.2,117,12847,9259,0,0,-129.0
coef1,1,1,2,0.69,0.2,118,12957,9346,0,0,-129.0
coef1,1,1,2,0.69,0.2,119,13067,9432,0,0,-131.0
coef1,1,1,2,0.69,0.2,120,13176,9518,0,0,-131.0
coef1,1,1,2,0.69,0.2,121,13286,9604,0,0,-133.0
coef1,1,1,2,0.69,0.2,122,13396,9691,0,0,-134.0
coef1,1,1,2,0.69,0.2,123,13506,9778,0,0,-135.0
coef1,1,1,2,0.69,0.2,124,13616,9865,0,0,-137.0
coef1,1,1,2,0.69,0.2,125,13725,9952,0,0,-137.0
coef1,1,1,2,0.69,0.2,126,13835,10039,0,0,-139.0
coef1,1,1,2,0.69,0.2,127,13945,10127,0,0,-140.0
coef1,1,1,2,0.69,0.2,128,14055,10215,0,0,-141.0
coef1,1,1,2,0.69,0.2,129,14165,10303,0,0,-142.0
coef1,1,1,2,0.69,0.2,130,14275,10392,0,0,-143.0
coef1,1,1,2,0.69,0.2,131,14384,10479,0,0,-144.0
coef1,1,1,2,0.69,0.2,132,14494,10568,0,0,-145.0
coef1,1,1,2,0.69,0.2,133,14604,10657,0,0,-146.0
coef1,1,1,2,0.69,0.2,134,14714,10746,0,0,-147.0
coef1,1,1,2,0.69,0.2,135,14824,10835,0,0,-149.0
coef1,1,1,2,0.69,0.2,136,14933,10924,0,0,-150.0
coef1,1,1,2,0.69,0.2,137,15043,11014,0,0,-150.0
coef1,1,1,2,0.69,0.2,138,15153,11104,0,0,-151.0
coef1,1,1,2,0.69,0.2,139,15263,11194,0,0,-153.0
coef1,1,1,2,0.69,0.2,140,15373,11284,0,0,-154.0
coef1,1,1,2,0.69,0.2,141,15482,11374,0,0,-155.0
coef1,1,1,2,0.69,0.2,142,15592,11465,0,0,-156.0
coef1,1,1,2,0.69,0.2,143,15702,11556,0,0,-157.0
coef1,1,1,2,0.69,0.2,144,15812,11647,0,0,-158.0
coef1,1,1,2,0.69,0.2,145,15922,11738,0,0,-159.0
coef1,1,1,2,0.69,0.2,146,16031,11829,0,0,-160.0
coef1,1,1,2,0.69,0.2,147,16141,11921,0,0,-161.0
coef1,1,1,2,0.69,0.2,148,16251,12013,0,0,-162.0
coef1,1,1,2,0.69,0.2,149,16361,12105,0,0,-164.0
coef1,1,1,2,0.69,0.2,150,16471,12197,0,0,-165.0
coef1,1,1,2,0.69,0.2,151,16580,12289,0,0,-166.0
coef1,1,1,2,0.69,0.2,152,16690,12382,0,0,-167.0
coef1,1,1,2,0.69,0.2,153,16800,12475,0,0,-168.0
coef1,1,1,2,0.69,0.2,154,16910,12569,0,0,-169.0
coef1,1,1,2,0.69,0.2,155,17020,12662,0,0,-171.0
coef1,1,1,2,0.69,0.2,156,17129,12755,0,0,-172.0
coef1,1,1,2,0.69,0.2,157,17239,12849,0,0,-173.0
coef1,1,1,2,0.69,0.2,158,17349,12944,0,0,-173.0
coef1,1,1,2,0.69,0.2,159,17459,13038,0,0,-175.0
coef1,1,1,2,0.69,0.2,160,17569,13133,0,0,-176.0
coef1,1,1,2,0.69,0.2,161,17678,13227,0,0,-177.0
coef1,1,1,2,0.69,0.2,162,17788,13322,0,0,-178.0
coef1,1,1,2,0.69,0.2,163,17898,13418,0,0,-179.0
coef1,1,1,2,0.69,0.2,164,18008,13513,0,0,-181.0
coef1,1,1,2,0.69,0.2,165,18118,13609,0,0,-182.0
coef1,1,1,2,0.69,0.2,166,18227,13705,0,0,-182.0
coef1,1,1,2,0.69,0.2,167,18337,13801,0,0,-184.0
coef1,1,1,2,0.69,0.2,168,18447,13898,0,0,-184.0
coef1,1,1,2,0.69,0.2,169,18557,13995,0,0,-185.0
coef1,1,1,2,0.69,0.2,170,18667,14092,0,0,-187.0
coef1,1,1,2,0.69,0.2,171,18776,14188,0,0,-188.0
coef1,1,1,2,0.69,0.2,172,18886,14286,0,0,-189.0
coef1,1,1,2,0.69,0.2,173,18996,14384,0,0,-190.0
coef1,1,1,2,0.69,0.2,174,19106,14482,0,0,-192.0
coef1,1,1,2,0.69,0.2,175,19216,14581,0,0,-192.0
coef1,1,1,2,0.69,0.2,176,19325,14679,0,0,-193.0
coef1,1,1,2,0.69,0.2,177,19435,14778,0,0,-194.0
coef1,1,1,2,0.69,0.2,178,19545,14877,0,0,-196.0
coef1,1,1,2,0.69,0.2,179,19655,14976,0,0,-197.0
coef1,1,1,2,0.69,0.2,180,19765,15076,0,0,-198.0
coef1,1,1,2,0.69,0.2,181,19875,15176,0,0,-199.0
coef1,1,1,2,0.69,0.2,182,19984,15276,0,0,-200.0
coef1,1,1,2,0.69,0.2,183,20094,15376,0,0,-201.0
coef1,1,1,2,0.69,0.2,184,20204,15477,0,0,-202.0
coef1,1,1,2,0.69,0.2,185,20314,15578,0,0,-204.0
coef1,1,1,2,0.69,0.2,186,20424,15680,0,0,-204.0
coef1,1,1,2,0.69,0.2,187,20533,15780,0,0,-206.0
coef1,1,1,2,0.69,0.2,188,20643,15882,0,0,-207.0
coef1,1,1,2,0.69,0.2,189,20753,15985,0,0,-207.0
coef1,1,1,2,0.69,0.2,190,20863,16087,0,0,-209.0
coef1,1,1,2,0.69,0.2,191,20973,16190,0,0,-210.0
coef1,1,1,2,0.69,0.2,192,21082,16292,0,0,-211.0
coef1,1,1,2,0.69,0.2,193,21192,16395,0,0,-213.0
coef1,1,1,2,0.69,0.2,194,21302,16499,0,0,-213.0
coef1,1,1,2,0.69,0.2,195,21412,16603,0,0,-214.0
coef1,1,1,2,0.69,0.2,196,21522,16707,0,0,-216.0
coef1,1,1,2,0.69,0.2,197,21631,16811,0,0,-216.0
coef1,1,1,2,0.69,0.2,198,21741,16916,0,0,-217.0
coef1,1,1,2,0.69,0.2,199,21851,17021,0,0,-218.0
coef1,1,1,2,0.69,0.2,200,21961,17126,0,0,-220.0
coef1,1,1,2,0.69,0.2,201,22071,17232,0,0,-221.0
coef1,1,1,2,0.69,0.2,202,22180,17337,0,0,-222.0
coef1,1,1,2,0.69,0.2,203,22290,17443,0,0,-223.0
coef1,1,1,2,0.69,0.2,204,22400,17550,0,0,-224.0
coef1,1,1,2,0.69,0.2,205,22510,17657,0,0,-225.0
coef1,1,1,2,0.69,0.2,206,22620,17764,0,0,-226.0
coef1,1,1,2,0.69,0.2,207,22729,17870,0,0,-228.0
coef1,1,1,2,0.69,0.2,208,22839,17978,0,0,-229.0
coef1,1,1,2,0.69,0.2,209,22949,18086,0,0,-230.0
coef1,1,1,2,0.69,0.2,210,23059,18195,0,0,-230.0
coef1,1,1,2,0.69,0.2,211,23169,18303,0,0,-232.0
coef1,1,1,2,0.69,0.2,212,23278,18411,0,0,-233.0
coef1,1,1,2,0.69,0.2,213,23388,18521,0,0,-234.0
coef1,1,1,2,0.69,0.2,214,23498,18631,0,0,-235.0
coef1,1,1,2,0.69,0.2,215,23608,18741,0,0,-236.0
coef1,1,1,2,0.69,0.2,216,23718,18851,0,0,-237.0
coef1,1,1,2,0.69,0.2,217,23827,18960,0,0,-239.0
coef1,1,1,2,0.69,0.2,218,23937,19071,0,0,-240.0
coef1,1,1,2,0.69,0.2,219,24047,19183,0,0,-240.0
coef1,1,1,2,0.69,0.2,220,24157,19294,0,0,-242.0
coef1,1,1,2,0.69,0.2,221,24267,19406,0,0,-243.0
coef1,1,1,2,0.69,0.2,222,24376,19518,0,0,-244.0
coef1,1,1,2,0.69,0.2,223,24486,19630,0,0,-245.0
coef1,1,1,2,0.69,0.2,224,24596,19743,0,0,-246.0
coef1,1,1,2,0.69,0.2,225,24706,19856,0,0,-248.0
coef1,1,1,2,0.69,0.2,226,24816,19970,0,0,-248.0
coef1,1,1,2,0.69,0.2,227,24925,20083,0,0,-249.0
coef1,1,1,2,0.69,0.2,228,25035,20197,0,0,-251.0
coef1,1,1,2,0.69,0.2,229,25145,20312,0,0,-251.0
coef1,1,1,2,0.69,0.2,230,25255,20427,0,0,-252.0
coef1,1,1,2,0.69,0.2,231,25365,20542,0,0,-254.0
coef1,1,1,2,0.69,0.2,232,25475,20657,0,0,-255.0
coef1,1,1,2,0.69,0.2,233,25584,20772,0,0,-256.0
coef1,1,1,2,0.69,0.2,234,25694,20889,0,0,-257.0
coef1,1,1,2,0.69,0.2,235,25804,21005,0,0,-259.0
coef1,1,1,2,0.69,0.2,236,25914,21122,0,0,-260.0
coef1,1,1,2,0.69,0.2,237,26024,21240,0,0,-260.0
coef1,1,1,2,0.69,0.2,238,26133,21356,0,0,-262.0
coef1,1,1,2,0.69,0.2,239,26243,21474,0,0,-263.0
coef1,1,1,2,0.69,0.2,240,26353,21593,0,0,-264.0
coef1,1,1,2,0.69,0.2,241,26463,21712,0,0,-264.0
coef1,1,1,2,0.69,0.2,242,26573,21831,0,0,-266.0
coef1,1,1,2,0.69,0.2,243,26682,21949,0,0,-267.0
coef1,1,1,2,0.69,0.2,244,26792,22069,0,0,-268.0
coef1,1,1,2,0.69,0.2,245,26902,22189,0,0,-269.0
coef1,1,1,2,0.69,0.2,246,27012,22310,0,0,-270.0
coef1,1,1,2,0.69,0.2,247,27122,22431,0,0,-271.0
coef1,1,1,2,0.69,0.2,248,27231,22551,0,0,-272.0
coef1,1,1,2,0.69,0.2,249,27341,22673,0,0,-273.0
coef1,1,1,2,0.69,0.2,250,27451,22795,0,0,-274.0
coef1,1,1,2,0.69,0.2,251,27561,22917,0,0,-276.0
coef1,1,1,2,0.69,0.2,252,27671,23040,0,0,-277.0
coef1,1,1,2,0.69,0.2,253,27780,23162,0,0,-278.0
coef1,1,1,2,0.69,0.2,254,27890,23285,0,0,-279.0
coef1,1,1,2,0.69,0.2,255,28000,23409,0,0,-280.0
coef1,2,2,2,0.7,0.2,0,0,0,0,0,0.0
coef1,2,2,2,0.7,0.2,1,110,77,0,0,0.0
coef1,2,2,2,0.7,0.2,2,220,154,0,0,0.0
coef1,2,2,2,0.7,0.2,3,329,230,0,0,0.0
coef1,2,2,2,0.7,0.2,4,439,307,0,0,0.0
coef1,2,2,2,0.7,0.2,5,549,384,0,0,0.0
coef1,2,2,2,0.7,0.2,6,659,461,0,0,0.0
coef1,2,2,2,0.7,0.2,7,769,538,0,0,0.0
coef1,2,2,2,0.7,0.2,8,878,615,0,0,0.0
coef1,2,2,2,0.7,0.2,9,988,692,0,0,0.0
coef1,2,2,2,0.7,0.2,10,1098,769,0,0,0.0
coef1,2,2,2,0.7,0.2,11,1208,846,0,0,0.0
coef1,2,2,2,0.7,0.2,12,1318,923,0,0,0.0
coef1,2,2,2,0.7,0.2,13,1427,999,0,0,0.0
coef1,2,2,2,0.7,0.2,14,1537,1077,0,0,0.0
coef1,2,2,2,0.7,0.2,15,1647,1154,0,0,0.0
coef1,2,2,2,0.7,0.2,16,1757,1231,0,0,0.0
coef1,2,2,2,0.7,0.2,17,1867,1308,0,0,0.0
coef1,2,2,2,0.7,0.2,18,1976,1385,0,0,0.0
coef1,2,2,2,0.7,0.2,19,2086,1462,0,0,0.0
coef1,2,2,2,0.7,0.2,20,2196,1539,0,0,0.0
coef1,2,2,2,0.7,0.2,21,2306,1617,0,0,0.0
coef1,2,2,2,0.7,0.2,22,2416,1694,0,0,0.0
coef1,2,2,2,0.7,0.2,23,2525,1771,0,0,0.0
coef1,2,2,2,0.7,0.2,24,2635,1848,0,0,0.0
coef1,2,2,2,0.7,0.2,25,2745,1925,0,0,0.0
coef1,2,2,2,0.7,0.2,26,2855,2003,0,0,0.0
coef1,2,2,2,0.7,0.2,27,2965,2080,0,0,0.0
coef1,2,2,2,0.7,0.2,28,3075,2158,0,0,0.0
coef1,2,2,2,0.7,0.2,29,3184,2235,0,0,0.0
coef1,2,2,2,0.7,0.2,30,3294,2312,0,0,0.0
coef1,2,2,2,0.7,0.2,31,3404,2390,0,0,0.0
coef1,2,2,2,0.7,0.2,32,3514,2468,0,0,0.0
coef1,2,2,2,0.7,0.2,33,3624,2546,0,0,0.0
coef1,2,2,2,0.7,0.2,34,3733,2623,0,0,0.0
coef1,2,2,2,0.7,0.2,35,3843,2701,0,0,0.0
coef1,2,2,2,0.7,0.2,36,3953,2779,0,0,0.0
coef1,2,2,2,0.7,0.2,37,4063,2857,0,0,0.0
coef1,2,2,2,0.7,0.2,38,4173,2935,0,0,0.0
coef1,2,2,2,0.7,0.2,39,4282,3012,0,0,0.0
coef1,2,2,2,0.7,0.2,40,4392,3090,0,0,0.0
coef1,2,2,2,0.7,0.2,41,4502,3168,0,0,0.0
coef1,2,2,2,0.7,0.2,42,4612,3247,0,0,0.0
coef1,2,2,2,0.7,0.2,43,4722,3325,0,0,0.0
coef1,2,2,2,0.7,0.2,44,4831,3403,0,0,0.0
coef1,2,2,2,0.7,0.2,45,4941,3481,0,0,0.0
coef1,2,2,2,0.7,0.2,46,5051,3560,0,0,0.0
coef1,2,2,2,0.7,0.2,47,5161,3638,0,0,0.0
coef1,2,2,2,0.7,0.2,48,5271,3717,0,0,0.0
coef1,2,2,2,0.7,0.2,49,5380,3795,0,0,0.0
coef1,2,2,2,0.7,0.2,50,5490,3874,0,0,0.0
coef1,2,2,2,0.7,0.2,51,5600,3953,0,0,0.0
coef1,2,2,2,0.7,0.2,52,5710,4032,0,0,0.0
coef1,2,2,2,0.7,0.2,53,5820,4111,0,0,0.0
coef1,2,2,2,0.7,0.2,54,5929,4189,0,0,0.0
coef1,2,2,2,0.7,0.2,55,6039,4268,0,0,0.0
coef1,2,2,2,0.7,0.2,56,6149,4348,0,0,0.0
coef1,2,2,2,0.7,0.2,57,6259,4427,0,0,0.0
coef1,2,2,2,0.7,0.2,58,6369,4507,0,0,0.0
coef1,2,2,2,0.7,0.2,59,6478,4585,0,0,0.0
coef1,2,2,2,0.7,0.2,60,6588,4665,0,0,0.0
coef1,2,2,2,0.7,0.2,61,6698,4745,0,0,0.0
coef1,2,2,2,0.7,0.2,62,6808,4824,0,0,0.0
coef1,2,2,2,0.7,0.2,63,6918,4904,0,0,0.0
coef1,2,2,2,0.7,0.2,64,7027,4984,0,0,0.0
coef1,2,2,2,0.7,0.2,65,7137,5064,0,0,0.0
coef1,2,2,2,0.7,0.2,66,7247,5144,0,0,0.0
coef1,2,2,2,0.7,0.2,67,7357,5224,0,0,0.0
coef1,2,2,2,0.7,0.2,68,7467,5305,0,0,0.0
coef1,2,2,2,0.7,0.2,69,7576,5384,0,0,0.0
coef1,2,2,2,0.7,0.2,70,7686,5465,0,0,0.0
coef1,2,2,2,0.7,0.2,71,7796,5546,0,0,0.0
coef1,2,2,2,0.7,0.2,72,7906,5626,0,0,0.0
coef1,2,2,2,0.7,0.2,73,8016,5707,0,0,0.0
coef1,2,2,2,0.7,0.2,74,8125,5788,0,0,0.0
coef1,2,2,2,0.7,0.2,75,8235,5869,0,0,0.0
coef1,2,2,2,0.7,0.2,76,8345,5950,0,0,0.0
coef1,2,2,2,0.7,0.2,77,8455,6031,0,0,0.0
coef1,2,2,2,0.7,0.2,78,8565,6113,0,0,0.0
coef1,2,2,2,0.7,0.2,79,8675,6194,0,0,0.0
coef1,2,2,2,0.7,0.2,80,8784,6275,0,0,0.0
coef1,2,2,2,0.7,0.2,81,8894,6357,0,0,0.0
coef1,2,2,2,0.7,0.2,82,9004,6439,0,0,0.0
coef1,2,2,2,0.7,0.2,83,9114,6521,0,0,0.0
coef1,2,2,2,0.7,0.2,84,9224,6603,0,0,0.0
coef1,2,2,2,0.7,0.2,85,9333,6685,0,0,0.0
coef1,2,2,2,0.7,0.2,86,9443,6767,0,0,0.0
coef1,2,2,2,0.7,0.2,87,9553,6850,0,0,0.0
coef1,2,2,2,0.7,0.2,88,9663,6932,0,0,0.0
coef1,2,2,2,0.7,0.2,89,9773,7015,0,0,0.0
coef1,2,2,2,0.7,0.2,90,9882,7097,0,0,0.0
coef1,2,2,2,0.7,0.2,91,9992,7180,0,0,0.0
coef1,2,2,2,0.7,0.2,92,10102,7264,0,0,0.0
coef1,2,2,2,0.7,0.2,93,10212,7347,0,0,0.0
coef1,2,2,2,0.7,0.2,94,10322,7430,0,0,0.0
coef1,2,2,2,0.7,0.2,95,10431,7513,0,0,0.0
coef1,2,2,2,0.7,0.2,96,10541,7597,0,0,0.0
coef1,2,2,2,0.7,0.2,97,10651,7681,0,0,0.0
coef1,2,2,2,0.7,0.2,98,10761,7765,0,0,0.0
coef1,2,2,2,0.7,0.2,99,10871,7849,0,0,0.0
coef1,2,2,2,0.7,0.2,100,10980,7933,0,0,0.0
coef1,2,2,2,0.7,0.2,101,11090,8017,0,0,0.0
coef1,2,2,2,0.7,0.2,102,11200,8102,0,0,0.0
coef1,2,2,2,0.7,0.2,103,11310,8187,0,0,0.0
coef1,2,2,2,0.7,0.2,104,11420,8272,0,0,0.0
coef1,2,2,2,0.7,0.2,105,11529,8356,0,0,0.0
coef1,2,2,2,0.7,0.2,106,11639,8441,0,0,0.0
coef1,2,2,2,0.7,0.2,107,11749,8527,0,0,0.0
coef1,2,2,2,0.7,0.2,108,11859,8612,0,0,0.0
coef1,2,2,2,0.7,0.2,109,11969,8698,0,0,0.0
coef1,2,2,2,0.7,0.2,110,12078,8783,0,0,0.0
coef1,2,2,2,0.7,0.2,111,12188,8869,0,0,0.0
coef1,2,2,2,0.7,0.2,112,12298,8955,0,0,0.0
coef1,2,2,2,0.7,0.2,113,12408,9042,0,0,0.0
coef1,2,2,2,0.7,0.2,114,12518,9128,0,0,0.0
coef1,2,2,2,0.7,0.2,115,12627,9214,0,0,0.0
coef1,2,2,2,0.7,0.2,116,12737,9301,0,0,0.0
coef1,2,2,2,0.7,0.2,117,12847,9388,0,0,0.0
coef1,2,2,2,0.7,0.2,118,12957,9475,0,0,0.0
coef1,2,2,2,0.7,0.2,119,13067,9563,0,0,0.0
coef1,2,2,2,0.7,0.2,120,13176,9649,0,0,0.0
coef1,2,2,2,0.7,0.2,121,13286,9737,0,0,0.0
coef1,2,2,2,0.7,0.2,122,13396,9825,0,0,0.0
coef1,2,2,2,0.7,0.2,123,13506,9913,0,0,0.0
coef1,2,2,2,0.7,0.2,124,13616,10002,0,0,0.0
coef1,2,2,2,0.7,0.2,125,13725,10089,0,0,0.0
coef1,2,2,2,0.7,0.2,126,13835,10178,0,0,0.0
coef1,2,2,2,0.7,0.2,127,13945,10267,0,0,0.0
coef1,2,2,2,0.7,0.2,128,14055,10356,0,0,0.0
coef1,2,2,2,0.7,0.2,129,14165,10445,0,0,0.0
coef1,2,2,2,0.7,0.2,130,14275,10535,0,0,0.0
coef1,2,2,2,0.7,0.2,131,14384,10623,0,0,0.0
coef1,2,2,2,0.7,0.2,132,14494,10713,0,0,0.0
coef1,2,2,2,0.7,0.2,133,14604,10803,0,0,0.0
coef1,2,2,2,0.7,0.2,134,14714,10893,0,0,0.0
coef1,2,2,2,0.7,0.2,135,14824,10984,0,0,0.0
coef1,2,2,2,0.7,0.2,136,14933,11074,0,0,0.0
coef1,2,2,2,0.7,0.2,137,15043,11164,0,0,0.0
coef1,2,2,2,0.7,0.2,138,15153,11255,0,0,0.0
coef1,2,2,2,0.7,0.2,139,15263,11347,0,0,0.0
coef1,2,2,2,0.7,0.2,140,15373,11438,0,0,0.0
coef1,2,2,2,0.7,0.2,141,15482,11529,0,0,0.0
coef1,2,2,2,0.7,0.2,142,15592,11621,0,0,0.0
coef1,2,2,2,0.7,0.2,143,15702,11713,0,0,0.0
coef1,2,2,2,0.7,0.2,144,15812,11805,0,0,0.0
coef1,2,2,2,0.7,0.2,145,15922,11897,0,0,0.0
coef1,2,2,2,0.7,0.2,146,16031,11989,0,0,0.0
coef1,2,2,2,0.7,0.2,147,16141,12082,0,0,0.0
coef1,2,2,2,0.7,0.2,148,16251,12175,0,0,0.0
coef1,2,2,2,0.7,0.2,149,16361,12269,0,0,0.0
coef1,2,2,2,0.7,0.2,150,16471,12362,0,0,0.0
coef1,2,2,2,0.7,0.2,151,16580,12455,0,0,0.0
coef1,2,2,2,0.7,0.2,152,16690,12549,0,0,0.0
coef1,2,2,2,0.7,0.2,153,16800,12643,0,0,0.0
coef1,2,2,2,0.7,0.2,154,16910,12738,0,0,0.0
coef1,2,2,2,0.7,0.2,155,17020,12833,0,0,0.0
coef1,2,2,2,0.7,0.2,156,17129,12927,0,0,0.0
coef1,2,2,2,0.7,0.2,157,17239,13022,0,0,0.0
coef1,2,2,2,0.7,0.2,158,17349,13117,0,0,0.0
coef1,2,2,2,0.7,0.2,159,17459,13213,0,0,0.0
coef1,2,2,2,0.7,0.2,160,17569,13309,0,0,0.0
coef1,2,2,2,0.7,0.2,161,17678,13404,0,0,0.0
coef1,2,2,2,0.7,0.2,162,17788,13500,0,0,0.0
coef1,2,2,2,0.7,0.2,163,17898,13597,0,0,0.0
coef1,2,2,2,0.7,0.2,164,18008,13694,0,0,0.0
coef1,2,2,2,0.7,0.2,165,18118,13791,0,0,0.0
coef1,2,2,2,0.7,0.2,166,18227,13887,0,0,0.0
coef1,2,2,2,0.7,0.2,167,18337,13985,0,0,0.0
coef1,2,2,2,0.7,0.2,168,18447,14082,0,0,0.0
coef1,2,2,2,0.7,0.2,169,18557,14180,0,0,0.0
coef1,2,2,2,0.7,0.2,170,18667,14279,0,0,0.0
coef1,2,2,2,0.7,0.2,171,18776,14376,0,0,0.0
coef1,2,2,2,0.7,0.2,172,18886,14475,0,0,0.0
coef1,2,2,2,0.7,0.2,173,18996,14574,0,0,0.0
coef1,2,2,2,0.7,0.2,174,19106,14674,0,0,0.0
coef1,2,2,2,0.7,0.2,175,19216,14773,0,0,0.0
coef1,2,2,2,0.7,0.2,176,19325,14872,0,0,0.0
coef1,2,2,2,0.7,0.2,177,19435,14972,0,0,0.0
coef1,2,2,2,0.7,0.2,178,19545,15073,0,0,0.0
coef1,2,2,2,0.7,0.2,179,19655,15173,0,0,0.0
coef1,2,2,2,0.7,0.2,180,19765,15274,0,0,0.0
coef1,2,2,2,0.7,0.2,181,19875,15375,0,0,0.0
coef1,2,2,2,0.7,0.2,182,19984,15476,0,0,0.0
coef1,2,2,2,0.7,0.2,183,20094,15577,0,0,0.0
coef1,2,2,2,0.7,0.2,184,20204,15679,0,0,0.0
coef1,2,2,2,0.7,0.2,185,20314,15782,0,0,0.0
coef1,2,2,2,0.7,0.2,186,20424,15884,0,0,0.0
coef1,2,2,2,0.7,0.2,187,20533,15986,0,0,0.0
coef1,2,2,2,0.7,0.2,188,20643,16089,0,0,0.0
coef1,2,2,2,0.7,0.2,189,20753,16192,0,0,0.0
coef1,2,2,2,0.7,0.2,190,20863,16296,0,0,0.0
coef1,2,2,2,0.7,0.2,191,20973,16400,0,0,0.0
coef1,2,2,2,0.7,0.2,192,21082,16503,0,0,0.0
coef1,2,2,2,0.7,0.2,193,21192,16608,0,0,0.0
coef1,2,2,2,0.7,0.2,194,21302,16712,0,0,0.0
coef1,2,2,2,0.7,0.2,195,21412,16817,0,0,0.0
coef1,2,2,2,0.7,0.2,196,21522,16923,0,0,0.0
coef1,2,2,2,0.7,0.2,197,21631,17027,0,0,0.0
coef1,2,2,2,0.7,0.2,198,21741,17133,0,0,0.0
coef1,2,2,2,0.7,0.2,199,21851,17239,0,0,0.0
coef1,2,2,2,0.7,0.2,200,21961,17346,0,0,0.0
coef1,2,2,2,0.7,0.2,201,22071,17453,0,0,0.0
coef1,2,2,2,0.7,0.2,202,22180,17559,0,0,0.0
coef1,2,2,2,0.7,0.2,203,22290,17666,0,0,0.0
coef1,2,2,2,0.7,0.2,204,22400,17774,0,0,0.0
coef1,2,2,2,0.7,0.2,205,22510,17882,0,0,0.0
coef1,2,2,2,0.7,0.2,206,22620,17990,0,0,0.0
coef1,2,2,2,0.7,0.2,207,22729,18098,0,0,0.0
coef1,2,2,2,0.7,0.2,208,22839,18207,0,0,0.0
coef1,2,2,2,0.7,0.2,209,22949,18316,0,0,0.0
coef1,2,2,2,0.7,0.2,210,23059,18425,0,0,0.0
coef1,2,2,2,0.7,0.2,211,23169,18535,0,0,0.0
coef1,2,2,2,0.7,0.2,212,23278,18644,0,0,0.0
coef1,2,2,2,0.7,0.2,213,23388,18755,0,0,0.0
coef1,2,2,2,0.7,0.2,214,23498,18866,0,0,0.0
coef1,2,2,2,0.7,0.2,215,23608,18977,0,0,0.0
coef1,2,2,2,0.7,0.2,216,23718,19088,0,0,0.0
coef1,2,2,2,0.7,0.2,217,23827,19199,0,0,0.0
coef1,2,2,2,0.7,0.2,218,23937,19311,0,0,0.0
coef1,2,2,2,0.7,0.2,219,24047,19423,0,0,0.0
coef1,2,2,2,0.7,0.2,220,24157,19536,0,0,0.0
coef1,2,2,2,0.7,0.2,221,24267,19649,0,0,0.0
coef1,2,2,2,0.7,0.2,222,24376,19762,0,0,0.0
coef1,2,2,2,0.7,0.2,223,24486,19875,0,0,0.0
coef1,2,2,2,0.7,0.2,224,24596,19989,0,0,0.0
coef1,2,2,2,0.7,0.2,225,24706,20104,0,0,0.0
coef1,2,2,2,0.7,0.2,226,24816,20218,0,0,0.0
coef1,2,2,2,0.7,0.2,227,24925,20332,0,0,0.0
coef1,2,2,2,0.7,0.2,228,25035,20448,0,0,0.0
coef1,2,2,2,0.7,0.2,229,25145,20563,0,0,0.0
coef1,2,2,2,0.7,0.2,230,25255,20679,0,0,0.0
coef1,2,2,2,0.7,0.2,231,25365,20796,0,0,0.0
coef1,2,2,2,0.7,0.2,232,25475,20912,0,0,0.0
coef1,2,2,2,0.7,0.2,233,25584,21028,0,0,0.0
coef1,2,2,2,0.7,0.2,234,25694,21146,0,0,0.0
coef1,2,2,2,0.7,0.2,235,25804,21264,0,0,0.0
coef1,2,2,2,0.7,0.2,236,25914,21382,0,0,0.0
coef1,2,2,2,0.7,0.2,237,26024,21500,0,0,0.0
coef1,2,2,2,0.7,0.2,238,26133,21618,0,0,0.0
coef1,2,2,2,0.7,0.2,239,26243,21737,0,0,0.0
coef1,2,2,2,0.7,0.2,240,26353,21857,0,0,0.0
coef1,2,2,2,0.7,0.2,241,26463,21976,0,0,0.0
coef1,2,2,2,0.7,0.2,242,26573,22097,0,0,0.0
coef1,2,2,2,0.7,0.2,243,26682,22216,0,0,0.0
coef1,2,2,2,0.7,0.2,244,26792,22337,0,0,0.0
coef1,2,2,2,0.7,0.2,245,26902,22458,0,0,0.0
coef1,2,2,2,0.7,0.2,246,27012,22580,0,0,0.0
coef1,2,2,2,0.7,0.2,247,27122,22702,0,0,0.0
coef1,2,2,2,0.7,0.2,248,27231,22823,0,0,0.0
coef1,2,2,2,0.7,0.2,249,27341,22946,0,0,0.0
coef1,2,2,2,0.7,0.2,250,27451,23069,0,0,0.0
coef1,2,2,2,0.7,0.2,251,27561,23193,0,0,0.0
coef1,2,2,2,0.7,0.2,252,27671,23317,0,0,0.0
coef1,2,2,2,0.7,0.2,253,27780,23440,0,0,0.0
coef1,2,2,2,0.7,0.2,254,27890,23564,0,0,0.0
coef1,2,2,2,0.7,0.2,255,28000,23689,0,0,0.0
coef1,3,3,2,0.71,0.2,0,0,0,0,0,0.0
coef1,3,3,2,0.71,0.2,1,110,78,0,0,1.0
coef1,3,3,2,0.71,0.2,2,220,156,0,0,2.0
coef1,3,3,2,0.71,0.2,3,329,234,0,0,4.0
coef1,3,3,2,0.71,0.2,4,439,312,0,0,5.0
coef1,3,3,2,0.71,0.2,5,549,390,0,0,6.0
coef1,3,3,2,0.71,0.2,6,659,468,0,0,7.0
coef1,3,3,2,0.71,0.2,7,769,546,0,0,8.0
coef1,3,3,2,0.71,0.2,8,878,623,0,0,8.0
coef1,3,3,2,0.71,0.2,9,988,702,0,0,10.0
coef1,3,3,2,0.71,0.2,10,1098,780,0,0,11.0
coef1,3,3,2,0.71,0.2,11,1208,858,0,0,12.0
coef1,3,3,2,0.71,0.2,12,1318,936,0,0,13.0
coef1,3,3,2,0.71,0.2,13,1427,1014,0,0,15.0
coef1,3,3,2,0.71,0.2,14,1537,1092,0,0,15.0
coef1,3,3,2,0.71,0.2,15,1647,1170,0,0,16.0
coef1,3,3,2,0.71,0.2,16,1757,1248,0,0,17.0
coef1,3,3,2,0.71,0.2,17,1867,1327,0,0,19.0
coef1,3,3,2,0.71,0.2,18,1976,1404,0,0,19.0
coef1,3,3,2,0.71,0.2,19,2086,1483,0,0,21.0
coef1,3,3,2,0.71,0.2,20,2196,1561,0,0,22.0
coef1,3,3,2,0.71,0.2,21,2306,1640,0,0,23.0
coef1,3,3,2,0.71,0.2,22,2416,1718,0,0,24.0
coef1,3,3,2,0.71,0.2,23,2525,1796,0,0,25.0
coef1,3,3,2,0.71,0.2,24,2635,1874,0,0,26.0
coef1,3,3,2,0.71,0.2,25,2745,1953,0,0,28.0
coef1,3,3,2,0.71,0.2,26,2855,2031,0,0,28.0
coef1,3,3,2,0.71,0.2,27,2965,2110,0,0,30.0
coef1,3,3,2,0.71,0.2,28,3075,2189,0,0,31.0
coef1,3,3,2,0.71,0.2,29,3184,2267,0,0,32.0
coef1,3,3,2,0.71,0.2,30,3294,2345,0,0,33.0
coef1,3,3,2,0.71,0.2,31,3404,2424,0,0,34.0
coef1,3,3,2,0.71,0.2,32,3514,2503,0,0,35.0
coef1,3,3,2,0.71,0.2,33,3624,2582,0,0,36.0
coef1,3,3,2,0.71,0.2,34,3733,2660,0,0,37.0
coef1,3,3,2,0.71,0.2,35,3843,2739,0,0,38.0
coef1,3,3,2,0.71,0.2,36,3953,2818,0,0,39.0
coef1,3,3,2,0.71,0.2,37,4063,2897,0,0,40.0
coef1,3,3,2,0.71,0.2,38,4173,2976,0,0,41.0
coef1,3,3,2,0.71,0.2,39,4282,3055,0,0,43.0
coef1,3,3,2,0.71,0.2,40,4392,3134,0,0,44.0
coef1,3,3,2,0.71,0.2,41,4502,3213,0,0,45.0
coef1,3,3,2,0.71,0.2,42,4612,3293,0,0,46.0
coef1,3,3,2,0.71,0.2,43,4722,3372,0,0,47.0
coef1,3,3,2,0.71,0.2,44,4831,3451,0,0,48.0
coef1,3,3,2,0.71,0.2,45,4941,3531,0,0,50.0
coef1,3,3,2,0.71,0.2,46,5051,3610,0,0,50.0
coef1,3,3,2,0.71,0.2,47,5161,3690,0,0,52.0
coef1,3,3,2,0.71,0.2,48,5271,3770,0,0,53.0
coef1,3,3,2,0.71,0.2,49,5380,3849,0,0,54.0
coef1,3,3,2,0.71,0.2,50,5490,3929,0,0,55.0
coef1,3,3,2,0.71,0.2,51,5600,4009,0,0,56.0
coef1,3,3,2,0.71,0.2,52,5710,4089,0,0,57.0
coef1,3,3,2,0.71,0.2,53,5820,4169,0,0,58.0
coef1,3,3,2,0.71,0.2,54,5929,4248,0,0,59.0
coef1,3,3,2,0.71,0.2,55,6039,4329,0,0,61.0
coef1,3,3,2,0.71,0.2,56,6149,4409,0,0,61.0
coef1,3,3,2,0.71,0.2,57,6259,4490,0,0,63.0
coef1,3,3,2,0.71,0.2,58,6369,4570,0,0,63.0
coef1,3,3,2,0.71,0.2,59,6478,4650,0,0,65.0
coef1,3,3,2,0.71,0.2,60,6588,4731,0,0,66.0
coef1,3,3,2,0.71,0.2,61,6698,4811,0,0,66.0
coef1,3,3,2,0.71,0.2,62,6808,4892,0,0,68.0
coef1,3,3,2,0.71,0.2,63,6918,4973,0,0,69.0
coef1,3,3,2,0.71,0.2,64,7027,5054,0,0,70.0
coef1,3,3,2,0.71,0.2,65,7137,5135,0,0,71.0
coef1,3,3,2,0.71,0.2,66,7247,5216,0,0,72.0
coef1,3,3,2,0.71,0.2,67,7357,5298,0,0,74.0
coef1,3,3,2,0.71,0.2,68,7467,5379,0,0,74.0
coef1,3,3,2,0.71,0.2,69,7576,5460,0,0,76.0
coef1,3,3,2,0.71,0.2,70,7686,5542,0,0,77.0
coef1,3,3,2,0.71,0.2,71,7796,5623,0,0,77.0
coef1,3,3,2,0.71,0.2,72,7906,5705,0,0,79.0
coef1,3,3,2,0.71,0.2,73,8016,5787,0,0,80.0
coef1,3,3,2,0.71,0.2,74,8125,5869,0,0,81.0
coef1,3,3,2,0.71,0.2,75,8235,5951,0,0,82.0
coef1,3,3,2,0.71,0.2,76,8345,6033,0,0,83.0
coef1,3,3,2,0.71,0.2,77,8455,6116,0,0,85.0
coef1,3,3,2,0.71,0.2,78,8565,6198,0,0,85.0
coef1,3,3,2,0.71,0.2,79,8675,6281,0,0,87.0
coef1,3,3,2,0.71,0.2,80,8784,6363,0,0,88.0
coef1,3,3,2,0.71,0.2,81,8894,6446,0,0,89.0
coef1,3,3,2,0.71,0.2,82,9004,6529,0,0,90.0
coef1,3,3,2,0.71,0.2,83,9114,6612,0,0,91.0
coef1,3,3,2,0.71,0.2,84,9224,6695,0,0,92.0
coef1,3,3,2,0.71,0.2,85,9333,6778,0,0,93.0
coef1,3,3,2,0.71,0.2,86,9443,6861,0,0,94.0
coef1,3,3,2,0.71,0.2,87,9553,6945,0,0,95.0
coef1,3,3,2,0.71,0.2,88,9663,7029,0,0,97.0
coef1,3,3,2,0.71,0.2,89,9773,7113,0,0,98.0
coef1,3,3,2,0.71,0.2,90,9882,7196,0,0,99.0
coef1,3,3,2,0.71,0.2,91,9992,7280,0,0,100.0
coef1,3,3,2,0.71,0.2,92,10102,7364,0,0,100.0
coef1,3,3,2,0.71,0.2,93,10212,7449,0,0,102.0
coef1,3,3,2,0.71,0.2,94,10322,7533,0,0,103.0
coef1,3,3,2,0.71,0.2,95,10431,7617,0,0,104.0
coef1,3,3,2,0.71,0.2,96,10541,7702,0,0,105.0
coef1,3,3,2,0.71,0.2,97,10651,7787,0,0,106.0
coef1,3,3,2,0.71,0.2,98,10761,7872,0,0,107.0
coef1,3,3,2,0.71,0.2,99,10871,7958,0,0,109.0
coef1,3,3,2,0.71,0.2,100,10980,8042,0,0,109.0
coef1,3,3,2,0.71,0.2,101,11090,8128,0,0,111.0
coef1,3,3,2,0.71,0.2,102,11200,8214,0,0,112.0
coef1,3,3,2,0.71,0.2,103,11310,8299,0,0,112.0
coef1,3,3,2,0.71,0.2,104,11420,8386,0,0,114.0
coef1,3,3,2,0.71,0.2,105,11529,8471,0,0,115.0
coef1,3,3,2,0.71,0.2,106,11639,8557,0,0,116.0
coef1,3,3,2,0.71,0.2,107,11749,8644,0,0,117.0
coef1,3,3,2,0.71,0.2,108,11859,8730,0,0,118.0
coef1,3,3,2,0.71,0.2,109,11969,8817,0,0,119.0
coef1,3,3,2,0.71,0.2,110,12078,8903,0,0,120.0
coef1,3,3,2,0.71,0.2,111,12188,8991,0,0,122.0
coef1,3,3,2,0.71,0.2,112,12298,9078,0,0,123.0
coef1,3,3,2,0.71,0.2,113,12408,9165,0,0,123.0
coef1,3,3,2,0.71,0.2,114,12518,9253,0,0,125.0
coef1,3,3,2,0.71,0.2,115,12627,9340,0,0,126.0
coef1,3,3,2,0.71,0.2,116,12737,9428,0,0,127.0
coef1,3,3,2,0.71,0.2,117,12847,9516,0,0,128.0
coef1,3,3,2,0.71,0.2,118,12957,9605,0,0,130.0
coef1,3,3,2,0.71,0.2,119,13067,9693,0,0,130.0
coef1,3,3,2,0.71,0.2,120,13176,9781,0,0,132.0
coef1,3,3,2,0.71,0.2,121,13286,9870,0,0,133.0
coef1,3,3,2,0.71,0.2,122,13396,9959,0,0,134.0
coef1,3,3,2,0.71,0.2,123,13506,10048,0,0,135.0
coef1,3,3,2,0.71,0.2,124,13616,10137,0,0,135.0
coef1,3,3,2,0.71,0.2,125,13725,10226,0,0,137.0
coef1,3,3,2,0.71,0.2,126,13835,10316,0,0,138.0
coef1,3,3,2,0.71,0.2,127,13945,10406,0,0,139.0
coef1,3,3,2,0.71,0.2,128,14055,10496,0,0,140.0
coef1,3,3,2,0.71,0.2,129,14165,10586,0,0,141.0
coef1,3,3,2,0.71,0.2,130,14275,10677,0,0,142.0
coef1,3,3,2,0.71,0.2,131,14384,10767,0,0,144.0
coef1,3,3,2,0.71,0.2,132,14494,10858,0,0,145.0
coef1,3,3,2,0.71,0.2,133,14604,10949,0,0,146.0
coef1,3,3,2,0.71,0.2,134,14714,11040,0,0,147.0
coef1,3,3,2,0.71,0.2,135,14824,11132,0,0,148.0
coef1,3,3,2,0.71,0.2,136,14933,11223,0,0,149.0
coef1,3,3,2,0.71,0.2,137,15043,11315,0,0,151.0
coef1,3,3,2,0.71,0.2,138,15153,11407,0,0,152.0
coef1,3,3,2,0.71,0.2,139,15263,11499,0,0,152.0
coef1,3,3,2,0.71,0.2,140,15373,11591,0,0,153.0
coef1,3,3,2,0.71,0.2,141,15482,11683,0,0,154.0
coef1,3,3,2,0.71,0.2,142,15592,11776,0,0,155.0
coef1,3,3,2,0.71,0.2,143,15702,11869,0,0,156.0
coef1,3,3,2,0.71,0.2,144,15812,11963,0,0,158.0
coef1,3,3,2,0.71,0.2,145,15922,12056,0,0,159.0
coef1,3,3,2,0.71,0.2,146,16031,12149,0,0,160.0
coef1,3,3,2,0.71,0.2,147,16141,12243,0,0,161.0
coef1,3,3,2,0.71,0.2,148,16251,12338,0,0,163.0
coef1,3,3,2,0.71,0.2,149,16361,12432,0,0,163.0
coef1,3,3,2,0.71,0.2,150,16471,12527,0,0,165.0
coef1,3,3,2,0.71,0.2,151,16580,12621,0,0,166.0
coef1,3,3,2,0.71,0.2,152,16690,12716,0,0,167.0
coef1,3,3,2,0.71,0.2,153,16800,12811,0,0,168.0
coef1,3,3,2,0.71,0.2,154,16910,12907,0,0,169.0
coef1,3,3,2,0.71,0.2,155,17020,13002,0,0,169.0
coef1,3,3,2,0.71,0.2,156,17129,13098,0,0,171.0
coef1,3,3,2,0.71,0.2,157,17239,13194,0,0,172.0
coef1,3,3,2,0.71,0.2,158,17349,13290,0,0,173.0
coef1,3,3,2,0.71,0.2,159,17459,13387,0,0,174.0
coef1,3,3,2,0.71,0.2,160,17569,13484,0,0,175.0
coef1,3,3,2,0.71,0.2,161,17678,13580,0,0,176.0
coef1,3,3,2,0.71,0.2,162,17788,13678,0,0,178.0
coef1,3,3,2,0.71,0.2,163,17898,13775,0,0,178.0
coef1,3,3,2,0.71,0.2,164,18008,13873,0,0,179.0
coef1,3,3,2,0.71,0.2,165,18118,13971,0,0,180.0
coef1,3,3,2,0.71,0.2,166,18227,14069,0,0,182.0
coef1,3,3,2,0.71,0.2,167,18337,14168,0,0,183.0
coef1,3,3,2,0.71,0.2,168,18447,14267,0,0,185.0
coef1,3,3,2,0.71,0.2,169,18557,14366,0,0,186.0
coef1,3,3,2,0.71,0.2,170,18667,14465,0,0,186.0
coef1,3,3,2,0.71,0.2,171,18776,14564,0,0,188.0
coef1,3,3,2,0.71,0.2,172,18886,14664,0,0,189.0
coef1,3,3,2,0.71,0.2,173,18996,14764,0,0,190.0
coef1,3,3,2,0.71,0.2,174,19106,14864,0,0,190.0
coef1,3,3,2,0.71,0.2,175,19216,14965,0,0,192.0
coef1,3,3,2,0.71,0.2,176,19325,15065,0,0,193.0
coef1,3,3,2,0.71,0.2,177,19435,15166,0,0,194.0
coef1,3,3,2,0.71,0.2,178,19545,15268,0,0,195.0
coef1,3,3,2,0.71,0.2,179,19655,15369,0,0,196.0
coef1,3,3,2,0.71,0.2,180,19765,15471,0,0,197.0
coef1,3,3,2,0.71,0.2,181,19875,15574,0,0,199.0
coef1,3,3,2,0.71,0.2,182,19984,15675,0,0,199.0
coef1,3,3,2,0.71,0.2,183,20094,15778,0,0,201.0
coef1,3,3,2,0.71,0.2,184,20204,15881,0,0,202.0
coef1,3,3,2,0.71,0.2,185,20314,15984,0,0,202.0
coef1,3,3,2,0.71,0.2,186,20424,16088,0,0,204.0
coef1,3,3,2,0.71,0.2,187,20533,16191,0,0,205.0
coef1,3,3,2,0.71,0.2,188,20643,16295,0,0,206.0
coef1,3,3,2,0.71,0.2,189,20753,16399,0,0,207.0
coef1,3,3,2,0.71,0.2,190,20863,16504,0,0,208.0
coef1,3,3,2,0.71,0.2,191,20973,16609,0,0,209.0
coef1,3,3,2,0.71,0.2,192,21082,16713,0,0,210.0
coef1,3,3,2,0.71,0.2,193,21192,16819,0,0,211.0
coef1,3,3,2,0.71,0.2,194,21302,16925,0,0,213.0
coef1,3,3,2,0.71,0.2,195,21412,17031,0,0,214.0
coef1,3,3,2,0.71,0.2,196,21522,17137,0,0,214.0
coef1,3,3,2,0.71,0.2,197,21631,17243,0,0,216.0
coef1,3,3,2,0.71,0.2,198,21741,17350,0,0,217.0
coef1,3,3,2,0.71,0.2,199,21851,17457,0,0,218.0
coef1,3,3,2,0.71,0.2,200,21961,17565,0,0,219.0
coef1,3,3,2,0.71,0.2,201,22071,17673,0,0,220.0
coef1,3,3,2,0.71,0.2,202,22180,17780,0,0,221.0
coef1,3,3,2,0.71,0.2,203,22290,17889,0,0,223.0
coef1,3,3,2,0.71,0.2,204,22400,17997,0,0,223.0
coef1,3,3,2,0.71,0.2,205,22510,18107,0,0,225.0
coef1,3,3,2,0.71,0.2,206,22620,18216,0,0,226.0
coef1,3,3,2,0.71,0.2,207,22729,18325,0,0,227.0
coef1,3,3,2,0.71,0.2,208,22839,18435,0,0,228.0
coef1,3,3,2,0.71,0.2,209,22949,18545,0,0,229.0
coef1,3,3,2,0.71,0.2,210,23059,18656,0,0,231.0
coef1,3,3,2,0.71,0.2,211,23169,18767,0,0,232.0
coef1,3,3,2,0.71,0.2,212,23278,18877,0,0,233.0
coef1,3,3,2,0.71,0.2,213,23388,18988,0,0,233.0
coef1,3,3,2,0.71,0.2,214,23498,19100,0,0,234.0
coef1,3,3,2,0.71,0.2,215,23608,19212,0,0,235.0
coef1,3,3,2,0.71,0.2,216,23718,19325,0,0,237.0
coef1,3,3,2,0.71,0.2,217,23827,19437,0,0,238.0
coef1,3,3,2,0.71,0.2,218,23937,19550,0,0,239.0
coef1,3,3,2,0.71,0.2,219,24047,19663,0,0,240.0
coef1,3,3,2,0.71,0.2,220,24157,19777,0,0,241.0
coef1,3,3,2,0.71,0.2,221,24267,19891,0,0,242.0
coef1,3,3,2,0.71,0.2,222,24376,20005,0,0,243.0
coef1,3,3,2,0.71,0.2,223,24486,20120,0,0,245.0
coef1,3,3,2,0.71,0.2,224,24596,20235,0,0,246.0
coef1,3,3,2,0.71,0.2,225,24706,20350,0,0,246.0
coef1,3,3,2,0.71,0.2,226,24816,20466,0,0,248.0
coef1,3,3,2,0.71,0.2,227,24925,20581,0,0,249.0
coef1,3,3,2,0.71,0.2,228,25035,20697,0,0,249.0
coef1,3,3,2,0.71,0.2,229,25145,20814,0,0,251.0
coef1,3,3,2,0.71,0.2,230,25255,20931,0,0,252.0
coef1,3,3,2,0.71,0.2,231,25365,21049,0,0,253.0
coef1,3,3,2,0.71,0.2,232,25475,21167,0,0,255.0
coef1,3,3,2,0.71,0.2,233,25584,21284,0,0,256.0
coef1,3,3,2,0.71,0.2,234,25694,21402,0,0,256.0
coef1,3,3,2,0.71,0.2,235,25804,21521,0,0,257.0
coef1,3,3,2,0.71,0.2,236,25914,21640,0,0,258.0
coef1,3,3,2,0.71,0.2,237,26024,21760,0,0,260.0
coef1,3,3,2,0.71,0.2,238,26133,21879,0,0,261.0
coef1,3,3,2,0.71,0.2,239,26243,21999,0,0,262.0
coef1,3,3,2,0.71,0.2,240,26353,22120,0,0,263.0
coef1,3,3,2,0.71,0.2,241,26463,22241,0,0,265.0
coef1,3,3,2,0.71,0.2,242,26573,22362,0,0,265.0
coef1,3,3,2,0.71,0.2,243,26682,22482,0,0,266.0
coef1,3,3,2,0.71,0.2,244,26792,22604,0,0,267.0
coef1,3,3,2,0.71,0.2,245,26902,22727,0,0,269.0
coef1,3,3,2,0.71,0.2,246,27012,22850,0,0,270.0
coef1,3,3,2,0.71,0.2,247,27122,22973,0,0,271.0
coef1,3,3,2,0.71,0.2,248,27231,23095,0,0,272.0
coef1,3,3,2,0.71,0.2,249,27341,23219,0,0,273.0
coef1,3,3,2,0.71,0.2,250,27451,23343,0,0,274.0
coef1,3,3,2,0.71,0.2,251,27561,23468,0,0,275.0
coef1,3,3,2,0.71,0.2,252,27671,23593,0,0,276.0
coef1,3,3,2,0.71,0.2,253,27780,23717,0,0,277.0
coef1,3,3,2,0.71,0.2,254,27890,23843,0,0,279.0
coef1,3,3,2,0.71,0.2,255,28000,23969,0,0,280.0
coef1,4,4,2,0.72,0.2,0,0,0,0,0,0.0
coef1,4,4,2,0.72,0.2,1,110,79,0,0,2.0
coef1,4,4,2,0.72,0.2,2,220,158,0,0,4.0
coef1,4,4,2,0.72,0.2,3,329,237,0,0,7.0
coef1,4,4,2,0.72,0.2,4,439,316,0,0,9.0
coef1,4,4,2,0.72,0.2,5,549,395,0,0,11.0
coef1,4,4,2,0.72,0.2,6,659,475,0,0,14.0
coef1,4,4,2,0.72,0.2,7,769,554,0,0,16.0
coef1,4,4,2,0.72,0.2,8,878,632,0,0,17.0
coef1,4,4,2,0.72,0.2,9,988,712,0,0,20.0
coef1,4,4,2,0.72,0.2,10,1098,791,0,0,22.0
coef1,4,4,2,0.72,0.2,11,1208,870,0,0,24.0
coef1,4,4,2,0.72,0.2,12,1318,949,0,0,26.0
coef1,4,4,2,0.72,0.2,13,1427,1028,0,0,29.0
coef1,4,4,2,0.72,0.2,14,1537,1107,0,0,30.0
coef1,4,4,2,0.72,0.2,15,1647,1187,0,0,33.0
coef1,4,4,2,0.72,0.2,16,1757,1266,0,0,35.0
coef1,4,4,2,0.72,0.2,17,1867,1345,0,0,37.0
coef1,4,4,2,0.72,0.2,18,1976,1424,0,0,39.0
coef1,4,4,2,0.72,0.2,19,2086,1504,0,0,42.0
coef1,4,4,2,0.72,0.2,20,2196,1583,0,0,44.0
coef1,4,4,2,0.72,0.2,21,2306,1663,0,0,46.0
coef1,4,4,2,0.72,0.2,22,2416,1742,0,0,48.0
coef1,4,4,2,0.72,0.2,23,2525,1821,0,0,50.0
coef1,4,4,2,0.72,0.2,24,2635,1901,0,0,53.0
coef1,4,4,2,0.72,0.2,25,2745,1980,0,0,55.0
coef1,4,4,2,0.72,0.2,26,2855,2060,0,0,57.0
coef1,4,4,2,0.72,0.2,27,2965,2140,0,0,60.0
coef1,4,4,2,0.72,0.2,28,3075,2219,0,0,61.0
coef1,4,4,2,0.72,0.2,29,3184,2298,0,0,63.0
coef1,4,4,2,0.72,0.2,30,3294,2378,0,0,66.0
coef1,4,4,2,0.72,0.2,31,3404,2458,0,0,68.0
coef1,4,4,2,0.72,0.2,32,3514,2538,0,0,70.0
coef1,4,4,2,0.72,0.2,33,3624,2618,0,0,72.0
coef1,4,4,2,0.72,0.2,34,3733,2697,0,0,74.0
coef1,4,4,2,0.72,0.2,35,3843,2778,0,0,77.0
coef1,4,4,2,0.72,0.2,36,3953,2858,0,0,79.0
coef1,4,4,2,0.72,0.2,37,4063,2938,0,0,81.0
coef1,4,4,2,0.72,0.2,38,4173,3018,0,0,83.0
coef1,4,4,2,0.72,0.2,39,4282,3098,0,0,86.0
coef1,4,4,2,0.72,0.2,40,4392,3178,0,0,88.0
coef1,4,4,2,0.72,0.2,41,4502,3258,0,0,90.0
coef1,4,4,2,0.72,0.2,42,4612,3339,0,0,92.0
coef1,4,4,2,0.72,0.2,43,4722,3419,0,0,94.0
coef1,4,4,2,0.72,0.2,44,4831,3499,0,0,96.0
coef1,4,4,2,0.72,0.2,45,4941,3580,0,0,99.0
coef1,4,4,2,0.72,0.2,46,5051,3661,0,0,101.0
coef1,4,4,2,0.72,0.2,47,5161,3742,0,0,104.0
coef1,4,4,2,0.72,0.2,48,5271,3822,0,0,105.0
coef1,4,4,2,0.72,0.2,49,5380,3903,0,0,108.0
coef1,4,4,2,0.72,0.2,50,5490,3984,0,0,110.0
coef1,4,4,2,0.72,0.2,51,5600,4065,0,0,112.0
coef1,4,4,2,0.72,0.2,52,5710,4146,0,0,114.0
coef1,4,4,2,0.72,0.2,53,5820,4227,0,0,116.0
coef1,4,4,2,0.72,0.2,54,5929,4308,0,0,119.0
coef1,4,4,2,0.72,0.2,55,6039,4389,0,0,121.0
coef1,4,4,2,0.72,0.2,56,6149,4471,0,0,123.0
coef1,4,4,2,0.72,0.2,57,6259,4552,0,0,125.0
coef1,4,4,2,0.72,0.2,58,6369,4634,0,0,127.0
coef1,4,4,2,0.72,0.2,59,6478,4715,0,0,130.0
coef1,4,4,2,0.72,0.2,60,6588,4797,0,0,132.0
coef1,4,4,2,0.72,0.2,61,6698,4879,0,0,134.0
coef1,4,4,2,0.72,0.2,62,6808,4961,0,0,137.0
coef1,4,4,2,0.72,0.2,63,6918,5043,0,0,139.0
coef1,4,4,2,0.72,0.2,64,7027,5124,0,0,140.0
coef1,4,4,2,0.72,0.2,65,7137,5206,0,0,142.0
coef1,4,4,2,0.72,0.2,66,7247,5289,0,0,145.0
coef1,4,4,2,0.72,0.2,67,7357,5371,0,0,147.0
coef1,4,4,2,0.72,0.2,68,7467,5454,0,0,149.0
coef1,4,4,2,0.72,0.2,69,7576,5536,0,0,152.0
coef1,4,4,2,0.72,0.2,70,7686,5619,0,0,154.0
coef1,4,4,2,0.72,0.2,71,7796,5701,0,0,155.0
coef1,4,4,2,0.72,0.2,72,7906,5784,0,0,158.0
coef1,4,4,2,0.72,0.2,73,8016,5867,0,0,160.0
coef1,4,4,2,0.72,0.2,74,8125,5950,0,0,162.0
coef1,4,4,2,0.72,0.2,75,8235,6033,0,0,164.0
coef1,4,4,2,0.72,0.2,76,8345,6117,0,0,167.0
coef1,4,4,2,0.72,0.2,77,8455,6200,0,0,169.0
coef1,4,4,2,0.72,0.2,78,8565,6284,0,0,171.0
coef1,4,4,2,0.72,0.2,79,8675,6368,0,0,174.0
coef1,4,4,2,0.72,0.2,80,8784,6451,0,0,176.0
coef1,4,4,2,0.72,0.2,81,8894,6535,0,0,178.0
coef1,4,4,2,0.72,0.2,82,9004,6619,0,0,180.0
coef1,4,4,2,0.72,0.2,83,9114,6703,0,0,182.0
coef1,4,4,2,0.72,0.2,84,9224,6787,0,0,184.0
coef1,4,4,2,0.72,0.2,85,9333,6871,0,0,186.0
coef1,4,4,2,0.72,0.2,86,9443,6956,0,0,189.0
coef1,4,4,2,0.72,0.2,87,9553,7041,0,0,191.0
coef1,4,4,2,0.72,0.2,88,9663,7125,0,0,193.0
coef1,4,4,2,0.72,0.2,89,9773,7210,0,0,195.0
coef1,4,4,2,0.72,0.2,90,9882,7295,0,0,198.0
coef1,4,4,2,0.72,0.2,91,9992,7380,0,0,200.0
coef1,4,4,2,0.72,0.2,92,10102,7465,0,0,201.0
coef1,4,4,2,0.72,0.2,93,10212,7551,0,0,204.0
coef1,4,4,2,0.72,0.2,94,10322,7637,0,0,207.0
coef1,4,4,2,0.72,0.2,95,10431,7722,0,0,209.0
coef1,4,4,2,0.72,0.2,96,10541,7808,0,0,211.0
coef1,4,4,2,0.72,0.2,97,10651,7894,0,0,213.0
coef1,4,4,2,0.72,0.2,98,10761,7980,0,0,215.0
coef1,4,4,2,0.72,0.2,99,10871,8066,0,0,217.0
coef1,4,4,2,0.72,0.2,100,10980,8152,0,0,219.0
coef1,4,4,2,0.72,0.2,101,11090,8239,0,0,222.0
coef1,4,4,2,0.72,0.2,102,11200,8326,0,0,224.0
coef1,4,4,2,0.72,0.2,103,11310,8413,0,0,226.0
coef1,4,4,2,0.72,0.2,104,11420,8500,0,0,228.0
coef1,4,4,2,0.72,0.2,105,11529,8586,0,0,230.0
coef1,4,4,2,0.72,0.2,106,11639,8674,0,0,233.0
coef1,4,4,2,0.72,0.2,107,11749,8761,0,0,234.0
coef1,4,4,2,0.72,0.2,108,11859,8849,0,0,237.0
coef1,4,4,2,0.72,0.2,109,11969,8937,0,0,239.0
coef1,4,4,2,0.72,0.2,110,12078,9024,0,0,241.0
coef1,4,4,2,0.72,0.2,111,12188,9113,0,0,244.0
coef1,4,4,2,0.72,0.2,112,12298,9201,0,0,246.0
coef1,4,4,2,0.72,0.2,113,12408,9290,0,0,248.0
coef1,4,4,2,0.72,0.2,114,12518,9378,0,0,250.0
coef1,4,4,2,0.72,0.2,115,12627,9466,0,0,252.0
coef1,4,4,2,0.72,0.2,116,12737,9556,0,0,255.0
coef1,4,4,2,0.72,0.2,117,12847,9645,0,0,257.0
coef1,4,4,2,0.72,0.2,118,12957,9734,0,0,259.0
coef1,4,4,2,0.72,0.2,119,13067,9824,0,0,261.0
coef1,4,4,2,0.72,0.2,120,13176,9913,0,0,264.0
coef1,4,4,2,0.72,0.2,121,13286,10003,0,0,266.0
coef1,4,4,2,0.72,0.2,122,13396,10093,0,0,268.0
coef1,4,4,2,0.72,0.2,123,13506,10183,0,0,270.0
coef1,4,4,2,0.72,0.2,124,13616,10274,0,0,272.0
coef1,4,4,2,0.72,0.2,125,13725,10364,0,0,275.0
coef1,4,4,2,0.72,0.2,126,13835,10454,0,0,276.0
coef1,4,4,2,0.72,0.2,127,13945,10546,0,0,279.0
coef1,4,4,2,0.72,0.2,128,14055,10637,0,0,281.0
coef1,4,4,2,0.72,0.2,129,14165,10728,0,0,283.0
coef1,4,4,2,0.72,0.2,130,14275,10820,0,0,285.0
coef1,4,4,2,0.72,0.2,131,14384,10911,0,0,288.0
coef1,4,4,2,0.72,0.2,132,14494,11003,0,0,290.0
coef1,4,4,2,0.72,0.2,133,14604,11095,0,0,292.0
coef1,4,4,2,0.72,0.2,134,14714,11187,0,0,294.0
coef1,4,4,2,0.72,0.2,135,14824,11280,0,0,296.0
coef1,4,4,2,0.72,0.2,136,14933,11372,0,0,298.0
coef1,4,4,2,0.72,0.2,137,15043,11465,0,0,301.0
coef1,4,4,2,0.72,0.2,138,15153,11558,0,0,303.0
coef1,4,4,2,0.72,0.2,139,15263,11652,0,0,305.0
coef1,4,4,2,0.72,0.2,140,15373,11745,0,0,307.0
coef1,4,4,2,0.72,0.2,141,15482,11838,0,0,309.0
coef1,4,4,2,0.72,0.2,142,15592,11932,0,0,311.0
coef1,4,4,2,0.72,0.2,143,15702,12027,0,0,314.0
coef1,4,4,2,0.72,0.2,144,15812,12121,0,0,316.0
coef1,4,4,2,0.72,0.2,145,15922,12216,0,0,319.0
coef1,4,4,2,0.72,0.2,146,16031,12310,0,0,321.0
coef1,4,4,2,0.72,0.2,147,16141,12405,0,0,323.0
coef1,4,4,2,0.72,0.2,148,16251,12500,0,0,325.0
coef1,4,4,2,0.72,0.2,149,16361,12596,0,0,327.0
coef1,4,4,2,0.72,0.2,150,16471,12692,0,0,330.0
coef1,4,4,2,0.72,0.2,151,16580,12787,0,0,332.0
coef1,4,4,2,0.72,0.2,152,16690,12883,0,0,334.0
coef1,4,4,2,0.72,0.2,153,16800,12979,0,0,336.0
coef1,4,4,2,0.72,0.2,154,16910,13076,0,0,338.0
coef1,4,4,2,0.72,0.2,155,17020,13173,0,0,340.0
coef1,4,4,2,0.72,0.2,156,17129,13269,0,0,342.0
coef1,4,4,2,0.72,0.2,157,17239,13366,0,0,344.0
coef1,4,4,2,0.72,0.2,158,17349,13464,0,0,347.0
coef1,4,4,2,0.72,0.2,159,17459,13562,0,0,349.0
coef1,4,4,2,0.72,0.2,160,17569,13660,0,0,351.0
coef1,4,4,2,0.72,0.2,161,17678,13757,0,0,353.0
coef1,4,4,2,0.72,0.2,162,17788,13856,0,0,356.0
coef1,4,4,2,0.72,0.2,163,17898,13955,0,0,358.0
coef1,4,4,2,0.72,0.2,164,18008,14054,0,0,360.0
coef1,4,4,2,0.72,0.2,165,18118,14153,0,0,362.0
coef1,4,4,2,0.72,0.2,166,18227,14251,0,0,364.0
coef1,4,4,2,0.72,0.2,167,18337,14351,0,0,366.0
coef1,4,4,2,0.72,0.2,168,18447,14451,0,0,369.0
coef1,4,4,2,0.72,0.2,169,18557,14551,0,0,371.0
coef1,4,4,2,0.72,0.2,170,18667,14652,0,0,373.0
coef1,4,4,2,0.72,0.2,171,18776,14752,0,0,376.0
coef1,4,4,2,0.72,0.2,172,18886,14853,0,0,378.0
coef1,4,4,2,0.72,0.2,173,18996,14954,0,0,380.0
coef1,4,4,2,0.72,0.2,174,19106,15056,0,0,382.0
coef1,4,4,2,0.72,0.2,175,19216,15157,0,0,384.0
coef1,4,4,2,0.72,0.2,176,19325,15258,0,0,386.0
coef1,4,4,2,0.72,0.2,177,19435,15361,0,0,389.0
coef1,4,4,2,0.72,0.2,178,19545,15463,0,0,390.0
coef1,4,4,2,0.72,0.2,179,19655,15566,0,0,393.0
coef1,4,4,2,0.72,0.2,180,19765,15669,0,0,395.0
coef1,4,4,2,0.72,0.2,181,19875,15772,0,0,397.0
coef1,4,4,2,0.72,0.2,182,19984,15875,0,0,399.0
coef1,4,4,2,0.72,0.2,183,20094,15979,0,0,402.0
coef1,4,4,2,0.72,0.2,184,20204,16083,0,0,404.0
coef1,4,4,2,0.72,0.2,185,20314,16188,0,0,406.0
coef1,4,4,2,0.72,0.2,186,20424,16292,0,0,408.0
coef1,4,4,2,0.72,0.2,187,20533,16396,0,0,410.0
coef1,4,4,2,0.72,0.2,188,20643,16502,0,0,413.0
coef1,4,4,2,0.72,0.2,189,20753,16607,0,0,415.0
coef1,4,4,2,0.72,0.2,190,20863,16713,0,0,417.0
coef1,4,4,2,0.72,0.2,191,20973,16819,0,0,419.0
coef1,4,4,2,0.72,0.2,192,21082,16924,0,0,421.0
coef1,4,4,2,0.72,0.2,193,21192,17031,0,0,423.0
coef1,4,4,2,0.72,0.2,194,21302,17138,0,0,426.0
coef1,4,4,2,0.72,0.2,195,21412,17245,0,0,428.0
coef1,4,4,2,0.72,0.2,196,21522,17353,0,0,430.0
coef1,4,4,2,0.72,0.2,197,21631,17460,0,0,433.0
coef1,4,4,2,0.72,0.2,198,21741,17568,0,0,435.0
coef1,4,4,2,0.72,0.2,199,21851,17676,0,0,437.0
coef1,4,4,2,0.72,0.2,200,21961,17785,0,0,439.0
coef1,4,4,2,0.72,0.2,201,22071,17894,0,0,441.0
coef1,4,4,2,0.72,0.2,202,22180,18002,0,0,443.0
coef1,4,4,2,0.72,0.2,203,22290,18112,0,0,446.0
coef1,4,4,2,0.72,0.2,204,22400,18222,0,0,448.0
coef1,4,4,2,0.72,0.2,205,22510,18332,0,0,450.0
coef1,4,4,2,0.72,0.2,206,22620,18442,0,0,452.0
coef1,4,4,2,0.72,0.2,207,22729,18552,0,0,454.0
coef1,4,4,2,0.72,0.2,208,22839,18663,0,0,456.0
coef1,4,4,2,0.72,0.2,209,22949,18775,0,0,459.0
coef1,4,4,2,0.72,0.2,210,23059,18886,0,0,461.0
coef1,4,4,2,0.72,0.2,211,23169,18998,0,0,463.0
coef1,4,4,2,0.72,0.2,212,23278,19110,0,0,466.0
coef1,4,4,2,0.72,0.2,213,23388,19222,0,0,467.0
coef1,4,4,2,0.72,0.2,214,23498,19335,0,0,469.0
coef1,4,4,2,0.72,0.2,215,23608,19449,0,0,472.0
coef1,4,4,2,0.72,0.2,216,23718,19562,0,0,474.0
coef1,4,4,2,0.72,0.2,217,23827,19675,0,0,476.0
coef1,4,4,2,0.72,0.2,218,23937,19790,0,0,479.0
coef1,4,4,2,0.72,0.2,219,24047,19904,0,0,481.0
coef1,4,4,2,0.72,0.2,220,24157,20019,0,0,483.0
coef1,4,4,2,0.72,0.2,221,24267,20134,0,0,485.0
coef1,4,4,2,0.72,0.2,222,24376,20249,0,0,487.0
coef1,4,4,2,0.72,0.2,223,24486,20365,0,0,490.0
coef1,4,4,2,0.72,0.2,224,24596,20481,0,0,492.0
coef1,4,4,2,0.72,0.2,225,24706,20597,0,0,493.0
coef1,4,4,2,0.72,0.2,226,24816,20714,0,0,496.0
coef1,4,4,2,0.72,0.2,227,24925,20830,0,0,498.0
coef1,4,4,2,0.72,0.2,228,25035,20948,0,0,500.0
coef1,4,4,2,0.72,0.2,229,25145,21066,0,0,503.0
coef1,4,4,2,0.72,0.2,230,25255,21184,0,0,505.0
coef1,4,4,2,0.72,0.2,231,25365,21303,0,0,507.0
coef1,4,4,2,0.72,0.2,232,25475,21422,0,0,510.0
coef1,4,4,2,0.72,0.2,233,25584,21540,0,0,512.0
coef1,4,4,2,0.72,0.2,234,25694,21659,0,0,513.0
coef1,4,4,2,0.72,0.2,235,25804,21779,0,0,515.0
coef1,4,4,2,0.72,0.2,236,25914,21900,0,0,518.0
coef1,4,4,2,0.72,0.2,237,26024,22020,0,0,520.0
coef1,4,4,2,0.72,0.2,238,26133,22140,0,0,522.0
coef1,4,4,2,0.72,0.2,239,26243,22262,0,0,525.0
coef1,4,4,2,0.72,0.2,240,26353,22383,0,0,526.0
coef1,4,4,2,0.72,0.2,241,26463,22505,0,0,529.0
coef1,4,4,2,0.72,0.2,242,26573,22628,0,0,531.0
coef1,4,4,2,0.72,0.2,243,26682,22750,0,0,534.0
coef1,4,4,2,0.72,0.2,244,26792,22873,0,0,536.0
coef1,4,4,2,0.72,0.2,245,26902,22996,0,0,538.0
coef1,4,4,2,0.72,0.2,246,27012,23120,0,0,540.0
coef1,4,4,2,0.72,0.2,247,27122,23244,0,0,542.0
coef1,4,4,2,0.72,0.2,248,27231,23368,0,0,545.0
coef1,4,4,2,0.72,0.2,249,27341,23493,0,0,547.0
coef1,4,4,2,0.72,0.2,250,27451,23618,0,0,549.0
coef1,4,4,2,0.72,0.2,251,27561,23744,0,0,551.0
coef1,4,4,2,0.72,0.2,252,27671,23870,0,0,553.0
coef1,4,4,2,0.72,0.2,253,27780,23995,0,0,555.0
coef1,4,4,2,0.72,0.2,254,27890,24122,0,0,558.0
coef1,4,4,2,0.72,0.2,255,28000,24249,0,0,560.0
coef3,0,2,0,0.7,0.18,0,0,0,0,0,0.0
coef3,0,2,0,0.7,0.18,1,110,77,0,0,0.0
coef3,0,2,0,0.7,0.18,2,220,154,0,0,0.0
coef3,0,2,0,0.7,0.18,3,329,230,0,0,0.0
coef3,0,2,0,0.7,0.18,4,439,307,0,0,0.0
coef3,0,2,0,0.7,0.18,5,549,384,0,0,0.0
coef3,0,2,0,0.7,0.18,6,659,461,0,0,0.0
coef3,0,2,0,0.7,0.18,7,769,538,0,0,0.0
coef3,0,2,0,0.7,0.18,8,878,615,0,0,0.0
coef3,0,2,0,0.7,0.18,9,988,692,0,0,0.0
coef3,0,2,0,0.7,0.18,10,1098,769,0,0,0.0
coef3,0,2,0,0.7,0.18,11,1208,846,0,0,0.0
coef3,0,2,0,0.7,0.18,12,1318,923,0,0,0.0
coef3,0,2,0,0.7,0.18,13,1427,999,0,0,0.0
coef3,0,2,0,0.7,0.18,14,1537,1077,0,0,0.0
coef3,0,2,0,0.7,0.18,15,1647,1154,0,0,0.0
coef3,0,2,0,0.7,0.18,16,1757,1231,0,0,0.0
coef3,0,2,0,0.7,0.18,17,1867,1308,0,0,0.0
coef3,0,2,0,0.7,0.18,18,1976,1385,0,0,0.0
coef3,0,2,0,0.7,0.18,19,2086,1462,0,0,0.0
coef3,0,2,0,0.7,0.18,20,2196,1539,0,0,0.0
coef3,0,2,0,0.7,0.18,21,2306,1616,0,0,-1.0
coef3,0,2,0,0.7,0.18,22,2416,1694,0,0,0.0
coef3,0,2,0,0.7,0.18,23,2525,1770,0,0,-1.0
coef3,0,2,0,0.7,0.18,24,2635,1848,0,0,0.0
coef3,0,2,0,0.7,0.18,25,2745,1925,0,0,0.0
coef3,0,2,0,0.7,0.18,26,2855,2002,0,0,-1.0
coef3,0,2,0,0.7,0.18,27,2965,2080,0,0,0.0
coef3,0,2,0,0.7,0.18,28,3075,2157,0,0,-1.0
coef3,0,2,0,0.7,0.18,29,3184,2234,0,0,-1.0
coef3,0,2,0,0.7,0.18,30,3294,2312,0,0,0.0
coef3,0,2,0,0.7,0.18,31,3404,2389,0,0,-1.0
coef3,0,2,0,0.7,0.18,32,3514,2467,0,0,-1.0
coef3,0,2,0,0.7,0.18,33,3624,2545,0,0,-1.0
coef3,0,2,0,0.7,0.18,34,3733,2622,0,0,-1.0
coef3,0,2,0,0.7,0.18,35,3843,2700,0,0,-1.0
coef3,0,2,0,0.7,0.18,36,3953,2778,0,0,-1.0
coef3,0,2,0,0.7,0.18,37,4063,2855,0,0,-2.0
coef3,0,2,0,0.7,0.18,38,4173,2933,0,0,-2.0
coef3,0,2,0,0.7,0.18,39,4282,3011,0,0,-1.0
coef3,0,2,0,0.7,0.18,40,4392,3089,0,0,-1.0
coef3,0,2,0,0.7,0.18,41,4502,3167,0,0,-1.0
coef3,0,2,0,0.7,0.18,42,4612,3245,0,0,-2.0
coef3,0,2,0,0.7,0.18,43,4722,3323,0,0,-2.0
coef3,0,2,0,0.7,0.18,44,4831,3401,0,0,-2.0
coef3,0,2,0,0.7,0.18,45,4941,3479,0,0,-2.0
coef3,0,2,0,0.7,0.18,46,5051,3557,0,0,-3.0
coef3,0,2,0,0.7,0.18,47,5161,3636,0,0,-2.0
coef3,0,2,0,0.7,0.18,48,5271,3714,0,0,-3.0
coef3,0,2,0,0.7,0.18,49,5380,3792,0,0,-3.0
coef3,0,2,0,0.7,0.18,50,5490,3871,0,0,-3.0
coef3,0,2,0,0.7,0.18,51,5600,3950,0,0,-3.0
coef3,0,2,0,0.7,0.18,52,5710,4028,0,0,-4.0
coef3,0,2,0,0.7,0.18,53,5820,4107,0,0,-4.0
coef3,0,2,0,0.7,0.18,54,5929,4185,0,0,-4.0
coef3,0,2,0,0.7,0.18,55,6039,4264,0,0,-4.0
coef3,0,2,0,0.7,0.18,56,6149,4343,0,0,-5.0
coef3,0,2,0,0.7,0.18,57,6259,4422,0,0,-5.0
coef3,0,2,0,0.7,0.18,58,6369,4502,0,0,-5.0
coef3,0,2,0,0.7,0.18,59,6478,4580,0,0,-5.0
coef3,0,2,0,0.7,0.18,60,6588,4660,0,0,-5.0
coef3,0,2,0,0.7,0.18,61,6698,4739,0,0,-6.0
coef3,0,2,0,0.7,0.18,62,6808,4819,0,0,-5.0
coef3,0,2,0,0.7,0.18,63,6918,4898,0,0,-6.0
coef3,0,2,0,0.7,0.18,64,7027,4977,0,0,-7.0
coef3,0,2,0,0.7,0.18,65,7137,5057,0,0,-7.0
coef3,0,2,0,0.7,0.18,66,7247,5137,0,0,-7.0
coef3,0,2,0,0.7,0.18,67,7357,5217,0,0,-7.0
coef3,0,2,0,0.7,0.18,68,7467,5297,0,0,-8.0
coef3,0,2,0,0.7,0.18,69,7576,5376,0,0,-8.0
coef3,0,2,0,0.7,0.18,70,7686,5456,0,0,-9.0
coef3,0,2,0,0.7,0.18,71,7796,5537,0,0,-9.0
coef3,0,2,0,0.7,0.18,72,7906,5617,0,0,-9.0
coef3,0,2,0,0.7,0.18,73,8016,5698,0,0,-9.0
coef3,0,2,0,0.7,0.18,74,8125,5778,0,0,-10.0
coef3,0,2,0,0.7,0.18,75,8235,5858,0,0,-11.0
coef3,0,2,0,0.7,0.18,76,8345,5939,0,0,-11.0
coef3,0,2,0,0.7,0.18,77,8455,6020,0,0,-11.0
coef3,0,2,0,0.7,0.18,78,8565,6101,0,0,-12.0
coef3,0,2,0,0.7,0.18,79,8675,6182,0,0,-12.0
coef3,0,2,0,0.7,0.18,80,8784,6263,0,0,-12.0
coef3,0,2,0,0.7,0.18,81,8894,6344,0,0,-13.0
coef3,0,2,0,0.7,0.18,82,9004,6425,0,0,-14.0
coef3,0,2,0,0.7,0.18,83,9114,6507,0,0,-14.0
coef3,0,2,0,0.7,0.18,84,9224,6588,0,0,-15.0
coef3,0,2,0,0.7,0.18,85,9333,6669,0,0,-16.0
coef3,0,2,0,0.7,0.18,86,9443,6751,0,0,-16.0
coef3,0,2,0,0.7,0.18,87,9553,6833,0,0,-17.0
coef3,0,2,0,0.7,0.18,88,9663,6915,0,0,-17.0
coef3,0,2,0,0.7,0.18,89,9773,6998,0,0,-17.0
coef3,0,2,0,0.7,0.18,90,9882,7079,0,0,-18.0
coef3,0,2,0,0.7,0.18,91,9992,7162,0,0,-18.0
coef3,0,2,0,0.7,0.18,92,10102,7244,0,0,-20.0
coef3,0,2,0,0.7,0.18,93,10212,7327,0,0,-20.0
coef3,0,2,0,0.7,0.18,94,10322,7410,0,0,-20.0
coef3,0,2,0,0.7,0.18,95,10431,7492,0,0,-21.0
coef3,0,2,0,0.7,0.18,96,10541,7575,0,0,-22.0
coef3,0,2,0,0.7,0.18,97,10651,7658,0,0,-23.0
coef3,0,2,0,0.7,0.18,98,10761,7742,0,0,-23.0
coef3,0,2,0,0.7,0.18,99,10871,7825,0,0,-24.0
coef3,0,2,0,0.7,0.18,100,10980,7908,0,0,-25.0
coef3,0,2,0,0.7,0.18,101,11090,7992,0,0,-25.0
coef3,0,2,0,0.7,0.18,102,11200,8076,0,0,-26.0
coef3,0,2,0,0.7,0.18,103,11310,8160,0,0,-27.0
coef3,0,2,0,0.7,0.18,104,11420,8244,0,0,-28.0
coef3,0,2,0,0.7,0.18,105,11529,8327,0,0,-29.0
coef3,0,2,0,0.7,0.18,106,11639,8412,0,0,-29.0
coef3,0,2,0,0.7,0.18,107,11749,8496,0,0,-31.0
coef3,0,2,0,0.7,0.18,108,11859,8581,0,0,-31.0
coef3,0,2,0,0.7,0.18,109,11969,8666,0,0,-32.0
coef3,0,2,0,0.7,0.18,110,12078,8750,0,0,-33.0
coef3,0,2,0,0.7,0.18,111,12188,8835,0,0,-34.0
coef3,0,2,0,0.7,0.18,112,12298,8921,0,0,-34.0
coef3,0,2,0,0.7,0.18,113,12408,9006,0,0,-36.0
coef3,0,2,0,0.7,0.18,114,12518,9092,0,0,-36.0
coef3,0,2,0,0.7,0.18,115,12627,9177,0,0,-37.0
coef3,0,2,0,0.7,0.18,116,12737,9262,0,0,-39.0
coef3,0,2,0,0.7,0.18,117,12847,9348,0,0,-40.0
coef3,0,2,0,0.7,0.18,118,12957,9435,0,0,-40.0
coef3,0,2,0,0.7,0.18,119,13067,9521,0,0,-42.0
coef3,0,2,0,0.7,0.18,120,13176,9607,0,0,-42.0
coef3,0,2,0,0.7,0.18,121,13286,9693,0,0,-44.0
coef3,0,2,0,0.7,0.18,122,13396,9780,0,0,-45.0
coef3,0,2,0,0.7,0.18,123,13506,9867,0,0,-46.0
coef3,0,2,0,0.7,0.18,124,13616,9955,0,0,-47.0
coef3,0,2,0,0.7,0.18,125,13725,10041,0,0,-48.0
coef3,0,2,0,0.7,0.18,126,13835,10129,0,0,-49.0
coef3,0,2,0,0.7,0.18,127,13945,10216,0,0,-51.0
coef3,0,2,0,0.7,0.18,128,14055,10304,0,0,-52.0
coef3,0,2,0,0.7,0.18,129,14165,10392,0,0,-53.0
coef3,0,2,0,0.7,0.18,130,14275,10480,0,0,-55.0
coef3,0,2,0,0.7,0.18,131,14384,10568,0,0,-55.0
coef3,0,2,0,0.7,0.18,132,14494,10656,0,0,-57.0
coef3,0,2,0,0.7,0.18,133,14604,10745,0,0,-58.0
coef3,0,2,0,0.7,0.18,134,14714,10834,0,0,-59.0
coef3,0,2,0,0.7,0.18,135,14824,10923,0,0,-61.0
coef3,0,2,0,0.7,0.18,136,14933,11011,0,0,-63.0
coef3,0,2,0,0.7,0.18,137,15043,11101,0,0,-63.0
coef3,0,2,0,0.7,0.18,138,15153,11191,0,0,-64.0
coef3,0,2,0,0.7,0.18,139,15263,11280,0,0,-67.0
coef3,0,2,0,0.7,0.18,140,15373,11370,0,0,-68.0
coef3,0,2,0,0.7,0.18,141,15482,11460,0,0,-69.0
coef3,0,2,0,0.7,0.18,142,15592,11550,0,0,-71.0
coef3,0,2,0,0.7,0.18,143,15702,11641,0,0,-72.0
coef3,0,2,0,0.7,0.18,144,15812,11731,0,0,-74.0
coef3,0,2,0,0.7,0.18,145,15922,11822,0,0,-75.0
coef3,0,2,0,0.7,0.18,146,16031,11913,0,0,-76.0
coef3,0,2,0,0.7,0.18,147,16141,12004,0,0,-78.0
coef3,0,2,0,0.7,0.18,148,16251,12095,0,0,-80.0
coef3,0,2,0,0.7,0.18,149,16361,12187,0,0,-82.0
coef3,0,2,0,0.7,0.18,150,16471,12279,0,0,-83.0
coef3,0,2,0,0.7,0.18,151,16580,12370,0,0,-85.0
coef3,0,2,0,0.7,0.18,152,16690,12463,0,0,-86.0
coef3,0,2,0,0.7,0.18,153,16800,12555,0,0,-88.0
coef3,0,2,0,0.7,0.18,154,16910,12648,0,0,-90.0
coef3,0,2,0,0.7,0.18,155,17020,12741,0,0,-92.0
coef3,0,2,0,0.7,0.18,156,17129,12833,0,0,-94.0
coef3,0,2,0,0.7,0.18,157,17239,12926,0,0,-96.0
coef3,0,2,0,0.7,0.18,158,17349,13020,0,0,-97.0
coef3,0,2,0,0.7,0.18,159,17459,13114,0,0,-99.0
coef3,0,2,0,0.7,0.18,160,17569,13208,0,0,-101.0
coef3,0,2,0,0.7,0.18,161,17678,13301,0,0,-103.0
coef3,0,2,0,0.7,0.18,162,17788,13395,0,0,-105.0
coef3,0,2,0,0.7,0.18,163,17898,13490,0,0,-107.0
coef3,0,2,0,0.7,0.18,164,18008,13585,0,0,-109.0
coef3,0,2,0,0.7,0.18,165,18118,13680,0,0,-111.0
coef3,0,2,0,0.7,0.18,166,18227,13774,0,0,-113.0
coef3,0,2,0,0.7,0.18,167,18337,13870,0,0,-115.0
coef3,0,2,0,0.7,0.18,168,18447,13965,0,0,-117.0
coef3,0,2,0,0.7,0.18,169,18557,14061,0,0,-119.0
coef3,0,2,0,0.7,0.18,170,18667,14158,0,0,-121.0
coef3,0,2,0,0.7,0.18,171,18776,14253,0,0,-123.0
coef3,0,2,0,0.7,0.18,172,18886,14350,0,0,-125.0
coef3,0,2,0,0.7,0.18,173,18996,14446,0,0,-128.0
coef3,0,2,0,0.7,0.18,174,19106,14544,0,0,-130.0
coef3,0,2,0,0.7,0.18,175,19216,14641,0,0,-132.0
coef3,0,2,0,0.7,0.18,176,19325,14738,0,0,-134.0
coef3,0,2,0,0.7,0.18,177,19435,14835,0,0,-137.0
coef3,0,2,0,0.7,0.18,178,19545,14933,0,0,-140.0
coef3,0,2,0,0.7,0.18,179,19655,15032,0,0,-141.0
coef3,0,2,0,0.7,0.18,180,19765,15130,0,0,-144.0
coef3,0,2,0,0.7,0.18,181,19875,15229,0,0,-146.0
coef3,0,2,0,0.7,0.18,182,19984,15327,0,0,-149.0
coef3,0,2,0,0.7,0.18,183,20094,15426,0,0,-151.0
coef3,0,2,0,0.7,0.18,184,20204,15526,0,0,-153.0
coef3,0,2,0,0.7,0.18,185,20314,15625,0,0,-157.0
coef3,0,2,0,0.7,0.18,186,20424,15725,0,0,-159.0
coef3,0,2,0,0.7,0.18,187,20533,15825,0,0,-161.0
coef3,0,2,0,0.7,0.18,188,20643,15925,0,0,-164.0
coef3,0,2,0,0.7,0.18,189,20753,16026,0,0,-166.0
coef3,0,2,0,0.7,0.18,190,20863,16127,0,0,-169.0
coef3,0,2,0,0.7,0.18,191,20973,16228,0,0,-172.0
coef3,0,2,0,0.7,0.18,192,21082,16328,0,0,-175.0
coef3,0,2,0,0.7,0.18,193,21192,16430,0,0,-178.0
coef3,0,2,0,0.7,0.18,194,21302,16532,0,0,-180.0
coef3,0,2,0,0.7,0.18,195,21412,16634,0,0,-183.0
coef3,0,2,0,0.7,0.18,196,21522,16737,0,0,-186.0
coef3,0,2,0,0.7,0.18,197,21631,16839,0,0,-188.0
coef3,0,2,0,0.7,0.18,198,21741,16942,0,0,-191.0
coef3,0,2,0,0.7,0.18,199,21851,17045,0,0,-194.0
coef3,0,2,0,0.7,0.18,200,21961,17148,0,0,-198.0
coef3,0,2,0,0.7,0.18,201,22071,17252,0,0,-201.0
coef3,0,2,0,0.7,0.18,202,22180,17355,0,0,-204.0
coef3,0,2,0,0.7,0.18,203,22290,17460,0,0,-206.0
coef3,0,2,0,0.7,0.18,204,22400,17564,0,0,-210.0
coef3,0,2,0,0.7,0.18,205,22510,17669,0,0,-213.0
coef3,0,2,0,0.7,0.18,206,22620,17774,0,0,-216.0
coef3,0,2,0,0.7,0.18,207,22729,17879,0,0,-219.0
coef3,0,2,0,0.7,0.18,208,22839,17985,0,0,-222.0
coef3,0,2,0,0.7,0.18,209,22949,18091,0,0,-225.0
coef3,0,2,0,0.7,0.18,210,23059,18197,0,0,-228.0
coef3,0,2,0,0.7,0.18,211,23169,18303,0,0,-232.0
coef3,0,2,0,0.7,0.18,212,23278,18409,0,0,-235.0
coef3,0,2,0,0.7,0.18,213,23388,18516,0,0,-239.0
coef3,0,2,0,0.7,0.18,214,23498,18624,0,0,-242.0
coef3,0,2,0,0.7,0.18,215,23608,18732,0,0,-245.0
coef3,0,2,0,0.7,0.18,216,23718,18839,0,0,-249.0
coef3,0,2,0,0.7,0.18,217,23827,18947,0,0,-252.0
coef3,0,2,0,0.7,0.18,218,23937,19055,0,0,-256.0
coef3,0,2,0,0.7,0.18,219,24047,19164,0,0,-259.0
coef3,0,2,0,0.7,0.18,220,24157,19273,0,0,-263.0
coef3,0,2,0,0.7,0.18,221,24267,19383,0,0,-266.0
coef3,0,2,0,0.7,0.18,222,24376,19491,0,0,-271.0
coef3,0,2,0,0.7,0.18,223,24486,19601,0,0,-274.0
coef3,0,2,0,0.7,0.18,224,24596,19712,0,0,-277.0
coef3,0,2,0,0.7,0.18,225,24706,19822,0,0,-282.0
coef3,0,2,0,0.7,0.18,226,24816,19933,0,0,-285.0
coef3,0,2,0,0.7,0.18,227,24925,20044,0,0,-288.0
coef3,0,2,0,0.7,0.18,228,25035,20155,0,0,-293.0
coef3,0,2,0,0.7,0.18,229,25145,20267,0,0,-296.0
coef3,0,2,0,0.7,0.18,230,25255,20379,0,0,-300.0
coef3,0,2,0,0.7,0.18,231,25365,20491,0,0,-305.0
coef3,0,2,0,0.7,0.18,232,25475,20604,0,0,-308.0
coef3,0,2,0,0.7,0.18,233,25584,20716,0,0,-312.0
coef3,0,2,0,0.7,0.18,234,25694,20830,0,0,-316.0
coef3,0,2,0,0.7,0.18,235,25804,20943,0,0,-321.0
coef3,0,2,0,0.7,0.18,236,25914,21057,0,0,-325.0
coef3,0,2,0,0.7,0.18,237,26024,21172,0,0,-328.0
coef3,0,2,0,0.7,0.18,238,26133,21285,0,0,-333.0
coef3,0,2,0,0.7,0.18,239,26243,21400,0,0,-337.0
coef3,0,2,0,0.7,0.18,240,26353,21515,0,0,-342.0
coef3,0,2,0,0.7,0.18,241,26463,21631,0,0,-345.0
coef3,0,2,0,0.7,0.18,242,26573,21747,0,0,-350.0
coef3,0,2,0,0.7,0.18,243,26682,21862,0,0,-354.0
coef3,0,2,0,0.7,0.18,244,26792,21979,0,0,-358.0
coef3,0,2,0,0.7,0.18,245,26902,22095,0,0,-363.0
coef3,0,2,0,0.7,0.18,246,27012,22213,0,0,-367.0
coef3,0,2,0,0.7,0.18,247,27122,22330,0,0,-372.0
coef3,0,2,0,0.7,0.18,248,27231,22447,0,0,-376.0
coef3,0,2,0,0.7,0.18,249,27341,22565,0,0,-381.0
coef3,0,2,0,0.7,0.18,250,27451,22684,0,0,-385.0
coef3,0,2,0,0.7,0.18,251,27561,22802,0,0,-391.0
coef3,0,2,0,0.7,0.18,252,27671,22922,0,0,-395.0
coef3,0,2,0,0.7,0.18,253,27780,23040,0,0,-400.0
coef3,0,2,0,0.7,0.18,254,27890,23160,0,0,-404.0
coef3,0,2,0,0.7,0.18,255,28000,23280,0,0,-409.0
coef3,1,2,1,0.7,0.19,0,0,0,0,0,0.0
coef3,1,2,1,0.7,0.19,1,110,77,0,0,0.0
coef3,1,2,1,0.7,0.19,2,220,154,0,0,0.0
coef3,1,2,1,0.7,0.19,3,329,230,0,0,0.0
coef3,1,2,1,0.7,0.19,4,439,307,0,0,0.0
coef3,1,2,1,0.7,0.19,5,549,384,0,0,0.0
coef3,1,2,1,0.7,0.19,6,659,461,0,0,0.0
coef3,1,2,1,0.7,0.19,7,769,538,0,0,0.0
coef3,1,2,1,0.7,0.19,8,878,615,0,0,0.0
coef3,1,2,1,0.7,0.19,9,988,692,0,0,0.0
coef3,1,2,1,0.7,0.19,10,1098,769,0,0,0.0
coef3,1,2,1,0.7,0.19,11,1208,846,0,0,0.0
coef3,1,2,1,0.7,0.19,12,1318,923,0,0,0.0
coef3,1,2,1,0.7,0.19,13,1427,999,0,0,0.0
coef3,1,2,1,0.7,0.19,14,1537,1077,0,0,0.0
coef3,1,2,1,0.7,0.19,15,1647,1154,0,0,0.0
coef3,1,2,1,0.7,0.19,16,1757,1231,0,0,0.0
coef3,1,2,1,0.7,0.19,17,1867,1308,0,0,0.0
coef3,1,2,1,0.7,0.19,18,1976,1385,0,0,0.0
coef3,1,2,1,0.7,0.19,19,2086,1462,0,0,0.0
coef3,1,2,1,0.7,0.19,20,2196,1539,0,0,0.0
coef3,1,2,1,0.7,0.19,21,2306,1616,0,0,-1.0
coef3,1,2,1,0.7,0.19,22,2416,1694,0,0,0.0
coef3,1,2,1,0.7,0.19,23,2525,1770,0,0,-1.0
coef3,1,2,1,0.7,0.19,24,2635,1848,0,0,0.0
coef3,1,2,1,0.7,0.19,25,2745,1925,0,0,0.0
coef3,1,2,1,0.7,0.19,26,2855,2003,0,0,0.0
coef3,1,2,1,0.7,0.19,27,2965,2080,0,0,0.0
coef3,1,2,1,0.7,0.19,28,3075,2158,0,0,0.0
coef3,1,2,1,0.7,0.19,29,3184,2235,0,0,0.0
coef3,1,2,1,0.7,0.19,30,3294,2312,0,0,0.0
coef3,1,2,1,0.7,0.19,31,3404,2390,0,0,0.0
coef3,1,2,1,0.7,0.19,32,3514,2468,0,0,0.0
coef3,1,2,1,0.7,0.19,33,3624,2545,0,0,-1.0
coef3,1,2,1,0.7,0.19,34,3733,2622,0,0,-1.0
coef3,1,2,1,0.7,0.19,35,3843,2700,0,0,-1.0
coef3,1,2,1,0.7,0.19,36,3953,2778,0,0,-1.0
coef3,1,2,1,0.7,0.19,37,4063,2856,0,0,-1.0
coef3,1,2,1,0.7,0.19,38,4173,2934,0,0,-1.0
coef3,1,2,1,0.7,0.19,39,4282,3011,0,0,-1.0
coef3,1,2,1,0.7,0.19,40,4392,3089,0,0,-1.0
coef3,1,2,1,0.7,0.19,41,4502,3168,0,0,0.0
coef3,1,2,1,0.7,0.19,42,4612,3246,0,0,-1.0
coef3,1,2,1,0.7,0.19,43,4722,3324,0,0,-1.0
coef3,1,2,1,0.7,0.19,44,4831,3402,0,0,-1.0
coef3,1,2,1,0.7,0.19,45,4941,3480,0,0,-1.0
coef3,1,2,1,0.7,0.19,46,5051,3559,0,0,-1.0
coef3,1,2,1,0.7,0.19,47,5161,3637,0,0,-1.0
coef3,1,2,1,0.7,0.19,48,5271,3716,0,0,-1.0
coef3,1,2,1,0.7,0.19,49,5380,3794,0,0,-1.0
coef3,1,2,1,0.7,0.19,50,5490,3872,0,0,-2.0
coef3,1,2,1,0.7,0.19,51,5600,3951,0,0,-2.0
coef3,1,2,1,0.7,0.19,52,5710,4030,0,0,-2.0
coef3,1,2,1,0.7,0.19,53,5820,4109,0,0,-2.0
coef3,1,2,1,0.7,0.19,54,5929,4187,0,0,-2.0
coef3,1,2,1,0.7,0.19,55,6039,4266,0,0,-2.0
coef3,1,2,1,0.7,0.19,56,6149,4346,0,0,-2.0
coef3,1,2,1,0.7,0.19,57,6259,4425,0,0,-2.0
coef3,1,2,1,0.7,0.19,58,6369,4504,0,0,-3.0
coef3,1,2,1,0.7,0.19,59,6478,4583,0,0,-2.0
coef3,1,2,1,0.7,0.19,60,6588,4662,0,0,-3.0
coef3,1,2,1,0.7,0.19,61,6698,4742,0,0,-3.0
coef3,1,2,1,0.7,0.19,62,6808,4822,0,0,-2.0
coef3,1,2,1,0.7,0.19,63,6918,4901,0,0,-3.0
coef3,1,2,1,0.7,0.19,64,7027,4980,0,0,-4.0
coef3,1,2,1,0.7,0.19,65,7137,5060,0,0,-4.0
coef3,1,2,1,0.7,0.19,66,7247,5140,0,0,-4.0
coef3,1,2,1,0.7,0.19,67,7357,5220,0,0,-4.0
coef3,1,2,1,0.7,0.19,68,7467,5301,0,0,-4.0
coef3,1,2,1,0.7,0.19,69,7576,5380,0,0,-4.0
coef3,1,2,1,0.7,0.19,70,7686,5461,0,0,-4.0
coef3,1,2,1,0.7,0.19,71,7796,5541,0,0,-5.0
coef3,1,2,1,0.7,0.19,72,7906,5622,0,0,-4.0
coef3,1,2,1,0.7,0.19,73,8016,5702,0,0,-5.0
coef3,1,2,1,0.7,0.19,74,8125,5783,0,0,-5.0
coef3,1,2,1,0.7,0.19,75,8235,5863,0,0,-6.0
coef3,1,2,1,0.7,0.19,76,8345,5944,0,0,-6.0
coef3,1,2,1,0.7,0.19,77,8455,6026,0,0,-5.0
coef3,1,2,1,0.7,0.19,78,8565,6107,0,0,-6.0
coef3,1,2,1,0.7,0.19,79,8675,6188,0,0,-6.0
coef3,1,2,1,0.7,0.19,80,8784,6269,0,0,-6.0
coef3,1,2,1,0.7,0.19,81,8894,6350,0,0,-7.0
coef3,1,2,1,0.7,0.19,82,9004,6432,0,0,-7.0
coef3,1,2,1,0.7,0.19,83,9114,6514,0,0,-7.0
coef3,1,2,1,0.7,0.19,84,9224,6596,0,0,-7.0
coef3,1,2,1,0.7,0.19,85,9333,6677,0,0,-8.0
coef3,1,2,1,0.7,0.19,86,9443,6759,0,0,-8.0
coef3,1,2,1,0.7,0.19,87,9553,6841,0,0,-9.0
coef3,1,2,1,0.7,0.19,88,9663,6924,0,0,-8.0
coef3,1,2,1,0.7,0.19,89,9773,7006,0,0,-9.0
coef3,1,2,1,0.7,0.19,90,9882,7088,0,0,-9.0
coef3,1,2,1,0.7,0.19,91,9992,7171,0,0,-9.0
coef3,1,2,1,0.7,0.19,92,10102,7254,0,0,-10.0
coef3,1,2,1,0.7,0.19,93,10212,7337,0,0,-10.0
coef3,1,2,1,0.7,0.19,94,10322,7420,0,0,-10.0
coef3,1,2,1,0.7,0.19,95,10431,7503,0,0,-10.0
coef3,1,2,1,0.7,0.19,96,10541,7586,0,0,-11.0
coef3,1,2,1,0.7,0.19,97,10651,7670,0,0,-11.0
coef3,1,2,1,0.7,0.19,98,10761,7753,0,0,-12.0
coef3,1,2,1,0.7,0.19,99,10871,7837,0,0,-12.0
coef3,1,2,1,0.7,0.19,100,10980,7920,0,0,-13.0
coef3,1,2,1,0.7,0.19,101,11090,8004,0,0,-13.0
coef3,1,2,1,0.7,0.19,102,11200,8089,0,0,-13.0
coef3,1,2,1,0.7,0.19,103,11310,8173,0,0,-14.0
coef3,1,2,1,0.7,0.19,104,11420,8258,0,0,-14.0
coef3,1,2,1,0.7,0.19,105,11529,8342,0,0,-14.0
coef3,1,2,1,0.7,0.19,106,11639,8426,0,0,-15.0
coef3,1,2,1,0.7,0.19,107,11749,8511,0,0,-16.0
coef3,1,2,1,0.7,0.19,108,11859,8597,0,0,-15.0
coef3,1,2,1,0.7,0.19,109,11969,8682,0,0,-16.0
coef3,1,2,1,0.7,0.19,110,12078,8767,0,0,-16.0
coef3,1,2,1,0.7,0.19,111,12188,8852,0,0,-17.0
coef3,1,2,1,0.7,0.19,112,12298,8938,0,0,-17.0
coef3,1,2,1,0.7,0.19,113,12408,9024,0,0,-18.0
coef3,1,2,1,0.7,0.19,114,12518,9110,0,0,-18.0
coef3,1,2,1,0.7,0.19,115,12627,9195,0,0,-19.0
coef3,1,2,1,0.7,0.19,116,12737,9282,0,0,-19.0
coef3,1,2,1,0.7,0.19,117,12847,9368,0,0,-20.0
coef3,1,2,1,0.7,0.19,118,12957,9455,0,0,-20.0
coef3,1,2,1,0.7,0.19,119,13067,9542,0,0,-21.0
coef3,1,2,1,0.7,0.19,120,13176,9628,0,0,-21.0
coef3,1,2,1,0.7,0.19,121,13286,9715,0,0,-22.0
coef3,1,2,1,0.7,0.19,122,13396,9803,0,0,-22.0
coef3,1,2,1,0.7,0.19,123,13506,9890,0,0,-23.0
coef3,1,2,1,0.7,0.19,124,13616,9978,0,0,-24.0
coef3,1,2,1,0.7,0.19,125,13725,10065,0,0,-24.0
coef3,1,2,1,0.7,0.19,126,13835,10153,0,0,-25.0
coef3,1,2,1,0.7,0.19,127,13945,10242,0,0,-25.0
coef3,1,2,1,0.7,0.19,128,14055,10330,0,0,-26.0
coef3,1,2,1,0.7,0.19,129,14165,10419,0,0,-26.0
coef3,1,2,1,0.7,0.19,130,14275,10507,0,0,-28.0
coef3,1,2,1,0.7,0.19,131,14384,10596,0,0,-27.0
coef3,1,2,1,0.7,0.19,132,14494,10685,0,0,-28.0
coef3,1,2,1,0.7,0.19,133,14604,10774,0,0,-29.0
coef3,1,2,1,0.7,0.19,134,14714,10864,0,0,-29.0
coef3,1,2,1,0.7,0.19,135,14824,10953,0,0,-31.0
coef3,1,2,1,0.7,0.19,136,14933,11043,0,0,-31.0
coef3,1,2,1,0.7,0.19,137,15043,11133,0,0,-31.0
coef3,1,2,1,0.7,0.19,138,15153,11223,0,0,-32.0
coef3,1,2,1,0.7,0.19,139,15263,11313,0,0,-34.0
coef3,1,2,1,0.7,0.19,140,15373,11404,0,0,-34.0
coef3,1,2,1,0.7,0.19,141,15482,11494,0,0,-35.0
coef3,1,2,1,0.7,0.19,142,15592,11585,0,0,-36.0
coef3,1,2,1,0.7,0.19,143,15702,11677,0,0,-36.0
coef3,1,2,1,0.7,0.19,144,15812,11768,0,0,-37.0
coef3,1,2,1,0.7,0.19,145,15922,11860,0,0,-37.0
coef3,1,2,1,0.7,0.19,146,16031,11951,0,0,-38.0
coef3,1,2,1,0.7,0.19,147,16141,12043,0,0,-39.0
coef3,1,2,1,0.7,0.19,148,16251,12135,0,0,-40.0
coef3,1,2,1,0.7,0.19,149,16361,12228,0,0,-41.0
coef3,1,2,1,0.7,0.19,150,16471,12321,0,0,-41.0
coef3,1,2,1,0.7,0.19,151,16580,12413,0,0,-42.0
coef3,1,2,1,0.7,0.19,152,16690,12506,0,0,-43.0
coef3,1,2,1,0.7,0.19,153,16800,12599,0,0,-44.0
coef3,1,2,1,0.7,0.19,154,16910,12693,0,0,-45.0
coef3,1,2,1,0.7,0.19,155,17020,12787,0,0,-46.0
coef3,1,2,1,0.7,0.19,156,17129,12880,0,0,-47.0
coef3,1,2,1,0.7,0.19,157,17239,12974,0,0,-48.0
coef3,1,2,1,0.7,0.19,158,17349,13069,0,0,-48.0
coef3,1,2,1,0.7,0.19,159,17459,13163,0,0,-50.0
coef3,1,2,1,0.7,0.19,160,17569,13258,0,0,-51.0
coef3,1,2,1,0.7,0.19,161,17678,13352,0,0,-52.0
coef3,1,2,1,0.7,0.19,162,17788,13448,0,0,-52.0
coef3,1,2,1,0.7,0.19,163,17898,13543,0,0,-54.0
coef3,1,2,1,0.7,0.19,164,18008,13639,0,0,-55.0
coef3,1,2,1,0.7,0.19,165,18118,13735,0,0,-56.0
coef3,1,2,1,0.7,0.19,166,18227,13831,0,0,-56.0
coef3,1,2,1,0.7,0.19,167,18337,13927,0,0,-58.0
coef3,1,2,1,0.7,0.19,168,18447,14024,0,0,-58.0
coef3,1,2,1,0.7,0.19,169,18557,14121,0,0,-59.0
coef3,1,2,1,0.7,0.19,170,18667,14218,0,0,-61.0
coef3,1,2,1,0.7,0.19,171,18776,14315,0,0,-61.0
coef3,1,2,1,0.7,0.19,172,18886,14412,0,0,-63.0
coef3,1,2,1,0.7,0.19,173,18996,14510,0,0,-64.0
coef3,1,2,1,0.7,0.19,174,19106,14609,0,0,-65.0
coef3,1,2,1,0.7,0.19,175,19216,14707,0,0,-66.0
coef3,1,2,1,0.7,0.19,176,19325,14805,0,0,-67.0
coef3,1,2,1,0.7,0.19,177,19435,14904,0,0,-68.0
coef3,1,2,1,0.7,0.19,178,19545,15003,0,0,-70.0
coef3,1,2,1,0.7,0.19,179,19655,15102,0,0,-71.0
coef3,1,2,1,0.7,0.19,180,19765,15202,0,0,-72.0
coef3,1,2,1,0.7,0.19,181,19875,15302,0,0,-73.0
coef3,1,2,1,0.7,0.19,182,19984,15401,0,0,-75.0
coef3,1,2,1,0.7,0.19,183,20094,15502,0,0,-75.0
coef3,1,2,1,0.7,0.19,184,20204,15602,0,0,-77.0
coef3,1,2,1,0.7,0.19,185,20314,15703,0,0,-79.0
coef3,1,2,1,0.7,0.19,186,20424,15805,0,0,-79.0
coef3,1,2,1,0.7,0.19,187,20533,15905,0,0,-81.0
coef3,1,2,1,0.7,0.19,188,20643,16007,0,0,-82.0
coef3,1,2,1,0.7,0.19,189,20753,16109,0,0,-83.0
coef3,1,2,1,0.7,0.19,190,20863,16211,0,0,-85.0
coef3,1,2,1,0.7,0.19,191,20973,16314,0,0,-86.0
coef3,1,2,1,0.7,0.19,192,21082,16416,0,0,-87.0
coef3,1,2,1,0.7,0.19,193,21192,16519,0,0,-89.0
coef3,1,2,1,0.7,0.19,194,21302,16622,0,0,-90.0
coef3,1,2,1,0.7,0.19,195,21412,16726,0,0,-91.0
coef3,1,2,1,0.7,0.19,196,21522,16830,0,0,-93.0
coef3,1,2,1,0.7,0.19,197,21631,16933,0,0,-94.0
coef3,1,2,1,0.7,0.19,198,21741,17037,0,0,-96.0
coef3,1,2,1,0.7,0.19,199,21851,17142,0,0,-97.0
coef3,1,2,1,0.7,0.19,200,21961,17247,0,0,-99.0
coef3,1,2,1,0.7,0.19,201,22071,17352,0,0,-101.0
coef3,1,2,1,0.7,0.19,202,22180,17457,0,0,-102.0
coef3,1,2,1,0.7,0.19,203,22290,17563,0,0,-103.0
coef3,1,2,1,0.7,0.19,204,22400,17669,0,0,-105.0
coef3,1,2,1,0.7,0.19,205,22510,17776,0,0,-106.0
coef3,1,2,1,0.7,0.19,206,22620,17882,0,0,-108.0
coef3,1,2,1,0.7,0.19,207,22729,17988,0,0,-110.0
coef3,1,2,1,0.7,0.19,208,22839,18096,0,0,-111.0
coef3,1,2,1,0.7,0.19,209,22949,18203,0,0,-113.0
coef3,1,2,1,0.7,0.19,210,23059,18311,0,0,-114.0
coef3,1,2,1,0.7,0.19,211,23169,18419,0,0,-116.0
coef3,1,2,1,0.7,0.19,212,23278,18527,0,0,-117.0
coef3,1,2,1,0.7,0.19,213,23388,18636,0,0,-119.0
coef3,1,2,1,0.7,0.19,214,23498,18745,0,0,-121.0
coef3,1,2,1,0.7,0.19,215,23608,18854,0,0,-123.0
coef3,1,2,1,0.7,0.19,216,23718,18964,0,0,-124.0
coef3,1,2,1,0.7,0.19,217,23827,19073,0,0,-126.0
coef3,1,2,1,0.7,0.19,218,23937,19183,0,0,-128.0
coef3,1,2,1,0.7,0.19,219,24047,19294,0,0,-129.0
coef3,1,2,1,0.7,0.19,220,24157,19405,0,0,-131.0
coef3,1,2,1,0.7,0.19,221,24267,19516,0,0,-133.0
coef3,1,2,1,0.7,0.19,222,24376,19626,0,0,-136.0
coef3,1,2,1,0.7,0.19,223,24486,19738,0,0,-137.0
coef3,1,2,1,0.7,0.19,224,24596,19851,0,0,-138.0
coef3,1,2,1,0.7,0.19,225,24706,19963,0,0,-141.0
coef3,1,2,1,0.7,0.19,226,24816,20076,0,0,-142.0
coef3,1,2,1,0.7,0.19,227,24925,20188,0,0,-144.0
coef3,1,2,1,0.7,0.19,228,25035,20301,0,0,-147.0
coef3,1,2,1,0.7,0.19,229,25145,20415,0,0,-148.0
coef3,1,2,1,0.7,0.19,230,25255,20529,0,0,-150.0
coef3,1,2,1,0.7,0.19,231,25365,20644,0,0,-152.0
coef3,1,2,1,0.7,0.19,232,25475,20758,0,0,-154.0
coef3,1,2,1,0.7,0.19,233,25584,20872,0,0,-156.0
coef3,1,2,1,0.7,0.19,234,25694,20988,0,0,-158.0
coef3,1,2,1,0.7,0.19,235,25804,21103,0,0,-161.0
coef3,1,2,1,0.7,0.19,236,25914,21219,0,0,-163.0
coef3,1,2,1,0.7,0.19,237,26024,21336,0,0,-164.0
coef3,1,2,1,0.7,0.19,238,26133,21452,0,0,-166.0
coef3,1,2,1,0.7,0.19,239,26243,21569,0,0,-168.0
coef3,1,2,1,0.7,0.19,240,26353,21686,0,0,-171.0
coef3,1,2,1,0.7,0.19,241,26463,21804,0,0,-172.0
coef3,1,2,1,0.7,0.19,242,26573,21922,0,0,-175.0
coef3,1,2,1,0.7,0.19,243,26682,22039,0,0,-177.0
coef3,1,2,1,0.7,0.19,244,26792,22158,0,0,-179.0
coef3,1,2,1,0.7,0.19,245,26902,22277,0,0,-181.0
coef3,1,2,1,0.7,0.19,246,27012,22396,0,0,-184.0
coef3,1,2,1,0.7,0.19,247,27122,22516,0,0,-186.0
coef3,1,2,1,0.7,0.19,248,27231,22635,0,0,-188.0
coef3,1,2,1,0.7,0.19,249,27341,22756,0,0,-190.0
coef3,1,2,1,0.7,0.19,250,27451,22876,0,0,-193.0
coef3,1,2,1,0.7,0.19,251,27561,22998,0,0,-195.0
coef3,1,2,1,0.7,0.19,252,27671,23119,0,0,-198.0
coef3,1,2,1,0.7,0.19,253,27780,23240,0,0,-200.0
coef3,1,2,1,0.7,0.19,254,27890,23362,0,0,-202.0
coef3,1,2,1,0.7,0.19,255,28000,23485,0,0,-204.0
coef3,2,2,2,0.7,0.2,0,0,0,0,0,0.0
coef3,2,2,2,0.7,0.2,1,110,77,0,0,0.0
coef3,2,2,2,0.7,0.2,2,220,154,0,0,0.0
coef3,2,2,2,0.7,0.2,3,329,230,0,0,0.0
coef3,2,2,2,0.7,0.2,4,439,307,0,0,0.0
coef3,2,2,2,0.7,0.2,5,549,384,0,0,0.0
coef3,2,2,2,0.7,0.2,6,659,461,0,0,0.0
coef3,2,2,2,0.7,0.2,7,769,538,0,0,0.0
coef3,2,2,2,0.7,0.2,8,878,615,0,0,0.0
coef3,2,2,2,0.7,0.2,9,988,692,0,0,0.0
coef3,2,2,2,0.7,0.2,10,1098,769,0,0,0.0
coef3,2,2,2,0.7,0.2,11,1208,846,0,0,0.0
coef3,2,2,2,0.7,0.2,12,1318,923,0,0,0.0
coef3,2,2,2,0.7,0.2,13,1427,999,0,0,0.0
coef3,2,2,2,0.7,0.2,14,1537,1077,0,0,0.0
coef3,2,2,2,0.7,0.2,15,1647,1154,0,0,0.0
coef3,2,2,2,0.7,0.2,16,1757,1231,0,0,0.0
coef3,2,2,2,0.7,0.2,17,1867,1308,0,0,0.0
coef3,2,2,2,0.7,0.2,18,1976,1385,0,0,0.0
coef3,2,2,2,0.7,0.2,19,2086,1462,0,0,0.0
coef3,2,2,2,0.7,0.2,20,2196,1539,0,0,0.0
coef3,2,2,2,0.7,0.2,21,2306,1617,0,0,0.0
coef3,2,2,2,0.7,0.2,22,2416,1694,0,0,0.0
coef3,2,2,2,0.7,0.2,23,2525,1771,0,0,0.0
coef3,2,2,2,0.7,0.2,24,2635,1848,0,0,0.0
coef3,2,2,2,0.7,0.2,25,2745,1925,0,0,0.0
coef3,2,2,2,0.7,0.2,26,2855,2003,0,0,0.0
coef3,2,2,2,0.7,0.2,27,2965,2080,0,0,0.0
coef3,2,2,2,0.7,0.2,28,3075,2158,0,0,0.0
coef3,2,2,2,0.7,0.2,29,3184,2235,0,0,0.0
coef3,2,2,2,0.7,0.2,30,3294,2312,0,0,0.0
coef3,2,2,2,0.7,0.2,31,3404,2390,0,0,0.0
coef3,2,2,2,0.7,0.2,32,3514,2468,0,0,0.0
coef3,2,2,2,0.7,0.2,33,3624,2546,0,0,0.0
coef3,2,2,2,0.7,0.2,34,3733,2623,0,0,0.0
coef3,2,2,2,0.7,0.2,35,3843,2701,0,0,0.0
coef3,2,2,2,0.7,0.2,36,3953,2779,0,0,0.0
coef3,2,2,2,0.7,0.2,37,4063,2857,0,0,0.0
coef3,2,2,2,0.7,0.2,38,4173,2935,0,0,0.0
coef3,2,2,2,0.7,0.2,39,4282,3012,0,0,0.0
coef3,2,2,2,0.7,0.2,40,4392,3090,0,0,0.0
coef3,2,2,2,0.7,0.2,41,4502,3168,0,0,0.0
coef3,2,2,2,0.7,0.2,42,4612,3247,0,0,0.0
coef3,2,2,2,0.7,0.2,43,4722,3325,0,0,0.0
coef3,2,2,2,0.7,0.2,44,4831,3403,0,0,0.0
coef3,2,2,2,0.7,0.2,45,4941,3481,0,0,0.0
coef3,2,2,2,0.7,0.2,46,5051,3560,0,0,0.0
coef3,2,2,2,0.7,0.2,47,5161,3638,0,0,0.0
coef3,2,2,2,0.7,0.2,48,5271,3717,0,0,0.0
coef3,2,2,2,0.7,0.2,49,5380,3795,0,0,0.0
coef3,2,2,2,0.7,0.2,50,5490,3874,0,0,0.0
coef3,2,2,2,0.7,0.2,51,5600,3953,0,0,0.0
coef3,2,2,2,0.7,0.2,52,5710,4032,0,0,0.0
coef3,2,2,2,0.7,0.2,53,5820,4111,0,0,0.0
coef3,2,2,2,0.7,0.2,54,5929,4189,0,0,0.0
coef3,2,2,2,0.7,0.2,55,6039,4268,0,0,0.0
coef3,2,2,2,0.7,0.2,56,6149,4348,0,0,0.0
coef3,2,2,2,0.7,0.2,57,6259,4427,0,0,0.0
coef3,2,2,2,0.7,0.2,58,6369,4507,0,0,0.0
coef3,2,2,2,0.7,0.2,59,6478,4585,0,0,0.0
coef3,2,2,2,0.7,0.2,60,6588,4665,0,0,0.0
coef3,2,2,2,0.7,0.2,61,6698,4745,0,0,0.0
coef3,2,2,2,0.7,0.2,62,6808,4824,0,0,0.0
coef3,2,2,2,0.7,0.2,63,6918,4904,0,0,0.0
coef3,2,2,2,0.7,0.2,64,7027,4984,0,0,0.0
coef3,2,2,2,0.7,0.2,65,7137,5064,0,0,0.0
coef3,2,2,2,0.7,0.2,66,7247,5144,0,0,0.0
coef3,2,2,2,0.7,0.2,67,7357,5224,0,0,0.0
coef3,2,2,2,0.7,0.2,68,7467,5305,0,0,0.0
coef3,2,2,2,0.7,0.2,69,7576,5384,0,0,0.0
coef3,2,2,2,0.7,0.2,70,7686,5465,0,0,0.0
coef3,2,2,2,0.7,0.2,71,7796,5546,0,0,0.0
coef3,2,2,2,0.7,0.2,72,7906,5626,0,0,0.0
coef3,2,2,2,0.7,0.2,73,8016,5707,0,0,0.0
coef3,2,2,2,0.7,0.2,74,8125,5788,0,0,0.0
coef3,2,2,2,0.7,0.2,75,8235,5869,0,0,0.0
coef3,2,2,2,0.7,0.2,76,8345,5950,0,0,0.0
coef3,2,2,2,0.7,0.2,77,8455,6031,0,0,0.0
coef3,2,2,2,0.7,0.2,78,8565,6113,0,0,0.0
coef3,2,2,2,0.7,0.2,79,8675,6194,0,0,0.0
coef3,2,2,2,0.7,0.2,80,8784,6275,0,0,0.0
coef3,2,2,2,0.7,0.2,81,8894,6357,0,0,0.0
coef3,2,2,2,0.7,0.2,82,9004,6439,0,0,0.0
coef3,2,2,2,0.7,0.2,83,9114,6521,0,0,0.0
coef3,2,2,2,0.7,0.2,84,9224,6603,0,0,0.0
coef3,2,2,2,0.7,0.2,85,9333,6685,0,0,0.0
coef3,2,2,2,0.7,0.2,86,9443,6767,0,0,0.0
coef3,2,2,2,0.7,0.2,87,9553,6850,0,0,0.0
coef3,2,2,2,0.7,0.2,88,9663,6932,0,0,0.0
coef3,2,2,2,0.7,0.2,89,9773,7015,0,0,0.0
coef3,2,2,2,0.7,0.2,90,9882,7097,0,0,0.0
coef3,2,2,2,0.7,0.2,91,9992,7180,0,0,0.0
coef3,2,2,2,0.7,0.2,92,10102,7264,0,0,0.0
coef3,2,2,2,0.7,0.2,93,10212,7347,0,0,0.0
coef3,2,2,2,0.7,0.2,94,10322,7430,0,0,0.0
coef3,2,2,2,0.7,0.2,95,10431,7513,0,0,0.0
coef3,2,2,2,0.7,0.2,96,10541,7597,0,0,0.0
coef3,2,2,2,0.7,0.2,97,10651,7681,0,0,0.0
coef3,2,2,2,0.7,0.2,98,10761,7765,0,0,0.0
coef3,2,2,2,0.7,0.2,99,10871,7849,0,0,0.0
coef3,2,2,2,0.7,0.2,100,10980,7933,0,0,0.0
coef3,2,2,2,0.7,0.2,101,11090,8017,0,0,0.0
coef3,2,2,2,0.7,0.2,102,11200,8102,0,0,0.0
coef3,2,2,2,0.7,0.2,103,11310,8187,0,0,0.0
coef3,2,2,2,0.7,0.2,104,11420,8272,0,0,0.0
coef3,2,2,2,0.7,0.2,105,11529,8356,0,0,0.0
coef3,2,2,2,0.7,0.2,106,11639,8441,0,0,0.0
coef3,2,2,2,0.7,0.2,107,11749,8527,0,0,0.0
coef3,2,2,2,0.7,0.2,108,11859,8612,0,0,0.0
coef3,2,2,2,0.7,0.2,109,11969,8698,0,0,0.0
coef3,2,2,2,0.7,0.2,110,12078,8783,0,0,0.0
coef3,2,2,2,0.7,0.2,111,12188,8869,0,0,0.0
coef3,2,2,2,0.7,0.2,112,12298,8955,0,0,0.0
coef3,2,2,2,0.7,0.2,113,12408,9042,0,0,0.0
coef3,2,2,2,0.7,0.2,114,12518,9128,0,0,0.0
coef3,2,2,2,0.7,0.2,115,12627,9214,0,0,0.0
coef3,2,2,2,0.7,0.2,116,12737,9301,0,0,0.0
coef3,2,2,2,0.7,0.2,117,12847,9388,0,0,0.0
coef3,2,2,2,0.7,0.2,118,12957,9475,0,0,0.0
coef3,2,2,2,0.7,0.2,119,13067,9563,0,0,0.0
coef3,2,2,2,0.7,0.2,120,13176,9649,0,0,0.0
coef3,2,2,2,0.7,0.2,121,13286,9737,0,0,0.0
coef3,2,2,2,0.7,0.2,122,13396,9825,0,0,0.0
coef3,2,2,2,0.7,0.2,123,13506,9913,0,0,0.0
coef3,2,2,2,0.7,0.2,124,13616,10002,0,0,0.0
coef3,2,2,2,0.7,0.2,125,13725,10089,0,0,0.0
coef3,2,2,2,0.7,0.2,126,13835,10178,0,0,0.0
coef3,2,2,2,0.7,0.2,127,13945,10267,0,0,0.0
coef3,2,2,2,0.7,0.2,128,14055,10356,0,0,0.0
coef3,2,2,2,0.7,0.2,129,14165,10445,0,0,0.0
coef3,2,2,2,0.7,0.2,130,14275,10535,0,0,0.0
coef3,2,2,2,0.7,0.2,131,14384,10623,0,0,0.0
coef3,2,2,2,0.7,0.2,132,14494,10713,0,0,0.0
coef3,2,2,2,0.7,0.2,133,14604,10803,0,0,0.0
coef3,2,2,2,0.7,0.2,134,14714,10893,0,0,0.0
coef3,2,2,2,0.7,0.2,135,14824,10984,0,0,0.0
coef3,2,2,2,0.7,0.2,136,14933,11074,0,0,0.0
coef3,2,2,2,0.7,0.2,137,15043,11164,0,0,0.0
coef3,2,2,2,0.7,0.2,138,15153,11255,0,0,0.0
coef3,2,2,2,0.7,0.2,139,15263,11347,0,0,0.0
coef3,2,2,2,0.7,0.2,140,15373,11438,0,0,0.0
coef3,2,2,2,0.7,0.2,141,15482,11529,0,0,0.0
coef3,2,2,2,0.7,0.2,142,15592,11621,0,0,0.0
coef3,2,2,2,0.7,0.2,143,15702,11713,0,0,0.0
coef3,2,2,2,0.7,0.2,144,15812,11805,0,0,0.0
coef3,2,2,2,0.7,0.2,145,15922,11897,0,0,0.0
coef3,2,2,2,0.7,0.2,146,16031,11989,0,0,0.0
coef3,2,2,2,0.7,0.2,147,16141,12082,0,0,0.0
coef3,2,2,2,0.7,0.2,148,16251,12175,0,0,0.0
coef3,2,2,2,0.7,0.2,149,16361,12269,0,0,0.0
coef3,2,2,2,0.7,0.2,150,16471,12362,0,0,0.0
coef3,2,2,2,0.7,0.2,151,16580,12455,0,0,0.0
coef3,2,2,2,0.7,0.2,152,16690,12549,0,0,0.0
coef3,2,2,2,0.7,0.2,153,16800,12643,0,0,0.0
coef3,2,2,2,0.7,0.2,154,16910,12738,0,0,0.0
coef3,2,2,2,0.7,0.2,155,17020,12833,0,0,0.0
coef3,2,2,2,0.7,0.2,156,17129,12927,0,0,0.0
coef3,2,2,2,0.7,0.2,157,17239,13022,0,0,0.0
coef3,2,2,2,0.7,0.2,158,17349,13117,0,0,0.0
coef3,2,2,2,0.7,0.2,159,17459,13213,0,0,0.0
coef3,2,2,2,0.7,0.2,160,17569,13309,0,0,0.0
coef3,2,2,2,0.7,0.2,161,17678,13404,0,0,0.0
coef3,2,2,2,0.7,0.2,162,17788,13500,0,0,0.0
coef3,2,2,2,0.7,0.2,163,17898,13597,0,0,0.0
coef3,2,2,2,0.7,0.2,164,18008,13694,0,0,0.0
coef3,2,2,2,0.7,0.2,165,18118,13791,0,0,0.0
coef3,2,2,2,0.7,0.2,166,18227,13887,0,0,0.0
coef3,2,2,2,0.7,0.2,167,18337,13985,0,0,0.0
coef3,2,2,2,0.7,0.2,168,18447,14082,0,0,0.0
coef3,2,2,2,0.7,0.2,169,18557,14180,0,0,0.0
coef3,2,2,2,0.7,0.2,170,18667,14279,0,0,0.0
coef3,2,2,2,0.7,0.2,171,18776,14376,0,0,0.0
coef3,2,2,2,0.7,0.2,172,18886,14475,0,0,0.0
coef3,2,2,2,0.7,0.2,173,18996,14574,0,0,0.0
coef3,2,2,2,0.7,0.2,174,19106,14674,0,0,0.0
coef3,2,2,2,0.7,0.2,175,19216,14773,0,0,0.0
coef3,2,2,2,0.7,0.2,176,19325,14872,0,0,0.0
coef3,2,2,2,0.7,0.2,177,19435,14972,0,0,0.0
coef3,2,2,2,0.7,0.2,178,19545,15073,0,0,0.0
coef3,2,2,2,0.7,0.2,179,19655,15173,0,0,0.0
coef3,2,2,2,0.7,0.2,180,19765,15274,0,0,0.0
coef3,2,2,2,0.7,0.2,181,19875,15375,0,0,0.0
coef3,2,2,2,0.7,0.2,182,19984,15476,0,0,0.0
coef3,2,2,2,0.7,0.2,183,20094,15577,0,0,0.0
coef3,2,2,2,0.7,0.2,184,20204,15679,0,0,0.0
coef3,2,2,2,0.7,0.2,185,20314,15782,0,0,0.0
coef3,2,2,2,0.7,0.2,186,20424,15884,0,0,0.0
coef3,2,2,2,0.7,0.2,187,20533,15986,0,0,0.0
coef3,2,2,2,0.7,0.2,188,20643,16089,0,0,0.0
coef3,2,2,2,0.7,0.2,189,20753,16192,0,0,0.0
coef3,2,2,2,0.7,0.2,190,20863,16296,0,0,0.0
coef3,2,2,2,0.7,0.2,191,20973,16400,0,0,0.0
coef3,2,2,2,0.7,0.2,192,21082,16503,0,0,0.0
coef3,2,2,2,0.7,0.2,193,21192,16608,0,0,0.0
coef3,2,2,2,0.7,0.2,194,21302,16712,0,0,0.0
coef3,2,2,2,0.7,0.2,195,21412,16817,0,0,0.0
coef3,2,2,2,0.7,0.2,196,21522,16923,0,0,0.0
coef3,2,2,2,0.7,0.2,197,21631,17027,0,0,0.0
coef3,2,2,2,0.7,0.2,198,21741,17133,0,0,0.0
coef3,2,2,2,0.7,0.2,199,21851,17239,0,0,0.0
coef3,2,2,2,0.7,0.2,200,21961,17346,0,0,0.0
coef3,2,2,2,0.7,0.2,201,22071,17453,0,0,0.0
coef3,2,2,2,0.7,0.2,202,22180,17559,0,0,0.0
coef3,2,2,2,0.7,0.2,203,22290,17666,0,0,0.0
coef3,2,2,2,0.7,0.2,204,22400,17774,0,0,0.0
coef3,2,2,2,0.7,0.2,205,22510,17882,0,0,0.0
coef3,2,2,2,0.7,0.2,206,22620,17990,0,0,0.0
coef3,2,2,2,0.7,0.2,207,22729,18098,0,0,0.0
coef3,2,2,2,0.7,0.2,208,22839,18207,0,0,0.0
coef3,2,2,2,0.7,0.2,209,22949,18316,0,0,0.0
coef3,2,2,2,0.7,0.2,210,23059,18425,0,0,0.0
coef3,2,2,2,0.7,0.2,211,23169,18535,0,0,0.0
coef3,2,2,2,0.7,0.2,212,23278,18644,0,0,0.0
coef3,2,2,2,0.7,0.2,213,23388,18755,0,0,0.0
coef3,2,2,2,0.7,0.2,214,23498,18866,0,0,0.0
coef3,2,2,2,0.7,0.2,215,23608,18977,0,0,0.0
coef3,2,2,2,0.7,0.2,216,23718,19088,0,0,0.0
coef3,2,2,2,0.7,0.2,217,23827,19199,0,0,0.0
coef3,2,2,2,0.7,0.2,218,23937,19311,0,0,0.0
coef3,2,2,2,0.7,0.2,219,24047,19423,0,0,0.0
coef3,2,2,2,0.7,0.2,220,24157,19536,0,0,0.0
coef3,2,2,2,0.7,0.2,221,24267,19649,0,0,0.0
coef3,2,2,2,0.7,0.2,222,24376,19762,0,0,0.0
coef3,2,2,2,0.7,0.2,223,24486,19875,0,0,0.0
coef3,2,2,2,0.7,0.2,224,24596,19989,0,0,0.0
coef3,2,2,2,0.7,0.2,225,24706,20104,0,0,0.0
coef3,2,2,2,0.7,0.2,226,24816,20218,0,0,0.0
coef3,2,2,2,0.7,0.2,227,24925,20332,0,0,0.0
coef3,2,2,2,0.7,0.2,228,25035,20448,0,0,0.0
coef3,2,2,2,0.7,0.2,229,25145,20563,0,0,0.0
coef3,2,2,2,0.7,0.2,230,25255,20679,0,0,0.0
coef3,2,2,2,0.7,0.2,231,25365,20796,0,0,0.0
coef3,2,2,2,0.7,0.2,232,25475,20912,0,0,0.0
coef3,2,2,2,0.7,0.2,233,25584,21028,0,0,0.0
coef3,2,2,2,0.7,0.2,234,25694,21146,0,0,0.0
coef3,2,2,2,0.7,0.2,235,25804,21264,0,0,0.0
coef3,2,2,2,0.7,0.2,236,25914,21382,0,0,0.0
coef3,2,2,2,0.7,0.2,237,26024,21500,0,0,0.0
coef3,2,2,2,0.7,0.2,238,26133,21618,0,0,0.0
coef3,2,2,2,0.7,0.2,239,26243,21737,0,0,0.0
coef3,2,2,2,0.7,0.2,240,26353,21857,0,0,0.0
coef3,2,2,2,0.7,0.2,241,26463,21976,0,0,0.0
coef3,2,2,2,0.7,0.2,242,26573,22097,0,0,0.0
coef3,2,2,2,0.7,0.2,243,26682,22216,0,0,0.0
coef3,2,2,2,0.7,0.2,244,26792,22337,0,0,0.0
coef3,2,2,2,0.7,0.2,245,26902,22458,0,0,0.0
coef3,2,2,2,0.7,0.2,246,27012,22580,0,0,0.0
coef3,2,2,2,0.7,0.2,247,27122,22702,0,0,0.0
coef3,2,2,2,0.7,0.2,248,27231,22823,0,0,0.0
coef3,2,2,2,0.7,0.2,249,27341,22946,0,0,0.0
coef3,2,2,2,0.7,0.2,250,27451,23069,0,0,0.0
coef3,2,2,2,0.7,0.2,251,27561,23193,0,0,0.0
coef3,2,2,2,0.7,0.2,252,27671,23317,0,0,0.0
coef3,2,2,2,0.7,0.2,253,27780,23440,0,0,0.0
coef3,2,2,2,0.7,0.2,254,27890,23564,0,0,0.0
coef3,2,2,2,0.7,0.2,255,28000,23689,0,0,0.0
coef3,3,2,3,0.7,0.21,0,0,0,0,0,0.0
coef3,3,2,3,0.7,0.21,1,110,77,0,0,0.0
coef3,3,2,3,0.7,0.21,2,220,154,0,0,0.0
coef3,3,2,3,0.7,0.21,3,329,230,0,0,0.0
coef3,3,2,3,0.7,0.21,4,439,307,0,0,0.0
coef3,3,2,3,0.7,0.21,5,549,384,0,0,0.0
coef3,3,2,3,0.7,0.21,6,659,461,0,0,0.0
coef3,3,2,3,0.7,0.21,7,769,538,0,0,0.0
coef3,3,2,3,0.7,0.21,8,878,615,0,0,0.0
coef3,3,2,3,0.7,0.21,9,988,692,0,0,0.0
coef3,3,2,3,0.7,0.21,10,1098,769,0,0,0.0
coef3,3,2,3,0.7,0.21,11,1208,846,0,0,0.0
coef3,3,2,3,0.7,0.21,12,1318,923,0,0,0.0
coef3,3,2,3,0.7,0.21,13,1427,999,0,0,0.0
coef3,3,2,3,0.7,0.21,14,1537,1077,0,0,0.0
coef3,3,2,3,0.7,0.21,15,1647,1154,0,0,0.0
coef3,3,2,3,0.7,0.21,16,1757,1231,0,0,0.0
coef3,3,2,3,0.7,0.21,17,1867,1308,0,0,0.0
coef3,3,2,3,0.7,0.21,18,1976,1385,0,0,0.0
coef3,3,2,3,0.7,0.21,19,2086,1462,0,0,0.0
coef3,3,2,3,0.7,0.21,20,2196,1539,0,0,0.0
coef3,3,2,3,0.7,0.21,21,2306,1617,0,0,0.0
coef3,3,2,3,0.7,0.21,22,2416,1694,0,0,0.0
coef3,3,2,3,0.7,0.21,23,2525,1771,0,0,0.0
coef3,3,2,3,0.7,0.21,24,2635,1848,0,0,0.0
coef3,3,2,3,0.7,0.21,25,2745,1926,0,0,1.0
coef3,3,2,3,0.7,0.21,26,2855,2003,0,0,0.0
coef3,3,2,3,0.7,0.21,27,2965,2081,0,0,1.0
coef3,3,2,3,0.7,0.21,28,3075,2158,0,0,0.0
coef3,3,2,3,0.7,0.21,29,3184,2235,0,0,0.0
coef3,3,2,3,0.7,0.21,30,3294,2313,0,0,1.0
coef3,3,2,3,0.7,0.21,31,3404,2391,0,0,1.0
coef3,3,2,3,0.7,0.21,32,3514,2468,0,0,0.0
coef3,3,2,3,0.7,0.21,33,3624,2546,0,0,0.0
coef3,3,2,3,0.7,0.21,34,3733,2623,0,0,0.0
coef3,3,2,3,0.7,0.21,35,3843,2701,0,0,0.0
coef3,3,2,3,0.7,0.21,36,3953,2779,0,0,0.0
coef3,3,2,3,0.7,0.21,37,4063,2857,0,0,0.0
coef3,3,2,3,0.7,0.21,38,4173,2935,0,0,0.0
coef3,3,2,3,0.7,0.21,39,4282,3013,0,0,1.0
coef3,3,2,3,0.7,0.21,40,4392,3091,0,0,1.0
coef3,3,2,3,0.7,0.21,41,4502,3169,0,0,1.0
coef3,3,2,3,0.7,0.21,42,4612,3248,0,0,1.0
coef3,3,2,3,0.7,0.21,43,4722,3326,0,0,1.0
coef3,3,2,3,0.7,0.21,44,4831,3404,0,0,1.0
coef3,3,2,3,0.7,0.21,45,4941,3482,0,0,1.0
coef3,3,2,3,0.7,0.21,46,5051,3561,0,0,1.0
coef3,3,2,3,0.7,0.21,47,5161,3640,0,0,2.0
coef3,3,2,3,0.7,0.21,48,5271,3718,0,0,1.0
coef3,3,2,3,0.7,0.21,49,5380,3797,0,0,2.0
coef3,3,2,3,0.7,0.21,50,5490,3875,0,0,1.0
coef3,3,2,3,0.7,0.21,51,5600,3954,0,0,1.0
coef3,3,2,3,0.7,0.21,52,5710,4033,0,0,1.0
coef3,3,2,3,0.7,0.21,53,5820,4113,0,0,2.0
coef3,3,2,3,0.7,0.21,54,5929,4191,0,0,2.0
coef3,3,2,3,0.7,0.21,55,6039,4270,0,0,2.0
coef3,3,2,3,0.7,0.21,56,6149,4350,0,0,2.0
coef3,3,2,3,0.7,0.21,57,6259,4429,0,0,2.0
coef3,3,2,3,0.7,0.21,58,6369,4509,0,0,2.0
coef3,3,2,3,0.7,0.21,59,6478,4588,0,0,3.0
coef3,3,2,3,0.7,0.21,60,6588,4668,0,0,3.0
coef3,3,2,3,0.7,0.21,61,6698,4747,0,0,2.0
coef3,3,2,3,0.7,0.21,62,6808,4827,0,0,3.0
coef3,3,2,3,0.7,0.21,63,6918,4907,0,0,3.0
coef3,3,2,3,0.7,0.21,64,7027,4987,0,0,3.0
coef3,3,2,3,0.7,0.21,65,7137,5067,0,0,3.0
coef3,3,2,3,0.7,0.21,66,7247,5147,0,0,3.0
coef3,3,2,3,0.7,0.21,67,7357,5228,0,0,4.0
coef3,3,2,3,0.7,0.21,68,7467,5308,0,0,3.0
coef3,3,2,3,0.7,0.21,69,7576,5388,0,0,4.0
coef3,3,2,3,0.7,0.21,70,7686,5469,0,0,4.0
coef3,3,2,3,0.7,0.21,71,7796,5550,0,0,4.0
coef3,3,2,3,0.7,0.21,72,7906,5631,0,0,5.0
coef3,3,2,3,0.7,0.21,73,8016,5712,0,0,5.0
coef3,3,2,3,0.7,0.21,74,8125,5792,0,0,4.0
coef3,3,2,3,0.7,0.21,75,8235,5874,0,0,5.0
coef3,3,2,3,0.7,0.21,76,8345,5955,0,0,5.0
coef3,3,2,3,0.7,0.21,77,8455,6037,0,0,6.0
coef3,3,2,3,0.7,0.21,78,8565,6118,0,0,5.0
coef3,3,2,3,0.7,0.21,79,8675,6200,0,0,6.0
coef3,3,2,3,0.7,0.21,80,8784,6281,0,0,6.0
coef3,3,2,3,0.7,0.21,81,8894,6364,0,0,7.0
coef3,3,2,3,0.7,0.21,82,9004,6446,0,0,7.0
coef3,3,2,3,0.7,0.21,83,9114,6528,0,0,7.0
coef3,3,2,3,0.7,0.21,84,9224,6610,0,0,7.0
coef3,3,2,3,0.7,0.21,85,9333,6692,0,0,7.0
coef3,3,2,3,0.7,0.21,86,9443,6775,0,0,8.0
coef3,3,2,3,0.7,0.21,87,9553,6858,0,0,8.0
coef3,3,2,3,0.7,0.21,88,9663,6941,0,0,9.0
coef3,3,2,3,0.7,0.21,89,9773,7024,0,0,9.0
coef3,3,2,3,0.7,0.21,90,9882,7106,0,0,9.0
coef3,3,2,3,0.7,0.21,91,9992,7190,0,0,10.0
coef3,3,2,3,0.7,0.21,92,10102,7273,0,0,9.0
coef3,3,2,3,0.7,0.21,93,10212,7357,0,0,10.0
coef3,3,2,3,0.7,0.21,94,10322,7441,0,0,11.0
coef3,3,2,3,0.7,0.21,95,10431,7524,0,0,11.0
coef3,3,2,3,0.7,0.21,96,10541,7608,0,0,11.0
coef3,3,2,3,0.7,0.21,97,10651,7692,0,0,11.0
coef3,3,2,3,0.7,0.21,98,10761,7777,0,0,12.0
coef3,3,2,3,0.7,0.21,99,10871,7861,0,0,12.0
coef3,3,2,3,0.7,0.21,100,10980,7945,0,0,12.0
coef3,3,2,3,0.7,0.21,101,11090,8030,0,0,13.0
coef3,3,2,3,0.7,0.21,102,11200,8115,0,0,13.0
coef3,3,2,3,0.7,0.21,103,11310,8200,0,0,13.0
coef3,3,2,3,0.7,0.21,104,11420,8285,0,0,13.0
coef3,3,2,3,0.7,0.21,105,11529,8370,0,0,14.0
coef3,3,2,3,0.7,0.21,106,11639,8456,0,0,15.0
coef3,3,2,3,0.7,0.21,107,11749,8542,0,0,15.0
coef3,3,2,3,0.7,0.21,108,11859,8628,0,0,16.0
coef3,3,2,3,0.7,0.21,109,11969,8714,0,0,16.0
coef3,3,2,3,0.7,0.21,110,12078,8799,0,0,16.0
coef3,3,2,3,0.7,0.21,111,12188,8886,0,0,17.0
coef3,3,2,3,0.7,0.21,112,12298,8973,0,0,18.0
coef3,3,2,3,0.7,0.21,113,12408,9059,0,0,17.0
coef3,3,2,3,0.7,0.21,114,12518,9146,0,0,18.0
coef3,3,2,3,0.7,0.21,115,12627,9233,0,0,19.0
coef3,3,2,3,0.7,0.21,116,12737,9320,0,0,19.0
coef3,3,2,3,0.7,0.21,117,12847,9408,0,0,20.0
coef3,3,2,3,0.7,0.21,118,12957,9495,0,0,20.0
coef3,3,2,3,0.7,0.21,119,13067,9583,0,0,20.0
coef3,3,2,3,0.7,0.21,120,13176,9671,0,0,22.0
coef3,3,2,3,0.7,0.21,121,13286,9759,0,0,22.0
coef3,3,2,3,0.7,0.21,122,13396,9848,0,0,23.0
coef3,3,2,3,0.7,0.21,123,13506,9936,0,0,23.0
coef3,3,2,3,0.7,0.21,124,13616,10025,0,0,23.0
coef3,3,2,3,0.7,0.21,125,13725,10113,0,0,24.0
coef3,3,2,3,0.7,0.21,126,13835,10203,0,0,25.0
coef3,3,2,3,0.7,0.21,127,13945,10292,0,0,25.0
coef3,3,2,3,0.7,0.21,128,14055,10382,0,0,26.0
coef3,3,2,3,0.7,0.21,129,14165,10472,0,0,27.0
coef3,3,2,3,0.7,0.21,130,14275,10562,0,0,27.0
coef3,3,2,3,0.7,0.21,131,14384,10651,0,0,28.0
coef3,3,2,3,0.7,0.21,132,14494,10741,0,0,28.0
coef3,3,2,3,0.7,0.21,133,14604,10832,0,0,29.0
coef3,3,2,3,0.7,0.21,134,14714,10923,0,0,30.0
coef3,3,2,3,0.7,0.21,135,14824,11014,0,0,30.0
coef3,3,2,3,0.7,0.21,136,14933,11105,0,0,31.0
coef3,3,2,3,0.7,0.21,137,15043,11196,0,0,32.0
coef3,3,2,3,0.7,0.21,138,15153,11288,0,0,33.0
coef3,3,2,3,0.7,0.21,139,15263,11380,0,0,33.0
coef3,3,2,3,0.7,0.21,140,15373,11472,0,0,34.0
coef3,3,2,3,0.7,0.21,141,15482,11563,0,0,34.0
coef3,3,2,3,0.7,0.21,142,15592,11656,0,0,35.0
coef3,3,2,3,0.7,0.21,143,15702,11749,0,0,36.0
coef3,3,2,3,0.7,0.21,144,15812,11842,0,0,37.0
coef3,3,2,3,0.7,0.21,145,15922,11935,0,0,38.0
coef3,3,2,3,0.7,0.21,146,16031,12028,0,0,39.0
coef3,3,2,3,0.7,0.21,147,16141,12121,0,0,39.0
coef3,3,2,3,0.7,0.21,148,16251,12215,0,0,40.0
coef3,3,2,3,0.7,0.21,149,16361,12309,0,0,40.0
coef3,3,2,3,0.7,0.21,150,16471,12404,0,0,42.0
coef3,3,2,3,0.7,0.21,151,16580,12498,0,0,43.0
coef3,3,2,3,0.7,0.21,152,16690,12592,0,0,43.0
coef3,3,2,3,0.7,0.21,153,16800,12688,0,0,45.0
coef3,3,2,3,0.7,0.21,154,16910,12783,0,0,45.0
coef3,3,2,3,0.7,0.21,155,17020,12878,0,0,45.0
coef3,3,2,3,0.7,0.21,156,17129,12973,0,0,46.0
coef3,3,2,3,0.7,0.21,157,17239,13069,0,0,47.0
coef3,3,2,3,0.7,0.21,158,17349,13166,0,0,49.0
coef3,3,2,3,0.7,0.21,159,17459,13262,0,0,49.0
coef3,3,2,3,0.7,0.21,160,17569,13359,0,0,50.0
coef3,3,2,3,0.7,0.21,161,17678,13455,0,0,51.0
coef3,3,2,3,0.7,0.21,162,17788,13553,0,0,53.0
coef3,3,2,3,0.7,0.21,163,17898,13650,0,0,53.0
coef3,3,2,3,0.7,0.21,164,18008,13748,0,0,54.0
coef3,3,2,3,0.7,0.21,165,18118,13846,0,0,55.0
coef3,3,2,3,0.7,0.21,166,18227,13943,0,0,56.0
coef3,3,2,3,0.7,0.21,167,18337,14042,0,0,57.0
coef3,3,2,3,0.7,0.21,168,18447,14141,0,0,59.0
coef3,3,2,3,0.7,0.21,169,18557,14240,0,0,60.0
coef3,3,2,3,0.7,0.21,170,18667,14339,0,0,60.0
coef3,3,2,3,0.7,0.21,171,18776,14438,0,0,62.0
coef3,3,2,3,0.7,0.21,172,18886,14538,0,0,63.0
coef3,3,2,3,0.7,0.21,173,18996,14638,0,0,64.0
coef3,3,2,3,0.7,0.21,174,19106,14738,0,0,64.0
coef3,3,2,3,0.7,0.21,175,19216,14839,0,0,66.0
coef3,3,2,3,0.7,0.21,176,19325,14939,0,0,67.0
coef3,3,2,3,0.7,0.21,177,19435,15040,0,0,68.0
coef3,3,2,3,0.7,0.21,178,19545,15142,0,0,69.0
coef3,3,2,3,0.7,0.21,179,19655,15244,0,0,71.0
coef3,3,2,3,0.7,0.21,180,19765,15346,0,0,72.0
coef3,3,2,3,0.7,0.21,181,19875,15448,0,0,73.0
coef3,3,2,3,0.7,0.21,182,19984,15550,0,0,74.0
coef3,3,2,3,0.7,0.21,183,20094,15653,0,0,76.0
coef3,3,2,3,0.7,0.21,184,20204,15756,0,0,77.0
coef3,3,2,3,0.7,0.21,185,20314,15859,0,0,77.0
coef3,3,2,3,0.7,0.21,186,20424,15963,0,0,79.0
coef3,3,2,3,0.7,0.21,187,20533,16066,0,0,80.0
coef3,3,2,3,0.7,0.21,188,20643,16171,0,0,82.0
coef3,3,2,3,0.7,0.21,189,20753,16275,0,0,83.0
coef3,3,2,3,0.7,0.21,190,20863,16380,0,0,84.0
coef3,3,2,3,0.7,0.21,191,20973,16486,0,0,86.0
coef3,3,2,3,0.7,0.21,192,21082,16590,0,0,87.0
coef3,3,2,3,0.7,0.21,193,21192,16696,0,0,88.0
coef3,3,2,3,0.7,0.21,194,21302,16802,0,0,90.0
coef3,3,2,3,0.7,0.21,195,21412,16909,0,0,92.0
coef3,3,2,3,0.7,0.21,196,21522,17015,0,0,92.0
coef3,3,2,3,0.7,0.21,197,21631,17121,0,0,94.0
coef3,3,2,3,0.7,0.21,198,21741,17229,0,0,96.0
coef3,3,2,3,0.7,0.21,199,21851,17336,0,0,97.0
coef3,3,2,3,0.7,0.21,200,21961,17444,0,0,98.0
coef3,3,2,3,0.7,0.21,201,22071,17553,0,0,100.0
coef3,3,2,3,0.7,0.21,202,22180,17660,0,0,101.0
coef3,3,2,3,0.7,0.21,203,22290,17769,0,0,103.0
coef3,3,2,3,0.7,0.21,204,22400,17878,0,0,104.0
coef3,3,2,3,0.7,0.21,205,22510,17988,0,0,106.0
coef3,3,2,3,0.7,0.21,206,22620,18098,0,0,108.0
coef3,3,2,3,0.7,0.21,207,22729,18207,0,0,109.0
coef3,3,2,3,0.7,0.21,208,22839,18317,0,0,110.0
coef3,3,2,3,0.7,0.21,209,22949,18428,0,0,112.0
coef3,3,2,3,0.7,0.21,210,23059,18539,0,0,114.0
coef3,3,2,3,0.7,0.21,211,23169,18651,0,0,116.0
coef3,3,2,3,0.7,0.21,212,23278,18762,0,0,118.0
coef3,3,2,3,0.7,0.21,213,23388,18874,0,0,119.0
coef3,3,2,3,0.7,0.21,214,23498,18986,0,0,120.0
coef3,3,2,3,0.7,0.21,215,23608,19099,0,0,122.0
coef3,3,2,3,0.7,0.21,216,23718,19212,0,0,124.0
coef3,3,2,3,0.7,0.21,217,23827,19325,0,0,126.0
coef3,3,2,3,0.7,0.21,218,23937,19439,0,0,128.0
coef3,3,2,3,0.7,0.21,219,24047,19553,0,0,130.0
coef3,3,2,3,0.7,0.21,220,24157,19667,0,0,131.0
coef3,3,2,3,0.7,0.21,221,24267,19782,0,0,133.0
coef3,3,2,3,0.7,0.21,222,24376,19896,0,0,134.0
coef3,3,2,3,0.7,0.21,223,24486,20012,0,0,137.0
coef3,3,2,3,0.7,0.21,224,24596,20128,0,0,139.0
coef3,3,2,3,0.7,0.21,225,24706,20244,0,0,140.0
coef3,3,2,3,0.7,0.21,226,24816,20360,0,0,142.0
coef3,3,2,3,0.7,0.21,227,24925,20476,0,0,144.0
coef3,3,2,3,0.7,0.21,228,25035,20593,0,0,145.0
coef3,3,2,3,0.7,0.21,229,25145,20711,0,0,148.0
coef3,3,2,3,0.7,0.21,230,25255,20829,0,0,150.0
coef3,3,2,3,0.7,0.21,231,25365,20947,0,0,151.0
coef3,3,2,3,0.7,0.21,232,25475,21066,0,0,154.0
coef3,3,2,3,0.7,0.21,233,25584,21184,0,0,156.0
coef3,3,2,3,0.7,0.21,234,25694,21304,0,0,158.0
coef3,3,2,3,0.7,0.21,235,25804,21423,0,0,159.0
coef3,3,2,3,0.7,0.21,236,25914,21543,0,0,161.0
coef3,3,2,3,0.7,0.21,237,26024,21664,0,0,164.0
coef3,3,2,3,0.7,0.21,238,26133,21784,0,0,166.0
coef3,3,2,3,0.7,0.21,239,26243,21905,0,0,168.0
coef3,3,2,3,0.7,0.21,240,26353,22027,0,0,170.0
coef3,3,2,3,0.7,0.21,241,26463,22149,0,0,173.0
coef3,3,2,3,0.7,0.21,242,26573,22271,0,0,174.0
coef3,3,2,3,0.7,0.21,243,26682,22393,0,0,177.0
coef3,3,2,3,0.7,0.21,244,26792,22516,0,0,179.0
coef3,3,2,3,0.7,0.21,245,26902,22639,0,0,181.0
coef3,3,2,3,0.7,0.21,246,27012,22763,0,0,183.0
coef3,3,2,3,0.7,0.21,247,27122,22888,0,0,186.0
coef3,3,2,3,0.7,0.21,248,27231,23011,0,0,188.0
coef3,3,2,3,0.7,0.21,249,27341,23136,0,0,190.0
coef3,3,2,3,0.7,0.21,250,27451,23262,0,0,193.0
coef3,3,2,3,0.7,0.21,251,27561,23387,0,0,194.0
coef3,3,2,3,0.7,0.21,252,27671,23514,0,0,197.0
coef3,3,2,3,0.7,0.21,253,27780,23639,0,0,199.0
coef3,3,2,3,0.7,0.21,254,27890,23766,0,0,202.0
coef3,3,2,3,0.7,0.21,255,28000,23893,0,0,204.0
coef3,4,2,4,0.7,0.22,0,0,0,0,0,0.0
coef3,4,2,4,0.7,0.22,1,110,77,0,0,0.0
coef3,4,2,4,0.7,0.22,2,220,154,0,0,0.0
coef3,4,2,4,0.7,0.22,3,329,230,0,0,0.0
coef3,4,2,4,0.7,0.22,4,439,307,0,0,0.0
coef3,4,2,4,0.7,0.22,5,549,384,0,0,0.0
coef3,4,2,4,0.7,0.22,6,659,461,0,0,0.0
coef3,4,2,4,0.7,0.22,7,769,538,0,0,0.0
coef3,4,2,4,0.7,0.22,8,878,615,0,0,0.0
coef3,4,2,4,0.7,0.22,9,988,692,0,0,0.0
coef3,4,2,4,0.7,0.22,10,1098,769,0,0,0.0
coef3,4,2,4,0.7,0.22,11,1208,846,0,0,0.0
coef3,4,2,4,0.7,0.22,12,1318,923,0,0,0.0
coef3,4,2,4,0.7,0.22,13,1427,1000,0,0,1.0
coef3,4,2,4,0.7,0.22,14,1537,1077,0,0,0.0
coef3,4,2,4,0.7,0.22,15,1647,1154,0,0,0.0
coef3,4,2,4,0.7,0.22,16,1757,1231,0,0,0.0
coef3,4,2,4,0.7,0.22,17,1867,1308,0,0,0.0
coef3,4,2,4,0.7,0.22,18,1976,1385,0,0,0.0
coef3,4,2,4,0.7,0.22,19,2086,1462,0,0,0.0
coef3,4,2,4,0.7,0.22,20,2196,1539,0,0,0.0
coef3,4,2,4,0.7,0.22,21,2306,1617,0,0,0.0
coef3,4,2,4,0.7,0.22,22,2416,1694,0,0,0.0
coef3,4,2,4,0.7,0.22,23,2525,1771,0,0,0.0
coef3,4,2,4,0.7,0.22,24,2635,1848,0,0,0.0
coef3,4,2,4,0.7,0.22,25,2745,1926,0,0,1.0
coef3,4,2,4,0.7,0.22,26,2855,2003,0,0,0.0
coef3,4,2,4,0.7,0.22,27,2965,2081,0,0,1.0
coef3,4,2,4,0.7,0.22,28,3075,2158,0,0,0.0
coef3,4,2,4,0.7,0.22,29,3184,2235,0,0,0.0
coef3,4,2,4,0.7,0.22,30,3294,2313,0,0,1.0
coef3,4,2,4,0.7,0.22,31,3404,2391,0,0,1.0
coef3,4,2,4,0.7,0.22,32,3514,2469,0,0,1.0
coef3,4,2,4,0.7,0.22,33,3624,2547,0,0,1.0
coef3,4,2,4,0.7,0.22,34,3733,2624,0,0,1.0
coef3,4,2,4,0.7,0.22,35,3843,2702,0,0,1.0
coef3,4,2,4,0.7,0.22,36,3953,2780,0,0,1.0
coef3,4,2,4,0.7,0.22,37,4063,2858,0,0,1.0
coef3,4,2,4,0.7,0.22,38,4173,2936,0,0,1.0
coef3,4,2,4,0.7,0.22,39,4282,3014,0,0,2.0
coef3,4,2,4,0.7,0.22,40,4392,3092,0,0,2.0
coef3,4,2,4,0.7,0.22,41,4502,3170,0,0,2.0
coef3,4,2,4,0.7,0.22,42,4612,3249,0,0,2.0
coef3,4,2,4,0.7,0.22,43,4722,3327,0,0,2.0
coef3,4,2,4,0.7,0.22,44,4831,3405,0,0,2.0
coef3,4,2,4,0.7,0.22,45,4941,3483,0,0,2.0
coef3,4,2,4,0.7,0.22,46,5051,3562,0,0,2.0
coef3,4,2,4,0.7,0.22,47,5161,3641,0,0,3.0
coef3,4,2,4,0.7,0.22,48,5271,3720,0,0,3.0
coef3,4,2,4,0.7,0.22,49,5380,3798,0,0,3.0
coef3,4,2,4,0.7,0.22,50,5490,3877,0,0,3.0
coef3,4,2,4,0.7,0.22,51,5600,3956,0,0,3.0
coef3,4,2,4,0.7,0.22,52,5710,4035,0,0,3.0
coef3,4,2,4,0.7,0.22,53,5820,4114,0,0,3.0
coef3,4,2,4,0.7,0.22,54,5929,4193,0,0,4.0
coef3,4,2,4,0.7,0.22,55,6039,4272,0,0,4.0
coef3,4,2,4,0.7,0.22,56,6149,4352,0,0,4.0
coef3,4,2,4,0.7,0.22,57,6259,4432,0,0,5.0
coef3,4,2,4,0.7,0.22,58,6369,4511,0,0,4.0
coef3,4,2,4,0.7,0.22,59,6478,4590,0,0,5.0
coef3,4,2,4,0.7,0.22,60,6588,4670,0,0,5.0
coef3,4,2,4,0.7,0.22,61,6698,4750,0,0,5.0
coef3,4,2,4,0.7,0.22,62,6808,4830,0,0,6.0
coef3,4,2,4,0.7,0.22,63,6918,4911,0,0,7.0
coef3,4,2,4,0.7,0.22,64,7027,4990,0,0,6.0
coef3,4,2,4,0.7,0.22,65,7137,5070,0,0,6.0
coef3,4,2,4,0.7,0.22,66,7247,5151,0,0,7.0
coef3,4,2,4,0.7,0.22,67,7357,5232,0,0,8.0
coef3,4,2,4,0.7,0.22,68,7467,5312,0,0,7.0
coef3,4,2,4,0.7,0.22,69,7576,5392,0,0,8.0
coef3,4,2,4,0.7,0.22,70,7686,5473,0,0,8.0
coef3,4,2,4,0.7,0.22,71,7796,5554,0,0,8.0
coef3,4,2,4,0.7,0.22,72,7906,5636,0,0,10.0
coef3,4,2,4,0.7,0.22,73,8016,5717,0,0,10.0
coef3,4,2,4,0.7,0.22,74,8125,5797,0,0,9.0
coef3,4,2,4,0.7,0.22,75,8235,5879,0,0,10.0
coef3,4,2,4,0.7,0.22,76,8345,5961,0,0,11.0
coef3,4,2,4,0.7,0.22,77,8455,6042,0,0,11.0
coef3,4,2,4,0.7,0.22,78,8565,6124,0,0,11.0
coef3,4,2,4,0.7,0.22,79,8675,6206,0,0,12.0
coef3,4,2,4,0.7,0.22,80,8784,6288,0,0,13.0
coef3,4,2,4,0.7,0.22,81,8894,6370,0,0,13.0
coef3,4,2,4,0.7,0.22,82,9004,6452,0,0,13.0
coef3,4,2,4,0.7,0.22,83,9114,6535,0,0,14.0
coef3,4,2,4,0.7,0.22,84,9224,6618,0,0,15.0
coef3,4,2,4,0.7,0.22,85,9333,6700,0,0,15.0
coef3,4,2,4,0.7,0.22,86,9443,6783,0,0,16.0
coef3,4,2,4,0.7,0.22,87,9553,6866,0,0,16.0
coef3,4,2,4,0.7,0.22,88,9663,6949,0,0,17.0
coef3,4,2,4,0.7,0.22,89,9773,7032,0,0,17.0
coef3,4,2,4,0.7,0.22,90,9882,7115,0,0,18.0
coef3,4,2,4,0.7,0.22,91,9992,7199,0,0,19.0
coef3,4,2,4,0.7,0.22,92,10102,7283,0,0,19.0
coef3,4,2,4,0.7,0.22,93,10212,7367,0,0,20.0
coef3,4,2,4,0.7,0.22,94,10322,7451,0,0,21.0
coef3,4,2,4,0.7,0.22,95,10431,7534,0,0,21.0
coef3,4,2,4,0.7,0.22,96,10541,7619,0,0,22.0
coef3,4,2,4,0.7,0.22,97,10651,7703,0,0,22.0
coef3,4,2,4,0.7,0.22,98,10761,7788,0,0,23.0
coef3,4,2,4,0.7,0.22,99,10871,7873,0,0,24.0
coef3,4,2,4,0.7,0.22,100,10980,7957,0,0,24.0
coef3,4,2,4,0.7,0.22,101,11090,8043,0,0,26.0
coef3,4,2,4,0.7,0.22,102,11200,8128,0,0,26.0
coef3,4,2,4,0.7,0.22,103,11310,8214,0,0,27.0
coef3,4,2,4,0.7,0.22,104,11420,8299,0,0,27.0
coef3,4,2,4,0.7,0.22,105,11529,8384,0,0,28.0
coef3,4,2,4,0.7,0.22,106,11639,8470,0,0,29.0
coef3,4,2,4,0.7,0.22,107,11749,8557,0,0,30.0
coef3,4,2,4,0.7,0.22,108,11859,8643,0,0,31.0
coef3,4,2,4,0.7,0.22,109,11969,8730,0,0,32.0
coef3,4,2,4,0.7,0.22,110,12078,8816,0,0,33.0
coef3,4,2,4,0.7,0.22,111,12188,8903,0,0,34.0
coef3,4,2,4,0.7,0.22,112,12298,8990,0,0,35.0
coef3,4,2,4,0.7,0.22,113,12408,9077,0,0,35.0
coef3,4,2,4,0.7,0.22,114,12518,9165,0,0,37.0
coef3,4,2,4,0.7,0.22,115,12627,9252,0,0,38.0
coef3,4,2,4,0.7,0.22,116,12737,9339,0,0,38.0
coef3,4,2,4,0.7,0.22,117,12847,9427,0,0,39.0
coef3,4,2,4,0.7,0.22,118,12957,9516,0,0,41.0
coef3,4,2,4,0.7,0.22,119,13067,9604,0,0,41.0
coef3,4,2,4,0.7,0.22,120,13176,9692,0,0,43.0
coef3,4,2,4,0.7,0.22,121,13286,9781,0,0,44.0
coef3,4,2,4,0.7,0.22,122,13396,9870,0,0,45.0
coef3,4,2,4,0.7,0.22,123,13506,9959,0,0,46.0
coef3,4,2,4,0.7,0.22,124,13616,10049,0,0,47.0
coef3,4,2,4,0.7,0.22,125,13725,10137,0,0,48.0
coef3,4,2,4,0.7,0.22,126,13835,10227,0,0,49.0
coef3,4,2,4,0.7,0.22,127,13945,10317,0,0,50.0
coef3,4,2,4,0.7,0.22,128,14055,10408,0,0,52.0
coef3,4,2,4,0.7,0.22,129,14165,10498,0,0,53.0
coef3,4,2,4,0.7,0.22,130,14275,10589,0,0,54.0
coef3,4,2,4,0.7,0.22,131,14384,10679,0,0,56.0
coef3,4,2,4,0.7,0.22,132,14494,10770,0,0,57.0
coef3,4,2,4,0.7,0.22,133,14604,10861,0,0,58.0
coef3,4,2,4,0.7,0.22,134,14714,10953,0,0,60.0
coef3,4,2,4,0.7,0.22,135,14824,11044,0,0,60.0
coef3,4,2,4,0.7,0.22,136,14933,11136,0,0,62.0
coef3,4,2,4,0.7,0.22,137,15043,11228,0,0,64.0
coef3,4,2,4,0.7,0.22,138,15153,11320,0,0,65.0
coef3,4,2,4,0.7,0.22,139,15263,11413,0,0,66.0
coef3,4,2,4,0.7,0.22,140,15373,11506,0,0,68.0
coef3,4,2,4,0.7,0.22,141,15482,11598,0,0,69.0
coef3,4,2,4,0.7,0.22,142,15592,11691,0,0,70.0
coef3,4,2,4,0.7,0.22,143,15702,11785,0,0,72.0
coef3,4,2,4,0.7,0.22,144,15812,11879,0,0,74.0
coef3,4,2,4,0.7,0.22,145,15922,11973,0,0,76.0
coef3,4,2,4,0.7,0.22,146,16031,12066,0,0,77.0
coef3,4,2,4,0.7,0.22,147,16141,12161,0,0,79.0
coef3,4,2,4,0.7,0.22,148,16251,12255,0,0,80.0
coef3,4,2,4,0.7,0.22,149,16361,12350,0,0,81.0
coef3,4,2,4,0.7,0.22,150,16471,12445,0,0,83.0
coef3,4,2,4,0.7,0.22,151,16580,12540,0,0,85.0
coef3,4,2,4,0.7,0.22,152,16690,12636,0,0,87.0
coef3,4,2,4,0.7,0.22,153,16800,12732,0,0,89.0
coef3,4,2,4,0.7,0.22,154,16910,12828,0,0,90.0
coef3,4,2,4,0.7,0.22,155,17020,12924,0,0,91.0
coef3,4,2,4,0.7,0.22,156,17129,13020,0,0,93.0
coef3,4,2,4,0.7,0.22,157,17239,13117,0,0,95.0
coef3,4,2,4,0.7,0.22,158,17349,13214,0,0,97.0
coef3,4,2,4,0.7,0.22,159,17459,13312,0,0,99.0
coef3,4,2,4,0.7,0.22,160,17569,13410,0,0,101.0
coef3,4,2,4,0.7,0.22,161,17678,13507,0,0,103.0
coef3,4,2,4,0.7,0.22,162,17788,13605,0,0,105.0
coef3,4,2,4,0.7,0.22,163,17898,13704,0,0,107.0
coef3,4,2,4,0.7,0.22,164,18008,13802,0,0,108.0
coef3,4,2,4,0.7,0.22,165,18118,13901,0,0,110.0
coef3,4,2,4,0.7,0.22,166,18227,14000,0,0,113.0
coef3,4,2,4,0.7,0.22,167,18337,14099,0,0,114.0
coef3,4,2,4,0.7,0.22,168,18447,14199,0,0,117.0
coef3,4,2,4,0.7,0.22,169,18557,14299,0,0,119.0
coef3,4,2,4,0.7,0.22,170,18667,14400,0,0,121.0
coef3,4,2,4,0.7,0.22,171,18776,14500,0,0,124.0
coef3,4,2,4,0.7,0.22,172,18886,14601,0,0,126.0
coef3,4,2,4,0.7,0.22,173,18996,14702,0,0,128.0
coef3,4,2,4,0.7,0.22,174,19106,14803,0,0,129.0
coef3,4,2,4,0.7,0.22,175,19216,14905,0,0,132.0
coef3,4,2,4,0.7,0.22,176,19325,15006,0,0,134.0
coef3,4,2,4,0.7,0.22,177,19435,15109,0,0,137.0
coef3,4,2,4,0.7,0.22,178,19545,15212,0,0,139.0
coef3,4,2,4,0.7,0.22,179,19655,15315,0,0,142.0
coef3,4,2,4,0.7,0.22,180,19765,15418,0,0,144.0
coef3,4,2,4,0.7,0.22,181,19875,15521,0,0,146.0
coef3,4,2,4,0.7,0.22,182,19984,15624,0,0,148.0
coef3,4,2,4,0.7,0.22,183,20094,15728,0,0,151.0
coef3,4,2,4,0.7,0.22,184,20204,15833,0,0,154.0
coef3,4,2,4,0.7,0.22,185,20314,15938,0,0,156.0
coef3,4,2,4,0.7,0.22,186,20424,16043,0,0,159.0
coef3,4,2,4,0.7,0.22,187,20533,16147,0,0,161.0
coef3,4,2,4,0.7,0.22,188,20643,16253,0,0,164.0
coef3,4,2,4,0.7,0.22,189,20753,16359,0,0,167.0
coef3,4,2,4,0.7,0.22,190,20863,16465,0,0,169.0
coef3,4,2,4,0.7,0.22,191,20973,16572,0,0,172.0
coef3,4,2,4,0.7,0.22,192,21082,16677,0,0,174.0
coef3,4,2,4,0.7,0.22,193,21192,16785,0,0,177.0
coef3,4,2,4,0.7,0.22,194,21302,16892,0,0,180.0
coef3,4,2,4,0.7,0.22,195,21412,17000,0,0,183.0
coef3,4,2,4,0.7,0.22,196,21522,17108,0,0,185.0
coef3,4,2,4,0.7,0.22,197,21631,17216,0,0,189.0
coef3,4,2,4,0.7,0.22,198,21741,17325,0,0,192.0
coef3,4,2,4,0.7,0.22,199,21851,17434,0,0,195.0
coef3,4,2,4,0.7,0.22,200,21961,17543,0,0,197.0
coef3,4,2,4,0.7,0.22,201,22071,17653,0,0,200.0
coef3,4,2,4,0.7,0.22,202,22180,17762,0,0,203.0
coef3,4,2,4,0.7,0.22,203,22290,17872,0,0,206.0
coef3,4,2,4,0.7,0.22,204,22400,17983,0,0,209.0
coef3,4,2,4,0.7,0.22,205,22510,18094,0,0,212.0
coef3,4,2,4,0.7,0.22,206,22620,18206,0,0,216.0
coef3,4,2,4,0.7,0.22,207,22729,18316,0,0,218.0
coef3,4,2,4,0.7,0.22,208,22839,18429,0,0,222.0
coef3,4,2,4,0.7,0.22,209,22949,18541,0,0,225.0
coef3,4,2,4,0.7,0.22,210,23059,18654,0,0,229.0
coef3,4,2,4,0.7,0.22,211,23169,18767,0,0,232.0
coef3,4,2,4,0.7,0.22,212,23278,18879,0,0,235.0
coef3,4,2,4,0.7,0.22,213,23388,18993,0,0,238.0
coef3,4,2,4,0.7,0.22,214,23498,19107,0,0,241.0
coef3,4,2,4,0.7,0.22,215,23608,19222,0,0,245.0
coef3,4,2,4,0.7,0.22,216,23718,19337,0,0,249.0
coef3,4,2,4,0.7,0.22,217,23827,19451,0,0,252.0
coef3,4,2,4,0.7,0.22,218,23937,19566,0,0,255.0
coef3,4,2,4,0.7,0.22,219,24047,19682,0,0,259.0
coef3,4,2,4,0.7,0.22,220,24157,19799,0,0,263.0
coef3,4,2,4,0.7,0.22,221,24267,19915,0,0,266.0
coef3,4,2,4,0.7,0.22,222,24376,20031,0,0,269.0
coef3,4,2,4,0.7,0.22,223,24486,20149,0,0,274.0
coef3,4,2,4,0.7,0.22,224,24596,20266,0,0,277.0
coef3,4,2,4,0.7,0.22,225,24706,20384,0,0,280.0
coef3,4,2,4,0.7,0.22,226,24816,20503,0,0,285.0
coef3,4,2,4,0.7,0.22,227,24925,20621,0,0,289.0
coef3,4,2,4,0.7,0.22,228,25035,20740,0,0,292.0
coef3,4,2,4,0.7,0.22,229,25145,20859,0,0,296.0
coef3,4,2,4,0.7,0.22,230,25255,20979,0,0,300.0
coef3,4,2,4,0.7,0.22,231,25365,21100,0,0,304.0
coef3,4,2,4,0.7,0.22,232,25475,21220,0,0,308.0
coef3,4,2,4,0.7,0.22,233,25584,21340,0,0,312.0
coef3,4,2,4,0.7,0.22,234,25694,21462,0,0,316.0
coef3,4,2,4,0.7,0.22,235,25804,21583,0,0,319.0
coef3,4,2,4,0.7,0.22,236,25914,21706,0,0,324.0
coef3,4,2,4,0.7,0.22,237,26024,21828,0,0,328.0
coef3,4,2,4,0.7,0.22,238,26133,21950,0,0,332.0
coef3,4,2,4,0.7,0.22,239,26243,22074,0,0,337.0
coef3,4,2,4,0.7,0.22,240,26353,22197,0,0,340.0
coef3,4,2,4,0.7,0.22,241,26463,22321,0,0,345.0
coef3,4,2,4,0.7,0.22,242,26573,22446,0,0,349.0
coef3,4,2,4,0.7,0.22,243,26682,22570,0,0,354.0
coef3,4,2,4,0.7,0.22,244,26792,22695,0,0,358.0
coef3,4,2,4,0.7,0.22,245,26902,22821,0,0,363.0
coef3,4,2,4,0.7,0.22,246,27012,22947,0,0,367.0
coef3,4,2,4,0.7,0.22,247,27122,23074,0,0,372.0
coef3,4,2,4,0.7,0.22,248,27231,23199,0,0,376.0
coef3,4,2,4,0.7,0.22,249,27341,23327,0,0,381.0
coef3,4,2,4,0.7,0.22,250,27451,23454,0,0,385.0
coef3,4,2,4,0.7,0.22,251,27561,23583,0,0,390.0
coef3,4,2,4,0.7,0.22,252,27671,23711,0,0,394.0
coef3,4,2,4,0.7,0.22,253,27780,23839,0,0,399.0
coef3,4,2,4,0.7,0.22,254,27890,23968,0,0,404.0
coef3,4,2,4,0.7,0.22,255,28000,24098,0,0,409.0
